[Licensing::Module] Trying to connect to existing licensing client channel...
Built from '6000.2/staging' branch; Version is '6000.2.10f1 (d3d30d158480) revision 13882125'; Using compiler version '194234433'; Build Type 'Release'
OS: 'Windows 11  (10.0.26100) 64bit Core' Language: 'ko' Physical Memory: 32373 MB
[Licensing::IpcConnector] Successfully connected to: "LicenseClient-lands" at "2025-11-17T07:42:04.1304606Z"
BatchMode: 1, IsHumanControllingUs: 0, StartBugReporterOnCrash: 0, Is64bit: 1
Date: 2025-11-17T07:42:04Z

COMMAND LINE ARGUMENTS:
C:\Program Files\Unity\Hub\Editor\6000.2.10f1\Editor\Unity.exe
-adb2
-batchMode
-noUpm
-name
AssetImportWorker2
-projectPath
C:/Users/lands/Desktop/Unity/Enchant
-logFile
Logs/AssetImportWorker2.log
-srvPort
64514
-licensingIpc
LicenseClient-lands
-job-worker-count
5
-background-job-worker-count
8
-gc-helper-count
1
-name
AssetImport
Successfully changed project path to: C:/Users/lands/Desktop/Unity/Enchant
C:/Users/lands/Desktop/Unity/Enchant
[UnityMemory] Configuration Parameters - Can be set up in boot.config
    "memorysetup-allocator-temp-initial-block-size-main=262144"
    "memorysetup-allocator-temp-initial-block-size-worker=262144"
    "memorysetup-bucket-allocator-granularity=16"
    "memorysetup-bucket-allocator-bucket-count=8"
    "memorysetup-bucket-allocator-block-size=33554432"
    "memorysetup-bucket-allocator-block-count=8"
    "memorysetup-main-allocator-block-size=16777216"
    "memorysetup-thread-allocator-block-size=16777216"
    "memorysetup-gfx-main-allocator-block-size=16777216"
    "memorysetup-gfx-thread-allocator-block-size=16777216"
    "memorysetup-cache-allocator-block-size=4194304"
    "memorysetup-typetree-allocator-block-size=2097152"
    "memorysetup-profiler-bucket-allocator-granularity=16"
    "memorysetup-profiler-bucket-allocator-bucket-count=8"
    "memorysetup-profiler-bucket-allocator-block-size=33554432"
    "memorysetup-profiler-bucket-allocator-block-count=8"
    "memorysetup-profiler-allocator-block-size=16777216"
    "memorysetup-profiler-editor-allocator-block-size=1048576"
    "memorysetup-temp-allocator-size-main=16777216"
    "memorysetup-job-temp-allocator-block-size=2097152"
    "memorysetup-job-temp-allocator-block-size-background=1048576"
    "memorysetup-job-temp-allocator-reduction-small-platforms=262144"
    "memorysetup-temp-allocator-size-background-worker=32768"
    "memorysetup-temp-allocator-size-job-worker=262144"
    "memorysetup-temp-allocator-size-preload-manager=33554432"
    "memorysetup-temp-allocator-size-nav-mesh-worker=65536"
    "memorysetup-temp-allocator-size-audio-worker=65536"
    "memorysetup-temp-allocator-size-cloud-worker=32768"
    "memorysetup-temp-allocator-size-gi-baking-worker=262144"
    "memorysetup-temp-allocator-size-gi-baking-worker=262144"
    "memorysetup-temp-allocator-size-gi-baking-worker=262144"
    "memorysetup-temp-allocator-size-gi-baking-worker=262144"
    "memorysetup-temp-allocator-size-gi-baking-worker=262144"
    "memorysetup-temp-allocator-size-gfx=262144"
Player connection [31292]  Target information:

Player connection [31292]  * "[IP] 192.168.0.6 [Port] 0 [Flags] 2 [Guid] 1258635309 [EditorId] 1258635309 [Version] 1048832 [Id] WindowsEditor(7,DESKTOP-CDJNT19) [Debug] 1 [PackageName] WindowsEditor [ProjectName] Editor" 

Player connection [31292] Host joined multi-casting on [225.0.0.222:54997]...
Player connection [31292] Host joined alternative multi-casting on [225.0.0.222:34997]...
JobSystem: Creating JobQueue using job-worker-count value 5
Input System module state changed to: Initialized.
[Physics::Module] Initialized fallback backend.
[Physics::Module] Id: 0xdecafbad
[Licensing::Client] Code 10 while verifying Licensing Client signature (process Id: 384, path: "C:/Program Files/Unity Hub/UnityLicensingClient_V1/Unity.Licensing.Client.exe")
[Licensing::Module] LicensingClient has failed validation; ignoring
[Licensing::Client] Handshaking with LicensingClient:
  Version:                 1.17.3+a4e98f1
  Session Id:              6e4e13f80ee44a42ac8f63b698cc5ab8
  Correlation Id:          2029246757aa59aa7aebcbb1783028f6
  External correlation Id: 1957956891996209307
  Machine Id:              49qchL2vnkiwi53mgKNqBKkeaUA=
[Licensing::Module] Successfully connected to LicensingClient on channel: "LicenseClient-lands" (connect: 0.00s, validation: 0.00s, handshake: 0.03s)
[Licensing::IpcConnector] Successfully connected to: "LicenseClient-lands-notifications" at "2025-11-17T07:42:04.1581346Z"
[Licensing::Module] Licensing Background thread has ended after 0.03s
Library Redirect Path: Library/
[Physics::Module] Selected backend.
[Physics::Module] Name: PhysX
[Physics::Module] Id: 0xf2b8ea05
[Physics::Module] SDK Version: 4.1.2
[Physics::Module] Integration Version: 1.0.0
[Physics::Module] Threading Mode: Multi-Threaded
Refreshing native plugins compatible for Editor in 2.71 ms, found 4 plugins.
Preloading 0 native plugins for Editor in 0.00 ms.
Initialize engine version: 6000.2.10f1 (d3d30d158480)
[Subsystems] Discovering subsystems at path C:/Program Files/Unity/Hub/Editor/6000.2.10f1/Editor/Data/Resources/UnitySubsystems
[Subsystems] Discovering subsystems at path C:/Users/lands/Desktop/Unity/Enchant/Assets
GfxDevice: creating device client; kGfxThreadingModeNonThreaded
Direct3D:
    Version:  Direct3D 11.0 [level 11.1]
    Renderer: NVIDIA GeForce RTX 4060 Ti (ID=0x2803)
    Vendor:   NVIDIA
    VRAM:     7949 MB
    Driver:   32.0.15.7216
Initialize mono
Mono path[0] = 'C:/Program Files/Unity/Hub/Editor/6000.2.10f1/Editor/Data/Managed'
Mono path[1] = 'C:/Program Files/Unity/Hub/Editor/6000.2.10f1/Editor/Data/MonoBleedingEdge/lib/mono/unityjit-win32'
Mono config path = 'C:/Program Files/Unity/Hub/Editor/6000.2.10f1/Editor/Data/MonoBleedingEdge/etc'
Using monoOptions --debugger-agent=transport=dt_socket,embedding=1,server=y,suspend=n,address=127.0.0.1:56420
Begin MonoManager ReloadAssembly
Registering precompiled unity dll's ...
Register platform support module: C:/Program Files/Unity/Hub/Editor/6000.2.10f1/Editor/Data/PlaybackEngines/WindowsStandaloneSupport/UnityEditor.WindowsStandalone.Extensions.dll
Registered in 0.001159 seconds.
- Loaded All Assemblies, in  0.260 seconds
Native extension for WindowsStandalone target not found
Mono: successfully reloaded assembly
- Finished resetting the current domain, in  0.213 seconds
Domain Reload Profiling: 471ms
	BeginReloadAssembly (88ms)
		ExecutionOrderSort (0ms)
		DisableScriptedObjects (0ms)
		BackupInstance (0ms)
		ReleaseScriptingObjects (0ms)
		CreateAndSetChildDomain (1ms)
	RebuildCommonClasses (25ms)
	RebuildNativeTypeToScriptingClass (9ms)
	initialDomainReloadingComplete (34ms)
	LoadAllAssembliesAndSetupDomain (102ms)
		LoadAssemblies (86ms)
		RebuildTransferFunctionScriptingTraits (0ms)
		AnalyzeDomain (100ms)
			TypeCache.Refresh (99ms)
				TypeCache.ScanAssembly (90ms)
			BuildScriptInfoCaches (0ms)
			ResolveRequiredComponents (0ms)
	FinalizeReload (213ms)
		ReleaseScriptCaches (0ms)
		RebuildScriptCaches (0ms)
		SetupLoadedEditorAssemblies (183ms)
			LogAssemblyErrors (0ms)
			InitializePlatformSupportModulesInManaged (29ms)
			SetLoadedEditorAssemblies (2ms)
			BeforeProcessingInitializeOnLoad (41ms)
			ProcessInitializeOnLoadAttributes (78ms)
			ProcessInitializeOnLoadMethodAttributes (33ms)
			AfterProcessingInitializeOnLoad (0ms)
			EditorAssembliesLoaded (0ms)
		ExecutionOrderSort2 (0ms)
		AwakeInstancesAfterBackupRestoration (0ms)
========================================================================
Worker process is ready to serve import requests
Import Worker Mode flag is 0x00
Begin MonoManager ReloadAssembly
[Licensing::Client] Successfully resolved entitlement details
[Licensing::Module] License group:
  Id: 14568553265188-UnityPersXXXX
  Product: Unity Personal
  Type: Assigned
  Expiration: Unlimited
- Loaded All Assemblies, in  0.499 seconds
Refreshing native plugins compatible for Editor in 0.94 ms, found 4 plugins.
Native extension for WindowsStandalone target not found
Package Manager log level set to [2]
[Package Manager] Failed to launch server process. Reason: Unity was launched with the -noUpm command-line argument
[Package Manager] Unable to send message (not connected to server process).
[Package Manager] Cannot connect to Unity Package Manager local server
Mono: successfully reloaded assembly
- Finished resetting the current domain, in  0.478 seconds
Domain Reload Profiling: 974ms
	BeginReloadAssembly (121ms)
		ExecutionOrderSort (0ms)
		DisableScriptedObjects (4ms)
		BackupInstance (0ms)
		ReleaseScriptingObjects (0ms)
		CreateAndSetChildDomain (24ms)
	RebuildCommonClasses (23ms)
	RebuildNativeTypeToScriptingClass (8ms)
	initialDomainReloadingComplete (24ms)
	LoadAllAssembliesAndSetupDomain (320ms)
		LoadAssemblies (213ms)
		RebuildTransferFunctionScriptingTraits (0ms)
		AnalyzeDomain (171ms)
			TypeCache.Refresh (125ms)
				TypeCache.ScanAssembly (115ms)
			BuildScriptInfoCaches (37ms)
			ResolveRequiredComponents (6ms)
	FinalizeReload (478ms)
		ReleaseScriptCaches (0ms)
		RebuildScriptCaches (0ms)
		SetupLoadedEditorAssemblies (390ms)
			LogAssemblyErrors (0ms)
			InitializePlatformSupportModulesInManaged (1ms)
			SetLoadedEditorAssemblies (2ms)
			BeforeProcessingInitializeOnLoad (80ms)
			ProcessInitializeOnLoadAttributes (235ms)
			ProcessInitializeOnLoadMethodAttributes (69ms)
			AfterProcessingInitializeOnLoad (3ms)
			EditorAssembliesLoaded (0ms)
		ExecutionOrderSort2 (0ms)
		AwakeInstancesAfterBackupRestoration (4ms)
Launched and connected shader compiler UnityShaderCompiler.exe after 0.01 seconds
Refreshing native plugins compatible for Editor in 1.58 ms, found 4 plugins.
Preloading 0 native plugins for Editor in 0.00 ms.
Unloading 13 Unused Serialized files (Serialized files now loaded: 0)
Unloading 6772 unused Assets / (4.4 MB). Loaded Objects now: 7503.
Memory consumption went from 142.4 MB to 138.0 MB.
Total: 11.402700 ms (FindLiveObjects: 1.105300 ms CreateObjectMapping: 1.083700 ms MarkObjects: 6.306300 ms  DeleteObjects: 2.906100 ms)

========================================================================
Received Import Request.
  Time since last request: 314191.434980 seconds.
  path: Assets/Prefabs/UI/UIManager.prefab
  artifactKey: Guid(cf58ca26d69faf147be346f41138d592) Importer(815301076,1909f56bfc062723c751e8b465ee728b)
Start importing Assets/Prefabs/UI/UIManager.prefab using Guid(cf58ca26d69faf147be346f41138d592) Importer(815301076,1909f56bfc062723c751e8b465ee728b) (PreviewImporter) -> (artifact id: 'e7549931f719d0ed47f94d7068f40d41') in 0.0245002 seconds
Number of updated asset objects reloaded before import = 0Number of asset objects unloaded after import = 4

========================================================================
Received Import Request.
  Time since last request: 0.935443 seconds.
  path: Assets/Prefabs/UI/UIManager.prefab
  artifactKey: Guid(cf58ca26d69faf147be346f41138d592) Importer(2089858483,192608db42251d675da83286b1cce702)
Start importing Assets/Prefabs/UI/UIManager.prefab using Guid(cf58ca26d69faf147be346f41138d592) Importer(2089858483,192608db42251d675da83286b1cce702) (ScriptedImporter) -> (artifact id: 'ebd3f5dab54008d11389012a4c22f2bc') in 0.1289608 seconds
Number of updated asset objects reloaded before import = 0Number of asset objects unloaded after import = 4

========================================================================
Received Import Request.
  Time since last request: 28.516837 seconds.
  path: Assets/Prefabs/UI/UIManager.prefab
  artifactKey: Guid(cf58ca26d69faf147be346f41138d592) Importer(815301076,1909f56bfc062723c751e8b465ee728b)
Start importing Assets/Prefabs/UI/UIManager.prefab using Guid(cf58ca26d69faf147be346f41138d592) Importer(815301076,1909f56bfc062723c751e8b465ee728b) (PreviewImporter) -> (artifact id: '37cf255eee4eaf7f3e7a51e15c98040f') in 0.0018837 seconds
Number of updated asset objects reloaded before import = 0Number of asset objects unloaded after import = 5

========================================================================
Received Import Request.
  Time since last request: 0.958449 seconds.
  path: Assets/Prefabs/UI/UIManager.prefab
  artifactKey: Guid(cf58ca26d69faf147be346f41138d592) Importer(2089858483,192608db42251d675da83286b1cce702)
Start importing Assets/Prefabs/UI/UIManager.prefab using Guid(cf58ca26d69faf147be346f41138d592) Importer(2089858483,192608db42251d675da83286b1cce702) (ScriptedImporter) -> (artifact id: '5eeaaf4e670901af3e3f56d2d3c005eb') in 0.0270095 seconds
Number of updated asset objects reloaded before import = 0Number of asset objects unloaded after import = 5

========================================================================
Received Prepare
Refreshing native plugins compatible for Editor in 2.08 ms, found 4 plugins.
Preloading 0 native plugins for Editor in 0.00 ms.
Unloading 13 Unused Serialized files (Serialized files now loaded: 0)
Unloading 6761 unused Assets / (4.9 MB). Loaded Objects now: 7507.
Memory consumption went from 140.9 MB to 136.1 MB.
Total: 13.167000 ms (FindLiveObjects: 1.186600 ms CreateObjectMapping: 1.171700 ms MarkObjects: 7.213200 ms  DeleteObjects: 3.594400 ms)

Prepare: number of updated asset objects reloaded= 0
========================================================================
Received Import Request.
  Time since last request: 26.756823 seconds.
  path: Assets/Scripts/UI/ResourceUI.cs
  artifactKey: Guid(58f69e69361ae2b4a8c545cced884c9c) Importer(815301076,1909f56bfc062723c751e8b465ee728b)
Start importing Assets/Scripts/UI/ResourceUI.cs using Guid(58f69e69361ae2b4a8c545cced884c9c) Importer(815301076,1909f56bfc062723c751e8b465ee728b) (PreviewImporter) -> (artifact id: 'fb82a05d10abb32b958273b0fb73a670') in 0.0053558 seconds
Number of updated asset objects reloaded before import = 0Number of asset objects unloaded after import = 0

========================================================================
Received Import Request.
  Time since last request: 0.119038 seconds.
  path: Assets/Scripts/UI/ResourceUI.cs
  artifactKey: Guid(58f69e69361ae2b4a8c545cced884c9c) Importer(2089858483,192608db42251d675da83286b1cce702)
Start importing Assets/Scripts/UI/ResourceUI.cs using Guid(58f69e69361ae2b4a8c545cced884c9c) Importer(2089858483,192608db42251d675da83286b1cce702) (ScriptedImporter) -> (artifact id: 'acfee0a46eb1509e51b0507121be2fb6') in 0.0094746 seconds
Number of updated asset objects reloaded before import = 0Number of asset objects unloaded after import = 0

========================================================================
Received Prepare
Refreshing native plugins compatible for Editor in 1.66 ms, found 4 plugins.
Preloading 0 native plugins for Editor in 0.00 ms.
Unloading 13 Unused Serialized files (Serialized files now loaded: 0)
Unloading 6761 unused Assets / (4.5 MB). Loaded Objects now: 7507.
Memory consumption went from 141.0 MB to 136.5 MB.
Total: 12.895200 ms (FindLiveObjects: 1.306400 ms CreateObjectMapping: 1.291500 ms MarkObjects: 7.100100 ms  DeleteObjects: 3.196000 ms)

Prepare: number of updated asset objects reloaded= 0
========================================================================
Received Import Request.
  Time since last request: 44.231897 seconds.
  path: Assets/Scripts/UI/ItemSlot.cs
  artifactKey: Guid(80e2123b76122194499ee2cb98c8b23c) Importer(2089858483,192608db42251d675da83286b1cce702)
Start importing Assets/Scripts/UI/ItemSlot.cs using Guid(80e2123b76122194499ee2cb98c8b23c) Importer(2089858483,192608db42251d675da83286b1cce702) (ScriptedImporter) -> (artifact id: '71a3cafe28ce33876abc59852076e0f3') in 0.0165798 seconds
Number of updated asset objects reloaded before import = 0Number of asset objects unloaded after import = 0

========================================================================
Received Prepare
Refreshing native plugins compatible for Editor in 1.58 ms, found 4 plugins.
Preloading 0 native plugins for Editor in 0.00 ms.
Unloading 13 Unused Serialized files (Serialized files now loaded: 0)
Unloading 6761 unused Assets / (4.4 MB). Loaded Objects now: 7507.
Memory consumption went from 141.0 MB to 136.6 MB.
Total: 12.839500 ms (FindLiveObjects: 1.130200 ms CreateObjectMapping: 1.247100 ms MarkObjects: 7.230800 ms  DeleteObjects: 3.230300 ms)

Prepare: number of updated asset objects reloaded= 0
========================================================================
Received Import Request.
  Time since last request: 8.390158 seconds.
  path: Assets/Scripts/UI/ItemSlot.cs
  artifactKey: Guid(80e2123b76122194499ee2cb98c8b23c) Importer(2089858483,192608db42251d675da83286b1cce702)
Start importing Assets/Scripts/UI/ItemSlot.cs using Guid(80e2123b76122194499ee2cb98c8b23c) Importer(2089858483,192608db42251d675da83286b1cce702) (ScriptedImporter) -> (artifact id: '3eb80363d2ccfa8e8ff2e9091f53bb10') in 0.016753 seconds
Number of updated asset objects reloaded before import = 0Number of asset objects unloaded after import = 0

========================================================================
Received Prepare
Refreshing native plugins compatible for Editor in 1.78 ms, found 4 plugins.
Preloading 0 native plugins for Editor in 0.00 ms.
Unloading 13 Unused Serialized files (Serialized files now loaded: 0)
Unloading 6761 unused Assets / (4.4 MB). Loaded Objects now: 7507.
Memory consumption went from 141.0 MB to 136.6 MB.
Total: 12.483700 ms (FindLiveObjects: 1.124900 ms CreateObjectMapping: 1.170200 ms MarkObjects: 7.179700 ms  DeleteObjects: 3.008100 ms)

Prepare: number of updated asset objects reloaded= 0
========================================================================
Received Import Request.
  Time since last request: 9.483303 seconds.
  path: Assets/Scripts/UI/ItemSlot.cs
  artifactKey: Guid(80e2123b76122194499ee2cb98c8b23c) Importer(2089858483,192608db42251d675da83286b1cce702)
Start importing Assets/Scripts/UI/ItemSlot.cs using Guid(80e2123b76122194499ee2cb98c8b23c) Importer(2089858483,192608db42251d675da83286b1cce702) (ScriptedImporter) -> (artifact id: '1f148dbaf5bcafa3dfbcd68d20e4f83a') in 0.0158059 seconds
Number of updated asset objects reloaded before import = 0Number of asset objects unloaded after import = 0

========================================================================
Received Prepare
Refreshing native plugins compatible for Editor in 1.51 ms, found 4 plugins.
Preloading 0 native plugins for Editor in 0.00 ms.
Unloading 13 Unused Serialized files (Serialized files now loaded: 0)
Unloading 6761 unused Assets / (6.2 MB). Loaded Objects now: 7507.
Memory consumption went from 141.0 MB to 134.8 MB.
Total: 19.155400 ms (FindLiveObjects: 1.361000 ms CreateObjectMapping: 1.413800 ms MarkObjects: 11.455300 ms  DeleteObjects: 4.923600 ms)

Prepare: number of updated asset objects reloaded= 0
========================================================================
Received Import Request.
  Time since last request: 292.667135 seconds.
  path: Assets/Scripts/UI/ResourceUI.cs
  artifactKey: Guid(58f69e69361ae2b4a8c545cced884c9c) Importer(2089858483,192608db42251d675da83286b1cce702)
Start importing Assets/Scripts/UI/ResourceUI.cs using Guid(58f69e69361ae2b4a8c545cced884c9c) Importer(2089858483,192608db42251d675da83286b1cce702) (ScriptedImporter) -> (artifact id: '27d828aa3e62245b1e48d0b591959888') in 0.0168941 seconds
Number of updated asset objects reloaded before import = 0Number of asset objects unloaded after import = 0

========================================================================
Received Prepare
Refreshing native plugins compatible for Editor in 2.33 ms, found 4 plugins.
Preloading 0 native plugins for Editor in 0.00 ms.
Unloading 13 Unused Serialized files (Serialized files now loaded: 0)
Unloading 6761 unused Assets / (4.4 MB). Loaded Objects now: 7507.
Memory consumption went from 141.0 MB to 136.6 MB.
Total: 14.475600 ms (FindLiveObjects: 1.172600 ms CreateObjectMapping: 1.560600 ms MarkObjects: 8.273400 ms  DeleteObjects: 3.467300 ms)

Prepare: number of updated asset objects reloaded= 0
========================================================================
Received Import Request.
  Time since last request: 17.314364 seconds.
  path: Assets/Scripts/UI/ResourceUI.cs
  artifactKey: Guid(58f69e69361ae2b4a8c545cced884c9c) Importer(815301076,1909f56bfc062723c751e8b465ee728b)
Start importing Assets/Scripts/UI/ResourceUI.cs using Guid(58f69e69361ae2b4a8c545cced884c9c) Importer(815301076,1909f56bfc062723c751e8b465ee728b) (PreviewImporter) -> (artifact id: 'a09092c298bd1514ec452cacf74bd1c7') in 0.0088873 seconds
Number of updated asset objects reloaded before import = 0Number of asset objects unloaded after import = 0

========================================================================
Received Import Request.
  Time since last request: 0.627208 seconds.
  path: Assets/Scripts/UI/ResourceUI.cs
  artifactKey: Guid(58f69e69361ae2b4a8c545cced884c9c) Importer(2089858483,192608db42251d675da83286b1cce702)
Start importing Assets/Scripts/UI/ResourceUI.cs using Guid(58f69e69361ae2b4a8c545cced884c9c) Importer(2089858483,192608db42251d675da83286b1cce702) (ScriptedImporter) -> (artifact id: 'd64b53b2044e641fc86454a97c6d14b7') in 0.0140557 seconds
Number of updated asset objects reloaded before import = 0Number of asset objects unloaded after import = 0

========================================================================
Received Prepare
Begin MonoManager ReloadAssembly
[Licensing::Client] Successfully resolved entitlement details
- Loaded All Assemblies, in  0.502 seconds
Refreshing native plugins compatible for Editor in 0.84 ms, found 4 plugins.
Native extension for WindowsStandalone target not found
[Package Manager] Failed to launch server process. Reason: Unity was launched with the -noUpm command-line argument
[Package Manager] Unable to send message (not connected to server process).
[Package Manager] Cannot connect to Unity Package Manager local server
Mono: successfully reloaded assembly
- Finished resetting the current domain, in  0.491 seconds
Domain Reload Profiling: 994ms
	BeginReloadAssembly (170ms)
		ExecutionOrderSort (0ms)
		DisableScriptedObjects (12ms)
		BackupInstance (0ms)
		ReleaseScriptingObjects (0ms)
		CreateAndSetChildDomain (54ms)
	RebuildCommonClasses (23ms)
	RebuildNativeTypeToScriptingClass (9ms)
	initialDomainReloadingComplete (19ms)
	LoadAllAssembliesAndSetupDomain (282ms)
		LoadAssemblies (217ms)
		RebuildTransferFunctionScriptingTraits (0ms)
		AnalyzeDomain (127ms)
			TypeCache.Refresh (6ms)
				TypeCache.ScanAssembly (0ms)
			BuildScriptInfoCaches (111ms)
			ResolveRequiredComponents (6ms)
	FinalizeReload (491ms)
		ReleaseScriptCaches (0ms)
		RebuildScriptCaches (0ms)
		SetupLoadedEditorAssemblies (392ms)
			LogAssemblyErrors (0ms)
			InitializePlatformSupportModulesInManaged (1ms)
			SetLoadedEditorAssemblies (2ms)
			BeforeProcessingInitializeOnLoad (97ms)
			ProcessInitializeOnLoadAttributes (245ms)
			ProcessInitializeOnLoadMethodAttributes (42ms)
			AfterProcessingInitializeOnLoad (4ms)
			EditorAssembliesLoaded (0ms)
		ExecutionOrderSort2 (0ms)
		AwakeInstancesAfterBackupRestoration (10ms)
Refreshing native plugins compatible for Editor in 2.29 ms, found 4 plugins.
Preloading 0 native plugins for Editor in 0.00 ms.
Unloading 13 Unused Serialized files (Serialized files now loaded: 0)
Unloading 6771 unused Assets / (4.7 MB). Loaded Objects now: 7511.
Memory consumption went from 144.0 MB to 139.3 MB.
Total: 12.413800 ms (FindLiveObjects: 1.161200 ms CreateObjectMapping: 1.460000 ms MarkObjects: 6.440800 ms  DeleteObjects: 3.350600 ms)

Prepare: number of updated asset objects reloaded= 0
========================================================================
Received Import Request.
  Time since last request: 6.882699 seconds.
  path: Assets/Scripts/UI/ResourceUI.cs
  artifactKey: Guid(58f69e69361ae2b4a8c545cced884c9c) Importer(815301076,1909f56bfc062723c751e8b465ee728b)
Start importing Assets/Scripts/UI/ResourceUI.cs using Guid(58f69e69361ae2b4a8c545cced884c9c) Importer(815301076,1909f56bfc062723c751e8b465ee728b) (PreviewImporter) -> (artifact id: '4f47551b84f94609dde92cdfc5bfbc07') in 0.007549 seconds
Number of updated asset objects reloaded before import = 0Number of asset objects unloaded after import = 0

========================================================================
Received Prepare
Begin MonoManager ReloadAssembly
[Licensing::Client] Successfully resolved entitlement details
- Loaded All Assemblies, in  0.485 seconds
Refreshing native plugins compatible for Editor in 0.89 ms, found 4 plugins.
Native extension for WindowsStandalone target not found
[Package Manager] Failed to launch server process. Reason: Unity was launched with the -noUpm command-line argument
[Package Manager] Unable to send message (not connected to server process).
[Package Manager] Cannot connect to Unity Package Manager local server
Mono: successfully reloaded assembly
- Finished resetting the current domain, in  0.479 seconds
Domain Reload Profiling: 965ms
	BeginReloadAssembly (155ms)
		ExecutionOrderSort (0ms)
		DisableScriptedObjects (12ms)
		BackupInstance (0ms)
		ReleaseScriptingObjects (0ms)
		CreateAndSetChildDomain (42ms)
	RebuildCommonClasses (23ms)
	RebuildNativeTypeToScriptingClass (9ms)
	initialDomainReloadingComplete (18ms)
	LoadAllAssembliesAndSetupDomain (281ms)
		LoadAssemblies (217ms)
		RebuildTransferFunctionScriptingTraits (0ms)
		AnalyzeDomain (123ms)
			TypeCache.Refresh (4ms)
				TypeCache.ScanAssembly (0ms)
			BuildScriptInfoCaches (109ms)
			ResolveRequiredComponents (6ms)
	FinalizeReload (479ms)
		ReleaseScriptCaches (0ms)
		RebuildScriptCaches (0ms)
		SetupLoadedEditorAssemblies (379ms)
			LogAssemblyErrors (0ms)
			InitializePlatformSupportModulesInManaged (1ms)
			SetLoadedEditorAssemblies (2ms)
			BeforeProcessingInitializeOnLoad (89ms)
			ProcessInitializeOnLoadAttributes (245ms)
			ProcessInitializeOnLoadMethodAttributes (38ms)
			AfterProcessingInitializeOnLoad (3ms)
			EditorAssembliesLoaded (0ms)
		ExecutionOrderSort2 (0ms)
		AwakeInstancesAfterBackupRestoration (10ms)
Refreshing native plugins compatible for Editor in 1.62 ms, found 4 plugins.
Preloading 0 native plugins for Editor in 0.00 ms.
Unloading 13 Unused Serialized files (Serialized files now loaded: 0)
Unloading 6771 unused Assets / (8.5 MB). Loaded Objects now: 7514.
Memory consumption went from 144.0 MB to 135.6 MB.
Total: 26.924300 ms (FindLiveObjects: 1.134500 ms CreateObjectMapping: 1.136700 ms MarkObjects: 8.307400 ms  DeleteObjects: 16.344500 ms)

Prepare: number of updated asset objects reloaded= 0
========================================================================
Received Prepare
Refreshing native plugins compatible for Editor in 1.83 ms, found 4 plugins.
Preloading 0 native plugins for Editor in 0.00 ms.
Unloading 13 Unused Serialized files (Serialized files now loaded: 0)
Unloading 6761 unused Assets / (4.4 MB). Loaded Objects now: 7514.
Memory consumption went from 144.2 MB to 139.8 MB.
Total: 12.114100 ms (FindLiveObjects: 1.185300 ms CreateObjectMapping: 1.217100 ms MarkObjects: 6.611000 ms  DeleteObjects: 3.099400 ms)

Prepare: number of updated asset objects reloaded= 0
========================================================================
Received Prepare
Refreshing native plugins compatible for Editor in 1.52 ms, found 4 plugins.
Preloading 0 native plugins for Editor in 0.00 ms.
Unloading 13 Unused Serialized files (Serialized files now loaded: 0)
Unloading 6761 unused Assets / (4.4 MB). Loaded Objects now: 7514.
Memory consumption went from 144.2 MB to 139.8 MB.
Total: 13.498500 ms (FindLiveObjects: 1.217400 ms CreateObjectMapping: 1.314500 ms MarkObjects: 7.253400 ms  DeleteObjects: 3.711800 ms)

Prepare: number of updated asset objects reloaded= 0
========================================================================
Received Prepare
Begin MonoManager ReloadAssembly
[Licensing::Client] Successfully resolved entitlement details
- Loaded All Assemblies, in  0.627 seconds
Refreshing native plugins compatible for Editor in 0.87 ms, found 4 plugins.
Native extension for WindowsStandalone target not found
[Package Manager] Failed to launch server process. Reason: Unity was launched with the -noUpm command-line argument
[Package Manager] Unable to send message (not connected to server process).
[Package Manager] Cannot connect to Unity Package Manager local server
Mono: successfully reloaded assembly
- Finished resetting the current domain, in  0.562 seconds
Domain Reload Profiling: 1190ms
	BeginReloadAssembly (187ms)
		ExecutionOrderSort (0ms)
		DisableScriptedObjects (13ms)
		BackupInstance (0ms)
		ReleaseScriptingObjects (0ms)
		CreateAndSetChildDomain (51ms)
	RebuildCommonClasses (31ms)
	RebuildNativeTypeToScriptingClass (15ms)
	initialDomainReloadingComplete (26ms)
	LoadAllAssembliesAndSetupDomain (369ms)
		LoadAssemblies (268ms)
		RebuildTransferFunctionScriptingTraits (0ms)
		AnalyzeDomain (171ms)
			TypeCache.Refresh (7ms)
				TypeCache.ScanAssembly (0ms)
			BuildScriptInfoCaches (151ms)
			ResolveRequiredComponents (9ms)
	FinalizeReload (563ms)
		ReleaseScriptCaches (0ms)
		RebuildScriptCaches (0ms)
		SetupLoadedEditorAssemblies (457ms)
			LogAssemblyErrors (0ms)
			InitializePlatformSupportModulesInManaged (1ms)
			SetLoadedEditorAssemblies (2ms)
			BeforeProcessingInitializeOnLoad (118ms)
			ProcessInitializeOnLoadAttributes (277ms)
			ProcessInitializeOnLoadMethodAttributes (52ms)
			AfterProcessingInitializeOnLoad (5ms)
			EditorAssembliesLoaded (0ms)
		ExecutionOrderSort2 (0ms)
		AwakeInstancesAfterBackupRestoration (13ms)
Refreshing native plugins compatible for Editor in 1.59 ms, found 4 plugins.
Preloading 0 native plugins for Editor in 0.00 ms.
Unloading 13 Unused Serialized files (Serialized files now loaded: 0)
Unloading 6771 unused Assets / (4.4 MB). Loaded Objects now: 7517.
Memory consumption went from 144.1 MB to 139.7 MB.
Total: 11.653200 ms (FindLiveObjects: 1.199900 ms CreateObjectMapping: 1.242200 ms MarkObjects: 6.198200 ms  DeleteObjects: 3.012000 ms)

Prepare: number of updated asset objects reloaded= 0
========================================================================
Received Prepare
Begin MonoManager ReloadAssembly
[Licensing::Client] Successfully resolved entitlement details
- Loaded All Assemblies, in  0.487 seconds
Refreshing native plugins compatible for Editor in 1.04 ms, found 4 plugins.
Native extension for WindowsStandalone target not found
[Package Manager] Failed to launch server process. Reason: Unity was launched with the -noUpm command-line argument
[Package Manager] Unable to send message (not connected to server process).
[Package Manager] Cannot connect to Unity Package Manager local server
Mono: successfully reloaded assembly
- Finished resetting the current domain, in  0.479 seconds
Domain Reload Profiling: 967ms
	BeginReloadAssembly (154ms)
		ExecutionOrderSort (0ms)
		DisableScriptedObjects (10ms)
		BackupInstance (0ms)
		ReleaseScriptingObjects (0ms)
		CreateAndSetChildDomain (38ms)
	RebuildCommonClasses (23ms)
	RebuildNativeTypeToScriptingClass (10ms)
	initialDomainReloadingComplete (19ms)
	LoadAllAssembliesAndSetupDomain (282ms)
		LoadAssemblies (227ms)
		RebuildTransferFunctionScriptingTraits (0ms)
		AnalyzeDomain (120ms)
			TypeCache.Refresh (4ms)
				TypeCache.ScanAssembly (0ms)
			BuildScriptInfoCaches (107ms)
			ResolveRequiredComponents (6ms)
	FinalizeReload (480ms)
		ReleaseScriptCaches (0ms)
		RebuildScriptCaches (0ms)
		SetupLoadedEditorAssemblies (377ms)
			LogAssemblyErrors (0ms)
			InitializePlatformSupportModulesInManaged (1ms)
			SetLoadedEditorAssemblies (2ms)
			BeforeProcessingInitializeOnLoad (88ms)
			ProcessInitializeOnLoadAttributes (241ms)
			ProcessInitializeOnLoadMethodAttributes (41ms)
			AfterProcessingInitializeOnLoad (3ms)
			EditorAssembliesLoaded (0ms)
		ExecutionOrderSort2 (0ms)
		AwakeInstancesAfterBackupRestoration (10ms)
Refreshing native plugins compatible for Editor in 1.50 ms, found 4 plugins.
Preloading 0 native plugins for Editor in 0.00 ms.
Unloading 13 Unused Serialized files (Serialized files now loaded: 0)
Unloading 6771 unused Assets / (4.7 MB). Loaded Objects now: 7520.
Memory consumption went from 144.1 MB to 139.4 MB.
Total: 13.092200 ms (FindLiveObjects: 1.127200 ms CreateObjectMapping: 1.234200 ms MarkObjects: 6.811600 ms  DeleteObjects: 3.918000 ms)

Prepare: number of updated asset objects reloaded= 0
========================================================================
Received Prepare
Refreshing native plugins compatible for Editor in 1.59 ms, found 4 plugins.
Preloading 0 native plugins for Editor in 0.00 ms.
Unloading 13 Unused Serialized files (Serialized files now loaded: 0)
Unloading 6761 unused Assets / (4.4 MB). Loaded Objects now: 7520.
Memory consumption went from 144.3 MB to 139.9 MB.
Total: 13.029400 ms (FindLiveObjects: 1.957200 ms CreateObjectMapping: 1.258000 ms MarkObjects: 6.564000 ms  DeleteObjects: 3.249100 ms)

Prepare: number of updated asset objects reloaded= 0
========================================================================
Received Prepare
Begin MonoManager ReloadAssembly
[Licensing::Client] Successfully resolved entitlement details
- Loaded All Assemblies, in  0.602 seconds
Refreshing native plugins compatible for Editor in 1.21 ms, found 4 plugins.
Native extension for WindowsStandalone target not found
[Package Manager] Failed to launch server process. Reason: Unity was launched with the -noUpm command-line argument
[Package Manager] Unable to send message (not connected to server process).
[Package Manager] Cannot connect to Unity Package Manager local server
Mono: successfully reloaded assembly
- Finished resetting the current domain, in  0.649 seconds
Domain Reload Profiling: 1251ms
	BeginReloadAssembly (180ms)
		ExecutionOrderSort (0ms)
		DisableScriptedObjects (9ms)
		BackupInstance (0ms)
		ReleaseScriptingObjects (0ms)
		CreateAndSetChildDomain (47ms)
	RebuildCommonClasses (26ms)
	RebuildNativeTypeToScriptingClass (14ms)
	initialDomainReloadingComplete (28ms)
	LoadAllAssembliesAndSetupDomain (353ms)
		LoadAssemblies (273ms)
		RebuildTransferFunctionScriptingTraits (0ms)
		AnalyzeDomain (156ms)
			TypeCache.Refresh (9ms)
				TypeCache.ScanAssembly (0ms)
			BuildScriptInfoCaches (137ms)
			ResolveRequiredComponents (6ms)
	FinalizeReload (649ms)
		ReleaseScriptCaches (0ms)
		RebuildScriptCaches (0ms)
		SetupLoadedEditorAssemblies (511ms)
			LogAssemblyErrors (0ms)
			InitializePlatformSupportModulesInManaged (2ms)
			SetLoadedEditorAssemblies (3ms)
			BeforeProcessingInitializeOnLoad (124ms)
			ProcessInitializeOnLoadAttributes (323ms)
			ProcessInitializeOnLoadMethodAttributes (53ms)
			AfterProcessingInitializeOnLoad (5ms)
			EditorAssembliesLoaded (0ms)
		ExecutionOrderSort2 (0ms)
		AwakeInstancesAfterBackupRestoration (14ms)
Refreshing native plugins compatible for Editor in 1.95 ms, found 4 plugins.
Preloading 0 native plugins for Editor in 0.00 ms.
Unloading 13 Unused Serialized files (Serialized files now loaded: 0)
Unloading 6771 unused Assets / (4.2 MB). Loaded Objects now: 7523.
Memory consumption went from 144.1 MB to 139.8 MB.
Total: 11.730600 ms (FindLiveObjects: 1.145800 ms CreateObjectMapping: 1.157800 ms MarkObjects: 6.395600 ms  DeleteObjects: 3.030400 ms)

Prepare: number of updated asset objects reloaded= 0
========================================================================
Received Prepare
Refreshing native plugins compatible for Editor in 1.74 ms, found 4 plugins.
Preloading 0 native plugins for Editor in 0.00 ms.
Unloading 13 Unused Serialized files (Serialized files now loaded: 0)
Unloading 6761 unused Assets / (4.3 MB). Loaded Objects now: 7523.
Memory consumption went from 144.2 MB to 140.0 MB.
Total: 11.617400 ms (FindLiveObjects: 1.107700 ms CreateObjectMapping: 1.152700 ms MarkObjects: 6.327200 ms  DeleteObjects: 3.028600 ms)

Prepare: number of updated asset objects reloaded= 0
========================================================================
Received Prepare
Begin MonoManager ReloadAssembly
- Loaded All Assemblies, in  0.601 seconds
Refreshing native plugins compatible for Editor in 0.90 ms, found 4 plugins.
Native extension for WindowsStandalone target not found
[Package Manager] Failed to launch server process. Reason: Unity was launched with the -noUpm command-line argument
[Package Manager] Unable to send message (not connected to server process).
[Package Manager] Cannot connect to Unity Package Manager local server
Mono: successfully reloaded assembly
- Finished resetting the current domain, in  0.601 seconds
Domain Reload Profiling: 1203ms
	BeginReloadAssembly (164ms)
		ExecutionOrderSort (0ms)
		DisableScriptedObjects (10ms)
		BackupInstance (0ms)
		ReleaseScriptingObjects (0ms)
		CreateAndSetChildDomain (38ms)
	RebuildCommonClasses (36ms)
	RebuildNativeTypeToScriptingClass (14ms)
	initialDomainReloadingComplete (24ms)
	LoadAllAssembliesAndSetupDomain (364ms)
		LoadAssemblies (252ms)
		RebuildTransferFunctionScriptingTraits (0ms)
		AnalyzeDomain (179ms)
			TypeCache.Refresh (9ms)
				TypeCache.ScanAssembly (0ms)
			BuildScriptInfoCaches (160ms)
			ResolveRequiredComponents (6ms)
	FinalizeReload (601ms)
		ReleaseScriptCaches (0ms)
		RebuildScriptCaches (0ms)
		SetupLoadedEditorAssemblies (492ms)
			LogAssemblyErrors (0ms)
			InitializePlatformSupportModulesInManaged (1ms)
			SetLoadedEditorAssemblies (3ms)
			BeforeProcessingInitializeOnLoad (126ms)
			ProcessInitializeOnLoadAttributes (304ms)
			ProcessInitializeOnLoadMethodAttributes (52ms)
			AfterProcessingInitializeOnLoad (5ms)
			EditorAssembliesLoaded (0ms)
		ExecutionOrderSort2 (0ms)
		AwakeInstancesAfterBackupRestoration (10ms)
Refreshing native plugins compatible for Editor in 1.50 ms, found 4 plugins.
Preloading 0 native plugins for Editor in 0.00 ms.
Unloading 13 Unused Serialized files (Serialized files now loaded: 0)
Unloading 6771 unused Assets / (4.3 MB). Loaded Objects now: 7526.
Memory consumption went from 144.2 MB to 139.9 MB.
Total: 11.562300 ms (FindLiveObjects: 1.113900 ms CreateObjectMapping: 1.170900 ms MarkObjects: 6.213700 ms  DeleteObjects: 3.062800 ms)

Prepare: number of updated asset objects reloaded= 0
========================================================================
Received Prepare
Begin MonoManager ReloadAssembly
[Licensing::Client] Successfully resolved entitlement details
- Loaded All Assemblies, in  0.837 seconds
Refreshing native plugins compatible for Editor in 2.18 ms, found 4 plugins.
Native extension for WindowsStandalone target not found
[Package Manager] Failed to launch server process. Reason: Unity was launched with the -noUpm command-line argument
[Package Manager] Unable to send message (not connected to server process).
[Package Manager] Cannot connect to Unity Package Manager local server
Mono: successfully reloaded assembly
- Finished resetting the current domain, in  0.881 seconds
Domain Reload Profiling: 1723ms
	BeginReloadAssembly (175ms)
		ExecutionOrderSort (0ms)
		DisableScriptedObjects (11ms)
		BackupInstance (0ms)
		ReleaseScriptingObjects (0ms)
		CreateAndSetChildDomain (42ms)
	RebuildCommonClasses (29ms)
	RebuildNativeTypeToScriptingClass (9ms)
	initialDomainReloadingComplete (20ms)
	LoadAllAssembliesAndSetupDomain (609ms)
		LoadAssemblies (430ms)
		RebuildTransferFunctionScriptingTraits (0ms)
		AnalyzeDomain (249ms)
			TypeCache.Refresh (5ms)
				TypeCache.ScanAssembly (0ms)
			BuildScriptInfoCaches (202ms)
			ResolveRequiredComponents (35ms)
	FinalizeReload (882ms)
		ReleaseScriptCaches (0ms)
		RebuildScriptCaches (0ms)
		SetupLoadedEditorAssemblies (623ms)
			LogAssemblyErrors (0ms)
			InitializePlatformSupportModulesInManaged (2ms)
			SetLoadedEditorAssemblies (7ms)
			BeforeProcessingInitializeOnLoad (170ms)
			ProcessInitializeOnLoadAttributes (386ms)
			ProcessInitializeOnLoadMethodAttributes (53ms)
			AfterProcessingInitializeOnLoad (4ms)
			EditorAssembliesLoaded (0ms)
		ExecutionOrderSort2 (0ms)
		AwakeInstancesAfterBackupRestoration (14ms)
Refreshing native plugins compatible for Editor in 2.14 ms, found 4 plugins.
Preloading 0 native plugins for Editor in 0.00 ms.
Unloading 13 Unused Serialized files (Serialized files now loaded: 0)
Unloading 6771 unused Assets / (4.6 MB). Loaded Objects now: 7529.
Memory consumption went from 144.2 MB to 139.6 MB.
Total: 12.909400 ms (FindLiveObjects: 1.143200 ms CreateObjectMapping: 1.415600 ms MarkObjects: 6.605000 ms  DeleteObjects: 3.744000 ms)

Prepare: number of updated asset objects reloaded= 0
========================================================================
Received Import Request.
  Time since last request: 3113.350141 seconds.
  path: Assets/Prefabs/UI/ItemSlot.prefab
  artifactKey: Guid(8e7c29890627698459e8cf7eb43db9a4) Importer(815301076,1909f56bfc062723c751e8b465ee728b)
Start importing Assets/Prefabs/UI/ItemSlot.prefab using Guid(8e7c29890627698459e8cf7eb43db9a4) Importer(815301076,1909f56bfc062723c751e8b465ee728b) (PreviewImporter) -> (artifact id: '8813088e7fc81d6da1bc261f519ed8f0') in 0.2120753 seconds
Number of updated asset objects reloaded before import = 0Number of asset objects unloaded after import = 35

========================================================================
Received Import Request.
  Time since last request: 3.362207 seconds.
  path: Assets/Prefabs/UI/ItemSlot.prefab
  artifactKey: Guid(8e7c29890627698459e8cf7eb43db9a4) Importer(815301076,1909f56bfc062723c751e8b465ee728b)
Start importing Assets/Prefabs/UI/ItemSlot.prefab using Guid(8e7c29890627698459e8cf7eb43db9a4) Importer(815301076,1909f56bfc062723c751e8b465ee728b) (PreviewImporter) -> (artifact id: '1439d30fdbdecbbaa3079e9e8cf2b39a') in 0.1299125 seconds
Number of updated asset objects reloaded before import = 0Number of asset objects unloaded after import = 35

========================================================================
Received Import Request.
  Time since last request: 7.713146 seconds.
  path: Assets/Prefabs/UI/ItemSlot.prefab
  artifactKey: Guid(8e7c29890627698459e8cf7eb43db9a4) Importer(815301076,1909f56bfc062723c751e8b465ee728b)
Start importing Assets/Prefabs/UI/ItemSlot.prefab using Guid(8e7c29890627698459e8cf7eb43db9a4) Importer(815301076,1909f56bfc062723c751e8b465ee728b) (PreviewImporter) -> (artifact id: 'cc64798c67d57c56fd03d8f67b2fd691') in 0.1232317 seconds
Number of updated asset objects reloaded before import = 0Number of asset objects unloaded after import = 35

========================================================================
Received Import Request.
  Time since last request: 2.466788 seconds.
  path: Assets/Prefabs/UI/ItemSlot.prefab
  artifactKey: Guid(8e7c29890627698459e8cf7eb43db9a4) Importer(815301076,1909f56bfc062723c751e8b465ee728b)
Start importing Assets/Prefabs/UI/ItemSlot.prefab using Guid(8e7c29890627698459e8cf7eb43db9a4) Importer(815301076,1909f56bfc062723c751e8b465ee728b) (PreviewImporter) -> (artifact id: '777fadf18b5b25abfdd2c62a08032db6') in 0.124241 seconds
Number of updated asset objects reloaded before import = 0Number of asset objects unloaded after import = 35

========================================================================
Received Import Request.
  Time since last request: 19.207204 seconds.
  path: Assets/Prefabs/UI/ItemSlot.prefab
  artifactKey: Guid(8e7c29890627698459e8cf7eb43db9a4) Importer(815301076,1909f56bfc062723c751e8b465ee728b)
Start importing Assets/Prefabs/UI/ItemSlot.prefab using Guid(8e7c29890627698459e8cf7eb43db9a4) Importer(815301076,1909f56bfc062723c751e8b465ee728b) (PreviewImporter) -> (artifact id: 'acd3310ac1efefdefa1343af15e8f358') in 0.1193834 seconds
Number of updated asset objects reloaded before import = 0Number of asset objects unloaded after import = 35

========================================================================
Received Import Request.
  Time since last request: 3.690680 seconds.
  path: Assets/Prefabs/UI/ItemSlot.prefab
  artifactKey: Guid(8e7c29890627698459e8cf7eb43db9a4) Importer(815301076,1909f56bfc062723c751e8b465ee728b)
Start importing Assets/Prefabs/UI/ItemSlot.prefab using Guid(8e7c29890627698459e8cf7eb43db9a4) Importer(815301076,1909f56bfc062723c751e8b465ee728b) (PreviewImporter) -> (artifact id: '97e89225e7923a5a470f1d138af2c046') in 0.1210753 seconds
Number of updated asset objects reloaded before import = 0Number of asset objects unloaded after import = 35

========================================================================
Received Import Request.
  Time since last request: 3.899357 seconds.
  path: Assets/Prefabs/UI/ItemSlot.prefab
  artifactKey: Guid(8e7c29890627698459e8cf7eb43db9a4) Importer(815301076,1909f56bfc062723c751e8b465ee728b)
Start importing Assets/Prefabs/UI/ItemSlot.prefab using Guid(8e7c29890627698459e8cf7eb43db9a4) Importer(815301076,1909f56bfc062723c751e8b465ee728b) (PreviewImporter) -> (artifact id: '1a59cd4721cbe575730ecb4a0fced9d2') in 0.1211655 seconds
Number of updated asset objects reloaded before import = 0Number of asset objects unloaded after import = 35

========================================================================
Received Prepare
Begin MonoManager ReloadAssembly
[Licensing::Client] Successfully resolved entitlement details
- Loaded All Assemblies, in  0.513 seconds
Refreshing native plugins compatible for Editor in 0.97 ms, found 4 plugins.
Native extension for WindowsStandalone target not found
[Package Manager] Failed to launch server process. Reason: Unity was launched with the -noUpm command-line argument
[Package Manager] Unable to send message (not connected to server process).
[Package Manager] Cannot connect to Unity Package Manager local server
Mono: successfully reloaded assembly
- Finished resetting the current domain, in  0.512 seconds
Domain Reload Profiling: 1026ms
	BeginReloadAssembly (161ms)
		ExecutionOrderSort (0ms)
		DisableScriptedObjects (10ms)
		BackupInstance (0ms)
		ReleaseScriptingObjects (0ms)
		CreateAndSetChildDomain (44ms)
	RebuildCommonClasses (24ms)
	RebuildNativeTypeToScriptingClass (9ms)
	initialDomainReloadingComplete (21ms)
	LoadAllAssembliesAndSetupDomain (297ms)
		LoadAssemblies (231ms)
		RebuildTransferFunctionScriptingTraits (0ms)
		AnalyzeDomain (132ms)
			TypeCache.Refresh (5ms)
				TypeCache.ScanAssembly (0ms)
			BuildScriptInfoCaches (116ms)
			ResolveRequiredComponents (9ms)
	FinalizeReload (512ms)
		ReleaseScriptCaches (0ms)
		RebuildScriptCaches (0ms)
		SetupLoadedEditorAssemblies (404ms)
			LogAssemblyErrors (0ms)
			InitializePlatformSupportModulesInManaged (1ms)
			SetLoadedEditorAssemblies (3ms)
			BeforeProcessingInitializeOnLoad (92ms)
			ProcessInitializeOnLoadAttributes (255ms)
			ProcessInitializeOnLoadMethodAttributes (50ms)
			AfterProcessingInitializeOnLoad (3ms)
			EditorAssembliesLoaded (0ms)
		ExecutionOrderSort2 (0ms)
		AwakeInstancesAfterBackupRestoration (12ms)
Refreshing native plugins compatible for Editor in 2.38 ms, found 4 plugins.
Preloading 0 native plugins for Editor in 0.00 ms.
Unloading 13 Unused Serialized files (Serialized files now loaded: 0)
Unloading 6771 unused Assets / (4.5 MB). Loaded Objects now: 7532.
Memory consumption went from 144.3 MB to 139.8 MB.
Total: 11.820400 ms (FindLiveObjects: 1.193200 ms CreateObjectMapping: 1.192900 ms MarkObjects: 6.210700 ms  DeleteObjects: 3.222700 ms)

Prepare: number of updated asset objects reloaded= 0
========================================================================
Received Prepare
Begin MonoManager ReloadAssembly
[Licensing::Client] Successfully resolved entitlement details
- Loaded All Assemblies, in  0.500 seconds
Refreshing native plugins compatible for Editor in 0.78 ms, found 4 plugins.
Native extension for WindowsStandalone target not found
[Package Manager] Failed to launch server process. Reason: Unity was launched with the -noUpm command-line argument
[Package Manager] Unable to send message (not connected to server process).
[Package Manager] Cannot connect to Unity Package Manager local server
Mono: successfully reloaded assembly
- Finished resetting the current domain, in  0.503 seconds
Domain Reload Profiling: 1004ms
	BeginReloadAssembly (159ms)
		ExecutionOrderSort (0ms)
		DisableScriptedObjects (10ms)
		BackupInstance (0ms)
		ReleaseScriptingObjects (0ms)
		CreateAndSetChildDomain (41ms)
	RebuildCommonClasses (22ms)
	RebuildNativeTypeToScriptingClass (10ms)
	initialDomainReloadingComplete (20ms)
	LoadAllAssembliesAndSetupDomain (290ms)
		LoadAssemblies (225ms)
		RebuildTransferFunctionScriptingTraits (0ms)
		AnalyzeDomain (127ms)
			TypeCache.Refresh (4ms)
				TypeCache.ScanAssembly (0ms)
			BuildScriptInfoCaches (114ms)
			ResolveRequiredComponents (6ms)
	FinalizeReload (504ms)
		ReleaseScriptCaches (0ms)
		RebuildScriptCaches (0ms)
		SetupLoadedEditorAssemblies (393ms)
			LogAssemblyErrors (0ms)
			InitializePlatformSupportModulesInManaged (1ms)
			SetLoadedEditorAssemblies (2ms)
			BeforeProcessingInitializeOnLoad (89ms)
			ProcessInitializeOnLoadAttributes (253ms)
			ProcessInitializeOnLoadMethodAttributes (43ms)
			AfterProcessingInitializeOnLoad (3ms)
			EditorAssembliesLoaded (0ms)
		ExecutionOrderSort2 (0ms)
		AwakeInstancesAfterBackupRestoration (11ms)
Refreshing native plugins compatible for Editor in 2.14 ms, found 4 plugins.
Preloading 0 native plugins for Editor in 0.00 ms.
Unloading 13 Unused Serialized files (Serialized files now loaded: 0)
Unloading 6771 unused Assets / (4.4 MB). Loaded Objects now: 7535.
Memory consumption went from 144.3 MB to 139.9 MB.
Total: 12.965800 ms (FindLiveObjects: 1.303100 ms CreateObjectMapping: 1.353400 ms MarkObjects: 6.486300 ms  DeleteObjects: 3.821600 ms)

Prepare: number of updated asset objects reloaded= 0
========================================================================
Received Prepare
Refreshing native plugins compatible for Editor in 2.15 ms, found 4 plugins.
Preloading 0 native plugins for Editor in 0.00 ms.
Unloading 13 Unused Serialized files (Serialized files now loaded: 0)
Unloading 6761 unused Assets / (4.4 MB). Loaded Objects now: 7535.
Memory consumption went from 144.5 MB to 140.0 MB.
Total: 16.610000 ms (FindLiveObjects: 1.204700 ms CreateObjectMapping: 1.451500 ms MarkObjects: 10.725400 ms  DeleteObjects: 3.226700 ms)

Prepare: number of updated asset objects reloaded= 0
========================================================================
Received Prepare
Begin MonoManager ReloadAssembly
[Licensing::Client] Successfully resolved entitlement details
- Loaded All Assemblies, in  0.595 seconds
Refreshing native plugins compatible for Editor in 1.40 ms, found 4 plugins.
Native extension for WindowsStandalone target not found
[Package Manager] Failed to launch server process. Reason: Unity was launched with the -noUpm command-line argument
[Package Manager] Unable to send message (not connected to server process).
[Package Manager] Cannot connect to Unity Package Manager local server
Mono: successfully reloaded assembly
- Finished resetting the current domain, in  0.530 seconds
Domain Reload Profiling: 1126ms
	BeginReloadAssembly (175ms)
		ExecutionOrderSort (0ms)
		DisableScriptedObjects (9ms)
		BackupInstance (0ms)
		ReleaseScriptingObjects (0ms)
		CreateAndSetChildDomain (48ms)
	RebuildCommonClasses (23ms)
	RebuildNativeTypeToScriptingClass (12ms)
	initialDomainReloadingComplete (26ms)
	LoadAllAssembliesAndSetupDomain (359ms)
		LoadAssemblies (239ms)
		RebuildTransferFunctionScriptingTraits (0ms)
		AnalyzeDomain (184ms)
			TypeCache.Refresh (8ms)
				TypeCache.ScanAssembly (0ms)
			BuildScriptInfoCaches (162ms)
			ResolveRequiredComponents (10ms)
	FinalizeReload (531ms)
		ReleaseScriptCaches (0ms)
		RebuildScriptCaches (0ms)
		SetupLoadedEditorAssemblies (412ms)
			LogAssemblyErrors (0ms)
			InitializePlatformSupportModulesInManaged (1ms)
			SetLoadedEditorAssemblies (4ms)
			BeforeProcessingInitializeOnLoad (122ms)
			ProcessInitializeOnLoadAttributes (243ms)
			ProcessInitializeOnLoadMethodAttributes (39ms)
			AfterProcessingInitializeOnLoad (3ms)
			EditorAssembliesLoaded (0ms)
		ExecutionOrderSort2 (0ms)
		AwakeInstancesAfterBackupRestoration (9ms)
Refreshing native plugins compatible for Editor in 1.95 ms, found 4 plugins.
Preloading 0 native plugins for Editor in 0.00 ms.
Unloading 13 Unused Serialized files (Serialized files now loaded: 0)
Unloading 6771 unused Assets / (4.4 MB). Loaded Objects now: 7538.
Memory consumption went from 144.3 MB to 139.9 MB.
Total: 12.675600 ms (FindLiveObjects: 1.282700 ms CreateObjectMapping: 1.443200 ms MarkObjects: 6.874500 ms  DeleteObjects: 3.074400 ms)

Prepare: number of updated asset objects reloaded= 0
========================================================================
Received Prepare
Refreshing native plugins compatible for Editor in 1.70 ms, found 4 plugins.
Preloading 0 native plugins for Editor in 0.00 ms.
Unloading 13 Unused Serialized files (Serialized files now loaded: 0)
Unloading 6761 unused Assets / (4.4 MB). Loaded Objects now: 7538.
Memory consumption went from 144.4 MB to 140.1 MB.
Total: 17.775500 ms (FindLiveObjects: 1.243100 ms CreateObjectMapping: 1.089300 ms MarkObjects: 11.908600 ms  DeleteObjects: 3.533200 ms)

Prepare: number of updated asset objects reloaded= 0
========================================================================
Received Prepare
Begin MonoManager ReloadAssembly
- Loaded All Assemblies, in  0.595 seconds
Refreshing native plugins compatible for Editor in 0.94 ms, found 4 plugins.
Native extension for WindowsStandalone target not found
[Package Manager] Failed to launch server process. Reason: Unity was launched with the -noUpm command-line argument
[Package Manager] Unable to send message (not connected to server process).
[Package Manager] Cannot connect to Unity Package Manager local server
Mono: successfully reloaded assembly
- Finished resetting the current domain, in  0.537 seconds
Domain Reload Profiling: 1132ms
	BeginReloadAssembly (177ms)
		ExecutionOrderSort (0ms)
		DisableScriptedObjects (12ms)
		BackupInstance (0ms)
		ReleaseScriptingObjects (0ms)
		CreateAndSetChildDomain (45ms)
	RebuildCommonClasses (33ms)
	RebuildNativeTypeToScriptingClass (13ms)
	initialDomainReloadingComplete (23ms)
	LoadAllAssembliesAndSetupDomain (350ms)
		LoadAssemblies (253ms)
		RebuildTransferFunctionScriptingTraits (0ms)
		AnalyzeDomain (164ms)
			TypeCache.Refresh (8ms)
				TypeCache.ScanAssembly (0ms)
			BuildScriptInfoCaches (144ms)
			ResolveRequiredComponents (9ms)
	FinalizeReload (537ms)
		ReleaseScriptCaches (0ms)
		RebuildScriptCaches (0ms)
		SetupLoadedEditorAssemblies (423ms)
			LogAssemblyErrors (0ms)
			InitializePlatformSupportModulesInManaged (1ms)
			SetLoadedEditorAssemblies (2ms)
			BeforeProcessingInitializeOnLoad (118ms)
			ProcessInitializeOnLoadAttributes (261ms)
			ProcessInitializeOnLoadMethodAttributes (37ms)
			AfterProcessingInitializeOnLoad (3ms)
			EditorAssembliesLoaded (0ms)
		ExecutionOrderSort2 (0ms)
		AwakeInstancesAfterBackupRestoration (9ms)
Refreshing native plugins compatible for Editor in 1.86 ms, found 4 plugins.
Preloading 0 native plugins for Editor in 0.00 ms.
Unloading 13 Unused Serialized files (Serialized files now loaded: 0)
Unloading 6771 unused Assets / (4.3 MB). Loaded Objects now: 7541.
Memory consumption went from 144.4 MB to 140.1 MB.
Total: 11.583500 ms (FindLiveObjects: 1.193600 ms CreateObjectMapping: 1.118200 ms MarkObjects: 6.204000 ms  DeleteObjects: 3.066600 ms)

Prepare: number of updated asset objects reloaded= 0
========================================================================
Received Prepare
Begin MonoManager ReloadAssembly
- Loaded All Assemblies, in  0.482 seconds
Refreshing native plugins compatible for Editor in 1.10 ms, found 4 plugins.
Native extension for WindowsStandalone target not found
[Package Manager] Failed to launch server process. Reason: Unity was launched with the -noUpm command-line argument
[Package Manager] Unable to send message (not connected to server process).
[Package Manager] Cannot connect to Unity Package Manager local server
Mono: successfully reloaded assembly
- Finished resetting the current domain, in  0.489 seconds
Domain Reload Profiling: 972ms
	BeginReloadAssembly (150ms)
		ExecutionOrderSort (0ms)
		DisableScriptedObjects (9ms)
		BackupInstance (0ms)
		ReleaseScriptingObjects (0ms)
		CreateAndSetChildDomain (40ms)
	RebuildCommonClasses (23ms)
	RebuildNativeTypeToScriptingClass (9ms)
	initialDomainReloadingComplete (18ms)
	LoadAllAssembliesAndSetupDomain (283ms)
		LoadAssemblies (217ms)
		RebuildTransferFunctionScriptingTraits (0ms)
		AnalyzeDomain (126ms)
			TypeCache.Refresh (4ms)
				TypeCache.ScanAssembly (0ms)
			BuildScriptInfoCaches (112ms)
			ResolveRequiredComponents (7ms)
	FinalizeReload (489ms)
		ReleaseScriptCaches (0ms)
		RebuildScriptCaches (0ms)
		SetupLoadedEditorAssemblies (388ms)
			LogAssemblyErrors (0ms)
			InitializePlatformSupportModulesInManaged (1ms)
			SetLoadedEditorAssemblies (2ms)
			BeforeProcessingInitializeOnLoad (87ms)
			ProcessInitializeOnLoadAttributes (248ms)
			ProcessInitializeOnLoadMethodAttributes (45ms)
			AfterProcessingInitializeOnLoad (4ms)
			EditorAssembliesLoaded (0ms)
		ExecutionOrderSort2 (0ms)
		AwakeInstancesAfterBackupRestoration (11ms)
Refreshing native plugins compatible for Editor in 1.86 ms, found 4 plugins.
Preloading 0 native plugins for Editor in 0.00 ms.
Unloading 13 Unused Serialized files (Serialized files now loaded: 0)
Unloading 6771 unused Assets / (4.8 MB). Loaded Objects now: 7544.
Memory consumption went from 144.4 MB to 139.7 MB.
Total: 13.212300 ms (FindLiveObjects: 1.202300 ms CreateObjectMapping: 1.197100 ms MarkObjects: 6.717500 ms  DeleteObjects: 4.094600 ms)

Prepare: number of updated asset objects reloaded= 0
========================================================================
Received Prepare
Refreshing native plugins compatible for Editor in 1.77 ms, found 4 plugins.
Preloading 0 native plugins for Editor in 0.00 ms.
Unloading 13 Unused Serialized files (Serialized files now loaded: 0)
Unloading 6761 unused Assets / (4.4 MB). Loaded Objects now: 7544.
Memory consumption went from 144.6 MB to 140.2 MB.
Total: 12.167700 ms (FindLiveObjects: 1.163100 ms CreateObjectMapping: 1.359300 ms MarkObjects: 6.483800 ms  DeleteObjects: 3.160500 ms)

Prepare: number of updated asset objects reloaded= 0
========================================================================
Received Prepare
Begin MonoManager ReloadAssembly
- Loaded All Assemblies, in  0.592 seconds
Refreshing native plugins compatible for Editor in 1.35 ms, found 4 plugins.
Native extension for WindowsStandalone target not found
[Package Manager] Failed to launch server process. Reason: Unity was launched with the -noUpm command-line argument
[Package Manager] Unable to send message (not connected to server process).
[Package Manager] Cannot connect to Unity Package Manager local server
Mono: successfully reloaded assembly
- Finished resetting the current domain, in  0.516 seconds
Domain Reload Profiling: 1108ms
	BeginReloadAssembly (195ms)
		ExecutionOrderSort (0ms)
		DisableScriptedObjects (14ms)
		BackupInstance (0ms)
		ReleaseScriptingObjects (0ms)
		CreateAndSetChildDomain (49ms)
	RebuildCommonClasses (29ms)
	RebuildNativeTypeToScriptingClass (9ms)
	initialDomainReloadingComplete (26ms)
	LoadAllAssembliesAndSetupDomain (333ms)
		LoadAssemblies (271ms)
		RebuildTransferFunctionScriptingTraits (0ms)
		AnalyzeDomain (142ms)
			TypeCache.Refresh (6ms)
				TypeCache.ScanAssembly (0ms)
			BuildScriptInfoCaches (126ms)
			ResolveRequiredComponents (7ms)
	FinalizeReload (516ms)
		ReleaseScriptCaches (0ms)
		RebuildScriptCaches (0ms)
		SetupLoadedEditorAssemblies (402ms)
			LogAssemblyErrors (0ms)
			InitializePlatformSupportModulesInManaged (1ms)
			SetLoadedEditorAssemblies (2ms)
			BeforeProcessingInitializeOnLoad (91ms)
			ProcessInitializeOnLoadAttributes (248ms)
			ProcessInitializeOnLoadMethodAttributes (53ms)
			AfterProcessingInitializeOnLoad (6ms)
			EditorAssembliesLoaded (0ms)
		ExecutionOrderSort2 (0ms)
		AwakeInstancesAfterBackupRestoration (14ms)
Refreshing native plugins compatible for Editor in 1.96 ms, found 4 plugins.
Preloading 0 native plugins for Editor in 0.00 ms.
Unloading 13 Unused Serialized files (Serialized files now loaded: 0)
Unloading 6771 unused Assets / (4.3 MB). Loaded Objects now: 7547.
Memory consumption went from 144.5 MB to 140.1 MB.
Total: 12.052300 ms (FindLiveObjects: 1.079700 ms CreateObjectMapping: 1.102400 ms MarkObjects: 6.736300 ms  DeleteObjects: 3.132700 ms)

Prepare: number of updated asset objects reloaded= 0
========================================================================
Received Prepare
Begin MonoManager ReloadAssembly
[Licensing::Client] Successfully resolved entitlement details
- Loaded All Assemblies, in  0.480 seconds
Refreshing native plugins compatible for Editor in 0.79 ms, found 4 plugins.
Native extension for WindowsStandalone target not found
[Package Manager] Failed to launch server process. Reason: Unity was launched with the -noUpm command-line argument
[Package Manager] Unable to send message (not connected to server process).
[Package Manager] Cannot connect to Unity Package Manager local server
Mono: successfully reloaded assembly
- Finished resetting the current domain, in  0.492 seconds
Domain Reload Profiling: 973ms
	BeginReloadAssembly (147ms)
		ExecutionOrderSort (0ms)
		DisableScriptedObjects (9ms)
		BackupInstance (0ms)
		ReleaseScriptingObjects (0ms)
		CreateAndSetChildDomain (37ms)
	RebuildCommonClasses (24ms)
	RebuildNativeTypeToScriptingClass (10ms)
	initialDomainReloadingComplete (19ms)
	LoadAllAssembliesAndSetupDomain (282ms)
		LoadAssemblies (213ms)
		RebuildTransferFunctionScriptingTraits (0ms)
		AnalyzeDomain (128ms)
			TypeCache.Refresh (4ms)
				TypeCache.ScanAssembly (0ms)
			BuildScriptInfoCaches (114ms)
			ResolveRequiredComponents (6ms)
	FinalizeReload (492ms)
		ReleaseScriptCaches (0ms)
		RebuildScriptCaches (0ms)
		SetupLoadedEditorAssemblies (388ms)
			LogAssemblyErrors (0ms)
			InitializePlatformSupportModulesInManaged (1ms)
			SetLoadedEditorAssemblies (2ms)
			BeforeProcessingInitializeOnLoad (87ms)
			ProcessInitializeOnLoadAttributes (252ms)
			ProcessInitializeOnLoadMethodAttributes (42ms)
			AfterProcessingInitializeOnLoad (4ms)
			EditorAssembliesLoaded (0ms)
		ExecutionOrderSort2 (0ms)
		AwakeInstancesAfterBackupRestoration (12ms)
Refreshing native plugins compatible for Editor in 1.53 ms, found 4 plugins.
Preloading 0 native plugins for Editor in 0.00 ms.
Unloading 13 Unused Serialized files (Serialized files now loaded: 0)
Unloading 6771 unused Assets / (4.4 MB). Loaded Objects now: 7550.
Memory consumption went from 144.5 MB to 140.1 MB.
Total: 12.044400 ms (FindLiveObjects: 1.131700 ms CreateObjectMapping: 1.105400 ms MarkObjects: 6.589700 ms  DeleteObjects: 3.216100 ms)

Prepare: number of updated asset objects reloaded= 0
========================================================================
Received Import Request.
  Time since last request: 993.813311 seconds.
  path: Assets/Prefabs/UI/ItemInfo.prefab
  artifactKey: Guid(695506f7a2a30a34289c41534a71bdd8) Importer(815301076,1909f56bfc062723c751e8b465ee728b)
Start importing Assets/Prefabs/UI/ItemInfo.prefab using Guid(695506f7a2a30a34289c41534a71bdd8) Importer(815301076,1909f56bfc062723c751e8b465ee728b) (PreviewImporter) -> (artifact id: '816fb7a91025e7fa1827e3a2a8e9ffb7') in 0.1056548 seconds
Number of updated asset objects reloaded before import = 0Number of asset objects unloaded after import = 18

========================================================================
Received Import Request.
  Time since last request: 35.676424 seconds.
  path: Assets/Prefabs/UI/ItemInfo.prefab
  artifactKey: Guid(695506f7a2a30a34289c41534a71bdd8) Importer(815301076,1909f56bfc062723c751e8b465ee728b)
Start importing Assets/Prefabs/UI/ItemInfo.prefab using Guid(695506f7a2a30a34289c41534a71bdd8) Importer(815301076,1909f56bfc062723c751e8b465ee728b) (PreviewImporter) -> (artifact id: '11443c0519a2b0bc71358d6b37d41ec3') in 0.0094088 seconds
Number of updated asset objects reloaded before import = 0Number of asset objects unloaded after import = 18

========================================================================
Received Import Request.
  Time since last request: 2.368445 seconds.
  path: Assets/Prefabs/UI/ItemInfo.prefab
  artifactKey: Guid(695506f7a2a30a34289c41534a71bdd8) Importer(815301076,1909f56bfc062723c751e8b465ee728b)
Start importing Assets/Prefabs/UI/ItemInfo.prefab using Guid(695506f7a2a30a34289c41534a71bdd8) Importer(815301076,1909f56bfc062723c751e8b465ee728b) (PreviewImporter) -> (artifact id: 'de7f26065346a5c6aa8972c34c42ee80') in 0.0092598 seconds
Number of updated asset objects reloaded before import = 0Number of asset objects unloaded after import = 18

========================================================================
Received Import Request.
  Time since last request: 160.353791 seconds.
  path: Assets/Prefabs/UI/ItemInfo.prefab
  artifactKey: Guid(695506f7a2a30a34289c41534a71bdd8) Importer(815301076,1909f56bfc062723c751e8b465ee728b)
Start importing Assets/Prefabs/UI/ItemInfo.prefab using Guid(695506f7a2a30a34289c41534a71bdd8) Importer(815301076,1909f56bfc062723c751e8b465ee728b) (PreviewImporter) -> (artifact id: '7c8ab3b3139abf845551d752e6af8836') in 0.0097261 seconds
Number of updated asset objects reloaded before import = 0Number of asset objects unloaded after import = 18

========================================================================
Received Import Request.
  Time since last request: 4720.524854 seconds.
  path: Assets/Prefabs/UI/ItemInfo.prefab
  artifactKey: Guid(695506f7a2a30a34289c41534a71bdd8) Importer(815301076,1909f56bfc062723c751e8b465ee728b)
Start importing Assets/Prefabs/UI/ItemInfo.prefab using Guid(695506f7a2a30a34289c41534a71bdd8) Importer(815301076,1909f56bfc062723c751e8b465ee728b) (PreviewImporter) -> (artifact id: '85195773962faa6d84f0cccb832dcb77') in 0.0100125 seconds
Number of updated asset objects reloaded before import = 0Number of asset objects unloaded after import = 22

========================================================================
Received Import Request.
  Time since last request: 8.601079 seconds.
  path: Assets/Prefabs/UI/ItemInfo.prefab
  artifactKey: Guid(695506f7a2a30a34289c41534a71bdd8) Importer(815301076,1909f56bfc062723c751e8b465ee728b)
Start importing Assets/Prefabs/UI/ItemInfo.prefab using Guid(695506f7a2a30a34289c41534a71bdd8) Importer(815301076,1909f56bfc062723c751e8b465ee728b) (PreviewImporter) -> (artifact id: '42bd5adbfc7599485a3a309eda9b6a75') in 0.0090165 seconds
Number of updated asset objects reloaded before import = 0Number of asset objects unloaded after import = 22

========================================================================
Received Import Request.
  Time since last request: 8.239793 seconds.
  path: Assets/Prefabs/UI/ItemInfo.prefab
  artifactKey: Guid(695506f7a2a30a34289c41534a71bdd8) Importer(815301076,1909f56bfc062723c751e8b465ee728b)
Start importing Assets/Prefabs/UI/ItemInfo.prefab using Guid(695506f7a2a30a34289c41534a71bdd8) Importer(815301076,1909f56bfc062723c751e8b465ee728b) (PreviewImporter) -> (artifact id: '483be8e1fb92c2fbfaa710169cada4e0') in 0.0089597 seconds
Number of updated asset objects reloaded before import = 0Number of asset objects unloaded after import = 23

========================================================================
Received Import Request.
  Time since last request: 3.994266 seconds.
  path: Assets/Prefabs/UI/ItemInfo.prefab
  artifactKey: Guid(695506f7a2a30a34289c41534a71bdd8) Importer(815301076,1909f56bfc062723c751e8b465ee728b)
Start importing Assets/Prefabs/UI/ItemInfo.prefab using Guid(695506f7a2a30a34289c41534a71bdd8) Importer(815301076,1909f56bfc062723c751e8b465ee728b) (PreviewImporter) -> (artifact id: '6e9b93a4cc997853d98323ca54fee08d') in 0.0100202 seconds
Number of updated asset objects reloaded before import = 0Number of asset objects unloaded after import = 23

========================================================================
Received Import Request.
  Time since last request: 2.404990 seconds.
  path: Assets/Prefabs/UI/ItemInfo.prefab
  artifactKey: Guid(695506f7a2a30a34289c41534a71bdd8) Importer(815301076,1909f56bfc062723c751e8b465ee728b)
Start importing Assets/Prefabs/UI/ItemInfo.prefab using Guid(695506f7a2a30a34289c41534a71bdd8) Importer(815301076,1909f56bfc062723c751e8b465ee728b) (PreviewImporter) -> (artifact id: 'd7821a02a512d42ef85fff6a0ce6b59b') in 0.0094338 seconds
Number of updated asset objects reloaded before import = 0Number of asset objects unloaded after import = 23

========================================================================
Received Import Request.
  Time since last request: 0.981461 seconds.
  path: Assets/Prefabs/UI/ItemInfo.prefab
  artifactKey: Guid(695506f7a2a30a34289c41534a71bdd8) Importer(815301076,1909f56bfc062723c751e8b465ee728b)
Start importing Assets/Prefabs/UI/ItemInfo.prefab using Guid(695506f7a2a30a34289c41534a71bdd8) Importer(815301076,1909f56bfc062723c751e8b465ee728b) (PreviewImporter) -> (artifact id: 'f74d24a318d986db9f5bffce55f8bd8b') in 0.0090213 seconds
Number of updated asset objects reloaded before import = 0Number of asset objects unloaded after import = 23

========================================================================
Received Import Request.
  Time since last request: 4.601983 seconds.
  path: Assets/Prefabs/UI/ItemInfo.prefab
  artifactKey: Guid(695506f7a2a30a34289c41534a71bdd8) Importer(815301076,1909f56bfc062723c751e8b465ee728b)
Start importing Assets/Prefabs/UI/ItemInfo.prefab using Guid(695506f7a2a30a34289c41534a71bdd8) Importer(815301076,1909f56bfc062723c751e8b465ee728b) (PreviewImporter) -> (artifact id: '2edde3bd60e7200f00709f055fcd534a') in 0.0099913 seconds
Number of updated asset objects reloaded before import = 0Number of asset objects unloaded after import = 23

========================================================================
Received Import Request.
  Time since last request: 1.168399 seconds.
  path: Assets/Prefabs/UI/ItemInfo.prefab
  artifactKey: Guid(695506f7a2a30a34289c41534a71bdd8) Importer(815301076,1909f56bfc062723c751e8b465ee728b)
Start importing Assets/Prefabs/UI/ItemInfo.prefab using Guid(695506f7a2a30a34289c41534a71bdd8) Importer(815301076,1909f56bfc062723c751e8b465ee728b) (PreviewImporter) -> (artifact id: '28b36a64e123e9f0157266574fe90c64') in 0.0091931 seconds
Number of updated asset objects reloaded before import = 0Number of asset objects unloaded after import = 23

========================================================================
Received Import Request.
  Time since last request: 1.582646 seconds.
  path: Assets/Prefabs/UI/ItemInfo.prefab
  artifactKey: Guid(695506f7a2a30a34289c41534a71bdd8) Importer(815301076,1909f56bfc062723c751e8b465ee728b)
Start importing Assets/Prefabs/UI/ItemInfo.prefab using Guid(695506f7a2a30a34289c41534a71bdd8) Importer(815301076,1909f56bfc062723c751e8b465ee728b) (PreviewImporter) -> (artifact id: 'd57ebce7238e066ddbd6103dd76b83af') in 0.0093279 seconds
Number of updated asset objects reloaded before import = 0Number of asset objects unloaded after import = 23

========================================================================
Received Import Request.
  Time since last request: 4.854893 seconds.
  path: Assets/Prefabs/UI/ItemInfo.prefab
  artifactKey: Guid(695506f7a2a30a34289c41534a71bdd8) Importer(815301076,1909f56bfc062723c751e8b465ee728b)
Start importing Assets/Prefabs/UI/ItemInfo.prefab using Guid(695506f7a2a30a34289c41534a71bdd8) Importer(815301076,1909f56bfc062723c751e8b465ee728b) (PreviewImporter) -> (artifact id: 'eabb07261ab40e7d090698bbcaffce92') in 0.0097588 seconds
Number of updated asset objects reloaded before import = 0Number of asset objects unloaded after import = 23

========================================================================
Received Import Request.
  Time since last request: 67.069485 seconds.
  path: Assets/Prefabs/UI/ItemInfo.prefab
  artifactKey: Guid(695506f7a2a30a34289c41534a71bdd8) Importer(815301076,1909f56bfc062723c751e8b465ee728b)
Start importing Assets/Prefabs/UI/ItemInfo.prefab using Guid(695506f7a2a30a34289c41534a71bdd8) Importer(815301076,1909f56bfc062723c751e8b465ee728b) (PreviewImporter) -> (artifact id: '554e99081e40df51bed0099b9454cce5') in 0.0096678 seconds
Number of updated asset objects reloaded before import = 0Number of asset objects unloaded after import = 27

========================================================================
Received Import Request.
  Time since last request: 5.402722 seconds.
  path: Assets/Prefabs/UI/ItemInfo.prefab
  artifactKey: Guid(695506f7a2a30a34289c41534a71bdd8) Importer(815301076,1909f56bfc062723c751e8b465ee728b)
Start importing Assets/Prefabs/UI/ItemInfo.prefab using Guid(695506f7a2a30a34289c41534a71bdd8) Importer(815301076,1909f56bfc062723c751e8b465ee728b) (PreviewImporter) -> (artifact id: '5fa3ca2d43a390b1232d24d656402f92') in 0.0107075 seconds
Number of updated asset objects reloaded before import = 0Number of asset objects unloaded after import = 27

========================================================================
Received Import Request.
  Time since last request: 34.457709 seconds.
  path: Assets/Prefabs/UI/ItemInfo.prefab
  artifactKey: Guid(695506f7a2a30a34289c41534a71bdd8) Importer(815301076,1909f56bfc062723c751e8b465ee728b)
Start importing Assets/Prefabs/UI/ItemInfo.prefab using Guid(695506f7a2a30a34289c41534a71bdd8) Importer(815301076,1909f56bfc062723c751e8b465ee728b) (PreviewImporter) -> (artifact id: '30c5243cc4a426f07da5811218fd37e3') in 0.1308598 seconds
Number of updated asset objects reloaded before import = 0Number of asset objects unloaded after import = 50

========================================================================
Received Import Request.
  Time since last request: 1.920655 seconds.
  path: Assets/Prefabs/UI/ItemInfo.prefab
  artifactKey: Guid(695506f7a2a30a34289c41534a71bdd8) Importer(815301076,1909f56bfc062723c751e8b465ee728b)
Start importing Assets/Prefabs/UI/ItemInfo.prefab using Guid(695506f7a2a30a34289c41534a71bdd8) Importer(815301076,1909f56bfc062723c751e8b465ee728b) (PreviewImporter) -> (artifact id: 'ff878fbb05211a2a195717b2c6f4add7') in 0.1305233 seconds
Number of updated asset objects reloaded before import = 0Number of asset objects unloaded after import = 50

========================================================================
Received Import Request.
  Time since last request: 7.935587 seconds.
  path: Assets/Prefabs/UI/ItemInfo.prefab
  artifactKey: Guid(695506f7a2a30a34289c41534a71bdd8) Importer(815301076,1909f56bfc062723c751e8b465ee728b)
Start importing Assets/Prefabs/UI/ItemInfo.prefab using Guid(695506f7a2a30a34289c41534a71bdd8) Importer(815301076,1909f56bfc062723c751e8b465ee728b) (PreviewImporter) -> (artifact id: '91185f9086d0b37234c1cc99d226da95') in 0.1262459 seconds
Number of updated asset objects reloaded before import = 0Number of asset objects unloaded after import = 49

========================================================================
Received Import Request.
  Time since last request: 5.936493 seconds.
  path: Assets/Prefabs/UI/ItemInfo.prefab
  artifactKey: Guid(695506f7a2a30a34289c41534a71bdd8) Importer(815301076,1909f56bfc062723c751e8b465ee728b)
Start importing Assets/Prefabs/UI/ItemInfo.prefab using Guid(695506f7a2a30a34289c41534a71bdd8) Importer(815301076,1909f56bfc062723c751e8b465ee728b) (PreviewImporter) -> (artifact id: 'ef4d1480a407f854f5d78f0faee6df7d') in 0.1273767 seconds
Number of updated asset objects reloaded before import = 0Number of asset objects unloaded after import = 45

========================================================================
Received Import Request.
  Time since last request: 11.369090 seconds.
  path: Assets/Prefabs/UI/ItemInfo.prefab
  artifactKey: Guid(695506f7a2a30a34289c41534a71bdd8) Importer(815301076,1909f56bfc062723c751e8b465ee728b)
Start importing Assets/Prefabs/UI/ItemInfo.prefab using Guid(695506f7a2a30a34289c41534a71bdd8) Importer(815301076,1909f56bfc062723c751e8b465ee728b) (PreviewImporter) -> (artifact id: '4235389713cd55b1be175d30fb58d9c2') in 0.1343598 seconds
Number of updated asset objects reloaded before import = 0Number of asset objects unloaded after import = 45

========================================================================
Received Import Request.
  Time since last request: 0.239384 seconds.
  path: Assets/Prefabs/UI/ItemInfo.prefab
  artifactKey: Guid(695506f7a2a30a34289c41534a71bdd8) Importer(815301076,1909f56bfc062723c751e8b465ee728b)
Start importing Assets/Prefabs/UI/ItemInfo.prefab using Guid(695506f7a2a30a34289c41534a71bdd8) Importer(815301076,1909f56bfc062723c751e8b465ee728b) (PreviewImporter) -> (artifact id: 'c578cd2ce0b10036ee5b182aa1898325') in 0.1282244 seconds
Number of updated asset objects reloaded before import = 0Number of asset objects unloaded after import = 45

========================================================================
Received Import Request.
  Time since last request: 0.644320 seconds.
  path: Assets/Prefabs/UI/ItemInfo.prefab
  artifactKey: Guid(695506f7a2a30a34289c41534a71bdd8) Importer(815301076,1909f56bfc062723c751e8b465ee728b)
Start importing Assets/Prefabs/UI/ItemInfo.prefab using Guid(695506f7a2a30a34289c41534a71bdd8) Importer(815301076,1909f56bfc062723c751e8b465ee728b) (PreviewImporter) -> (artifact id: 'd13aadb5573cae26b766bc32f19e5d4c') in 0.1245963 seconds
Number of updated asset objects reloaded before import = 0Number of asset objects unloaded after import = 45

========================================================================
Received Import Request.
  Time since last request: 2.467676 seconds.
  path: Assets/Prefabs/UI/ItemInfo.prefab
  artifactKey: Guid(695506f7a2a30a34289c41534a71bdd8) Importer(815301076,1909f56bfc062723c751e8b465ee728b)
Start importing Assets/Prefabs/UI/ItemInfo.prefab using Guid(695506f7a2a30a34289c41534a71bdd8) Importer(815301076,1909f56bfc062723c751e8b465ee728b) (PreviewImporter) -> (artifact id: 'f0e3054368420c3ddcc6dc1013266fec') in 0.1270855 seconds
Number of updated asset objects reloaded before import = 0Number of asset objects unloaded after import = 45

========================================================================
Received Import Request.
  Time since last request: 0.485015 seconds.
  path: Assets/Prefabs/UI/ItemInfo.prefab
  artifactKey: Guid(695506f7a2a30a34289c41534a71bdd8) Importer(815301076,1909f56bfc062723c751e8b465ee728b)
Start importing Assets/Prefabs/UI/ItemInfo.prefab using Guid(695506f7a2a30a34289c41534a71bdd8) Importer(815301076,1909f56bfc062723c751e8b465ee728b) (PreviewImporter) -> (artifact id: '963faed5f34f144aa4dfa58392cda85d') in 0.1304263 seconds
Number of updated asset objects reloaded before import = 0Number of asset objects unloaded after import = 45

========================================================================
Received Import Request.
  Time since last request: 0.227445 seconds.
  path: Assets/Prefabs/UI/ItemInfo.prefab
  artifactKey: Guid(695506f7a2a30a34289c41534a71bdd8) Importer(815301076,1909f56bfc062723c751e8b465ee728b)
Start importing Assets/Prefabs/UI/ItemInfo.prefab using Guid(695506f7a2a30a34289c41534a71bdd8) Importer(815301076,1909f56bfc062723c751e8b465ee728b) (PreviewImporter) -> (artifact id: '503748045c9d741e37cb6139e7dcf9bd') in 0.1268069 seconds
Number of updated asset objects reloaded before import = 0Number of asset objects unloaded after import = 45

========================================================================
Received Import Request.
  Time since last request: 0.459744 seconds.
  path: Assets/Prefabs/UI/ItemInfo.prefab
  artifactKey: Guid(695506f7a2a30a34289c41534a71bdd8) Importer(815301076,1909f56bfc062723c751e8b465ee728b)
Start importing Assets/Prefabs/UI/ItemInfo.prefab using Guid(695506f7a2a30a34289c41534a71bdd8) Importer(815301076,1909f56bfc062723c751e8b465ee728b) (PreviewImporter) -> (artifact id: '884e05e316c8c3e1e0946085ccb40c36') in 0.1165914 seconds
Number of updated asset objects reloaded before import = 0Number of asset objects unloaded after import = 45

========================================================================
Received Import Request.
  Time since last request: 5.706339 seconds.
  path: Assets/Prefabs/UI/ItemInfo.prefab
  artifactKey: Guid(695506f7a2a30a34289c41534a71bdd8) Importer(815301076,1909f56bfc062723c751e8b465ee728b)
Start importing Assets/Prefabs/UI/ItemInfo.prefab using Guid(695506f7a2a30a34289c41534a71bdd8) Importer(815301076,1909f56bfc062723c751e8b465ee728b) (PreviewImporter) -> (artifact id: '476ddba0a0a35be5ded49e53fa9fccce') in 0.1295084 seconds
Number of updated asset objects reloaded before import = 0Number of asset objects unloaded after import = 45

========================================================================
Received Import Request.
  Time since last request: 1.657157 seconds.
  path: Assets/Prefabs/UI/ItemInfo.prefab
  artifactKey: Guid(695506f7a2a30a34289c41534a71bdd8) Importer(815301076,1909f56bfc062723c751e8b465ee728b)
Start importing Assets/Prefabs/UI/ItemInfo.prefab using Guid(695506f7a2a30a34289c41534a71bdd8) Importer(815301076,1909f56bfc062723c751e8b465ee728b) (PreviewImporter) -> (artifact id: '431a6ceec7d1b784ea8bab0a192cd5ce') in 0.1314913 seconds
Number of updated asset objects reloaded before import = 0Number of asset objects unloaded after import = 45

========================================================================
Received Import Request.
  Time since last request: 0.440638 seconds.
  path: Assets/Prefabs/UI/ItemInfo.prefab
  artifactKey: Guid(695506f7a2a30a34289c41534a71bdd8) Importer(815301076,1909f56bfc062723c751e8b465ee728b)
Start importing Assets/Prefabs/UI/ItemInfo.prefab using Guid(695506f7a2a30a34289c41534a71bdd8) Importer(815301076,1909f56bfc062723c751e8b465ee728b) (PreviewImporter) -> (artifact id: '0d03618b23a0d66b669845ecd30207c5') in 0.1196926 seconds
Number of updated asset objects reloaded before import = 0Number of asset objects unloaded after import = 45

========================================================================
Received Import Request.
  Time since last request: 0.683228 seconds.
  path: Assets/Prefabs/UI/ItemInfo.prefab
  artifactKey: Guid(695506f7a2a30a34289c41534a71bdd8) Importer(815301076,1909f56bfc062723c751e8b465ee728b)
Start importing Assets/Prefabs/UI/ItemInfo.prefab using Guid(695506f7a2a30a34289c41534a71bdd8) Importer(815301076,1909f56bfc062723c751e8b465ee728b) (PreviewImporter) -> (artifact id: '8e892c1916f90596aa3f63197ac31a0c') in 0.1302454 seconds
Number of updated asset objects reloaded before import = 0Number of asset objects unloaded after import = 45

========================================================================
Received Import Request.
  Time since last request: 0.214002 seconds.
  path: Assets/Prefabs/UI/ItemInfo.prefab
  artifactKey: Guid(695506f7a2a30a34289c41534a71bdd8) Importer(815301076,1909f56bfc062723c751e8b465ee728b)
Start importing Assets/Prefabs/UI/ItemInfo.prefab using Guid(695506f7a2a30a34289c41534a71bdd8) Importer(815301076,1909f56bfc062723c751e8b465ee728b) (PreviewImporter) -> (artifact id: '2c2f10bb79533dfffd58c58f5f21919f') in 0.1204508 seconds
Number of updated asset objects reloaded before import = 0Number of asset objects unloaded after import = 45

========================================================================
Received Import Request.
  Time since last request: 5.916539 seconds.
  path: Assets/Prefabs/UI/ItemInfo.prefab
  artifactKey: Guid(695506f7a2a30a34289c41534a71bdd8) Importer(815301076,1909f56bfc062723c751e8b465ee728b)
Start importing Assets/Prefabs/UI/ItemInfo.prefab using Guid(695506f7a2a30a34289c41534a71bdd8) Importer(815301076,1909f56bfc062723c751e8b465ee728b) (PreviewImporter) -> (artifact id: '897656c2a8c959d8bac65cba8becedf2') in 0.1266453 seconds
Number of updated asset objects reloaded before import = 0Number of asset objects unloaded after import = 45

========================================================================
Received Import Request.
  Time since last request: 0.658898 seconds.
  path: Assets/Prefabs/UI/ItemInfo.prefab
  artifactKey: Guid(695506f7a2a30a34289c41534a71bdd8) Importer(815301076,1909f56bfc062723c751e8b465ee728b)
Start importing Assets/Prefabs/UI/ItemInfo.prefab using Guid(695506f7a2a30a34289c41534a71bdd8) Importer(815301076,1909f56bfc062723c751e8b465ee728b) (PreviewImporter) -> (artifact id: '236e4a3614379807310bbbcea9e152f6') in 0.1254395 seconds
Number of updated asset objects reloaded before import = 0Number of asset objects unloaded after import = 45

========================================================================
Received Import Request.
  Time since last request: 0.652181 seconds.
  path: Assets/Prefabs/UI/ItemInfo.prefab
  artifactKey: Guid(695506f7a2a30a34289c41534a71bdd8) Importer(815301076,1909f56bfc062723c751e8b465ee728b)
Start importing Assets/Prefabs/UI/ItemInfo.prefab using Guid(695506f7a2a30a34289c41534a71bdd8) Importer(815301076,1909f56bfc062723c751e8b465ee728b) (PreviewImporter) -> (artifact id: '716cf7884f7dc7a5c27ded9d757bbd21') in 0.1219439 seconds
Number of updated asset objects reloaded before import = 0Number of asset objects unloaded after import = 45

========================================================================
Received Import Request.
  Time since last request: 0.861403 seconds.
  path: Assets/Prefabs/UI/ItemInfo.prefab
  artifactKey: Guid(695506f7a2a30a34289c41534a71bdd8) Importer(815301076,1909f56bfc062723c751e8b465ee728b)
Start importing Assets/Prefabs/UI/ItemInfo.prefab using Guid(695506f7a2a30a34289c41534a71bdd8) Importer(815301076,1909f56bfc062723c751e8b465ee728b) (PreviewImporter) -> (artifact id: 'f1059f31459faf8d095f0c3fc962b68a') in 0.1244519 seconds
Number of updated asset objects reloaded before import = 0Number of asset objects unloaded after import = 45

========================================================================
Received Import Request.
  Time since last request: 19.407739 seconds.
  path: Assets/Prefabs/UI/ItemInfo.prefab
  artifactKey: Guid(695506f7a2a30a34289c41534a71bdd8) Importer(815301076,1909f56bfc062723c751e8b465ee728b)
Start importing Assets/Prefabs/UI/ItemInfo.prefab using Guid(695506f7a2a30a34289c41534a71bdd8) Importer(815301076,1909f56bfc062723c751e8b465ee728b) (PreviewImporter) -> (artifact id: 'df5151391d913d452dc4ba99b358f6da') in 0.1323313 seconds
Number of updated asset objects reloaded before import = 0Number of asset objects unloaded after import = 45

========================================================================
Received Import Request.
  Time since last request: 5.289979 seconds.
  path: Assets/Prefabs/UI/ItemInfo.prefab
  artifactKey: Guid(695506f7a2a30a34289c41534a71bdd8) Importer(815301076,1909f56bfc062723c751e8b465ee728b)
Start importing Assets/Prefabs/UI/ItemInfo.prefab using Guid(695506f7a2a30a34289c41534a71bdd8) Importer(815301076,1909f56bfc062723c751e8b465ee728b) (PreviewImporter) -> (artifact id: '7dd189dfc7f94d27699c6a8d561333e8') in 0.1277367 seconds
Number of updated asset objects reloaded before import = 0Number of asset objects unloaded after import = 45

========================================================================
Received Import Request.
  Time since last request: 0.666774 seconds.
  path: Assets/Prefabs/UI/ItemInfo.prefab
  artifactKey: Guid(695506f7a2a30a34289c41534a71bdd8) Importer(815301076,1909f56bfc062723c751e8b465ee728b)
Start importing Assets/Prefabs/UI/ItemInfo.prefab using Guid(695506f7a2a30a34289c41534a71bdd8) Importer(815301076,1909f56bfc062723c751e8b465ee728b) (PreviewImporter) -> (artifact id: '62560f314806cbffdf944bcdd7b2205a') in 0.1344304 seconds
Number of updated asset objects reloaded before import = 0Number of asset objects unloaded after import = 45

========================================================================
Received Import Request.
  Time since last request: 0.648014 seconds.
  path: Assets/Prefabs/UI/ItemInfo.prefab
  artifactKey: Guid(695506f7a2a30a34289c41534a71bdd8) Importer(815301076,1909f56bfc062723c751e8b465ee728b)
Start importing Assets/Prefabs/UI/ItemInfo.prefab using Guid(695506f7a2a30a34289c41534a71bdd8) Importer(815301076,1909f56bfc062723c751e8b465ee728b) (PreviewImporter) -> (artifact id: '1abf44028f13d60cb0822acb44a523e0') in 0.1210765 seconds
Number of updated asset objects reloaded before import = 0Number of asset objects unloaded after import = 45

========================================================================
Received Import Request.
  Time since last request: 0.265973 seconds.
  path: Assets/Prefabs/UI/ItemInfo.prefab
  artifactKey: Guid(695506f7a2a30a34289c41534a71bdd8) Importer(815301076,1909f56bfc062723c751e8b465ee728b)
Start importing Assets/Prefabs/UI/ItemInfo.prefab using Guid(695506f7a2a30a34289c41534a71bdd8) Importer(815301076,1909f56bfc062723c751e8b465ee728b) (PreviewImporter) -> (artifact id: '63fed2fd402a6422f3fe4b2fe5c2e900') in 0.1255685 seconds
Number of updated asset objects reloaded before import = 0Number of asset objects unloaded after import = 45

========================================================================
Received Import Request.
  Time since last request: 2.053806 seconds.
  path: Assets/Prefabs/UI/ItemInfo.prefab
  artifactKey: Guid(695506f7a2a30a34289c41534a71bdd8) Importer(815301076,1909f56bfc062723c751e8b465ee728b)
Start importing Assets/Prefabs/UI/ItemInfo.prefab using Guid(695506f7a2a30a34289c41534a71bdd8) Importer(815301076,1909f56bfc062723c751e8b465ee728b) (PreviewImporter) -> (artifact id: '3f52b41c30d21ead32beb01667c32628') in 0.1272027 seconds
Number of updated asset objects reloaded before import = 0Number of asset objects unloaded after import = 45

========================================================================
Received Import Request.
  Time since last request: 1.659492 seconds.
  path: Assets/Prefabs/UI/ItemInfo.prefab
  artifactKey: Guid(695506f7a2a30a34289c41534a71bdd8) Importer(815301076,1909f56bfc062723c751e8b465ee728b)
Start importing Assets/Prefabs/UI/ItemInfo.prefab using Guid(695506f7a2a30a34289c41534a71bdd8) Importer(815301076,1909f56bfc062723c751e8b465ee728b) (PreviewImporter) -> (artifact id: '080f8dae74adeebec0c293c84899bb0f') in 0.1299108 seconds
Number of updated asset objects reloaded before import = 0Number of asset objects unloaded after import = 45

========================================================================
Received Import Request.
  Time since last request: 1.865640 seconds.
  path: Assets/Prefabs/UI/ItemInfo.prefab
  artifactKey: Guid(695506f7a2a30a34289c41534a71bdd8) Importer(815301076,1909f56bfc062723c751e8b465ee728b)
Start importing Assets/Prefabs/UI/ItemInfo.prefab using Guid(695506f7a2a30a34289c41534a71bdd8) Importer(815301076,1909f56bfc062723c751e8b465ee728b) (PreviewImporter) -> (artifact id: 'bad1703bbdbda9ceff0c35750c4da38c') in 0.1223876 seconds
Number of updated asset objects reloaded before import = 0Number of asset objects unloaded after import = 45

========================================================================
Received Import Request.
  Time since last request: 3.682936 seconds.
  path: Assets/Prefabs/UI/ItemInfo.prefab
  artifactKey: Guid(695506f7a2a30a34289c41534a71bdd8) Importer(815301076,1909f56bfc062723c751e8b465ee728b)
Start importing Assets/Prefabs/UI/ItemInfo.prefab using Guid(695506f7a2a30a34289c41534a71bdd8) Importer(815301076,1909f56bfc062723c751e8b465ee728b) (PreviewImporter) -> (artifact id: '148766c28a753d5385b3c330998b5177') in 0.1310165 seconds
Number of updated asset objects reloaded before import = 0Number of asset objects unloaded after import = 45

========================================================================
Received Prepare
Begin MonoManager ReloadAssembly
[Licensing::Client] Successfully resolved entitlement details
- Loaded All Assemblies, in  0.501 seconds
Refreshing native plugins compatible for Editor in 0.81 ms, found 4 plugins.
Native extension for WindowsStandalone target not found
[Package Manager] Failed to launch server process. Reason: Unity was launched with the -noUpm command-line argument
[Package Manager] Unable to send message (not connected to server process).
[Package Manager] Cannot connect to Unity Package Manager local server
Mono: successfully reloaded assembly
- Finished resetting the current domain, in  0.491 seconds
Domain Reload Profiling: 993ms
	BeginReloadAssembly (159ms)
		ExecutionOrderSort (0ms)
		DisableScriptedObjects (10ms)
		BackupInstance (0ms)
		ReleaseScriptingObjects (0ms)
		CreateAndSetChildDomain (44ms)
	RebuildCommonClasses (28ms)
	RebuildNativeTypeToScriptingClass (9ms)
	initialDomainReloadingComplete (19ms)
	LoadAllAssembliesAndSetupDomain (287ms)
		LoadAssemblies (221ms)
		RebuildTransferFunctionScriptingTraits (0ms)
		AnalyzeDomain (127ms)
			TypeCache.Refresh (4ms)
				TypeCache.ScanAssembly (0ms)
			BuildScriptInfoCaches (113ms)
			ResolveRequiredComponents (6ms)
	FinalizeReload (491ms)
		ReleaseScriptCaches (0ms)
		RebuildScriptCaches (0ms)
		SetupLoadedEditorAssemblies (386ms)
			LogAssemblyErrors (0ms)
			InitializePlatformSupportModulesInManaged (1ms)
			SetLoadedEditorAssemblies (3ms)
			BeforeProcessingInitializeOnLoad (90ms)
			ProcessInitializeOnLoadAttributes (246ms)
			ProcessInitializeOnLoadMethodAttributes (42ms)
			AfterProcessingInitializeOnLoad (3ms)
			EditorAssembliesLoaded (0ms)
		ExecutionOrderSort2 (0ms)
		AwakeInstancesAfterBackupRestoration (10ms)
Refreshing native plugins compatible for Editor in 2.09 ms, found 4 plugins.
Preloading 0 native plugins for Editor in 0.00 ms.
Unloading 13 Unused Serialized files (Serialized files now loaded: 0)
Unloading 6772 unused Assets / (4.6 MB). Loaded Objects now: 7553.
Memory consumption went from 144.5 MB to 139.9 MB.
Total: 12.840600 ms (FindLiveObjects: 1.162100 ms CreateObjectMapping: 1.212000 ms MarkObjects: 6.897300 ms  DeleteObjects: 3.567600 ms)

Prepare: number of updated asset objects reloaded= 0
========================================================================
Received Import Request.
  Time since last request: 34.244704 seconds.
  path: Assets/Prefabs/UI/ItemInfo.prefab
  artifactKey: Guid(695506f7a2a30a34289c41534a71bdd8) Importer(815301076,1909f56bfc062723c751e8b465ee728b)
Start importing Assets/Prefabs/UI/ItemInfo.prefab using Guid(695506f7a2a30a34289c41534a71bdd8) Importer(815301076,1909f56bfc062723c751e8b465ee728b) (PreviewImporter) -> (artifact id: 'a6eeb453b540839e09db61b53e3146cc') in 0.1646304 seconds
Number of updated asset objects reloaded before import = 0Number of asset objects unloaded after import = 45

========================================================================
Received Import Request.
  Time since last request: 0.552701 seconds.
  path: Assets/Prefabs/UI/ItemInfo.prefab
  artifactKey: Guid(695506f7a2a30a34289c41534a71bdd8) Importer(815301076,1909f56bfc062723c751e8b465ee728b)
Start importing Assets/Prefabs/UI/ItemInfo.prefab using Guid(695506f7a2a30a34289c41534a71bdd8) Importer(815301076,1909f56bfc062723c751e8b465ee728b) (PreviewImporter) -> (artifact id: '573a94696a24d1e496070e58fe46ba79') in 0.1272607 seconds
Number of updated asset objects reloaded before import = 0Number of asset objects unloaded after import = 45

========================================================================
Received Import Request.
  Time since last request: 3.673428 seconds.
  path: Assets/Prefabs/UI/ItemInfo.prefab
  artifactKey: Guid(695506f7a2a30a34289c41534a71bdd8) Importer(815301076,1909f56bfc062723c751e8b465ee728b)
Start importing Assets/Prefabs/UI/ItemInfo.prefab using Guid(695506f7a2a30a34289c41534a71bdd8) Importer(815301076,1909f56bfc062723c751e8b465ee728b) (PreviewImporter) -> (artifact id: '1ada5c735a2391c1cd88d0b68abaa5fa') in 0.1315124 seconds
Number of updated asset objects reloaded before import = 0Number of asset objects unloaded after import = 45

========================================================================
Received Import Request.
  Time since last request: 0.850170 seconds.
  path: Assets/Prefabs/UI/ItemInfo.prefab
  artifactKey: Guid(695506f7a2a30a34289c41534a71bdd8) Importer(815301076,1909f56bfc062723c751e8b465ee728b)
Start importing Assets/Prefabs/UI/ItemInfo.prefab using Guid(695506f7a2a30a34289c41534a71bdd8) Importer(815301076,1909f56bfc062723c751e8b465ee728b) (PreviewImporter) -> (artifact id: '3a41bdde1167f449afd66bfbf3ee3b02') in 0.1308616 seconds
Number of updated asset objects reloaded before import = 0Number of asset objects unloaded after import = 45

========================================================================
Received Import Request.
  Time since last request: 0.845717 seconds.
  path: Assets/Prefabs/UI/ItemInfo.prefab
  artifactKey: Guid(695506f7a2a30a34289c41534a71bdd8) Importer(815301076,1909f56bfc062723c751e8b465ee728b)
Start importing Assets/Prefabs/UI/ItemInfo.prefab using Guid(695506f7a2a30a34289c41534a71bdd8) Importer(815301076,1909f56bfc062723c751e8b465ee728b) (PreviewImporter) -> (artifact id: '0d2386a98f6dc6efd6760a46cece1478') in 0.1278796 seconds
Number of updated asset objects reloaded before import = 0Number of asset objects unloaded after import = 45

========================================================================
Received Import Request.
  Time since last request: 0.868708 seconds.
  path: Assets/Prefabs/UI/ItemInfo.prefab
  artifactKey: Guid(695506f7a2a30a34289c41534a71bdd8) Importer(815301076,1909f56bfc062723c751e8b465ee728b)
Start importing Assets/Prefabs/UI/ItemInfo.prefab using Guid(695506f7a2a30a34289c41534a71bdd8) Importer(815301076,1909f56bfc062723c751e8b465ee728b) (PreviewImporter) -> (artifact id: '7cc239729c3b588377fc2e1f34aaf929') in 0.1326937 seconds
Number of updated asset objects reloaded before import = 0Number of asset objects unloaded after import = 45

========================================================================
Received Import Request.
  Time since last request: 11.474324 seconds.
  path: Assets/Prefabs/UI/ItemInfo.prefab
  artifactKey: Guid(695506f7a2a30a34289c41534a71bdd8) Importer(815301076,1909f56bfc062723c751e8b465ee728b)
Start importing Assets/Prefabs/UI/ItemInfo.prefab using Guid(695506f7a2a30a34289c41534a71bdd8) Importer(815301076,1909f56bfc062723c751e8b465ee728b) (PreviewImporter) -> (artifact id: 'c56c77a215e382dfa3364d08a75acbd8') in 0.1309629 seconds
Number of updated asset objects reloaded before import = 0Number of asset objects unloaded after import = 45

========================================================================
Received Import Request.
  Time since last request: 1.053238 seconds.
  path: Assets/Prefabs/UI/ItemInfo.prefab
  artifactKey: Guid(695506f7a2a30a34289c41534a71bdd8) Importer(815301076,1909f56bfc062723c751e8b465ee728b)
Start importing Assets/Prefabs/UI/ItemInfo.prefab using Guid(695506f7a2a30a34289c41534a71bdd8) Importer(815301076,1909f56bfc062723c751e8b465ee728b) (PreviewImporter) -> (artifact id: '4d6207d065d9ef0c41189d541469799c') in 0.1268327 seconds
Number of updated asset objects reloaded before import = 0Number of asset objects unloaded after import = 45

========================================================================
Received Import Request.
  Time since last request: 7.099005 seconds.
  path: Assets/Prefabs/UI/ItemInfo.prefab
  artifactKey: Guid(695506f7a2a30a34289c41534a71bdd8) Importer(815301076,1909f56bfc062723c751e8b465ee728b)
Start importing Assets/Prefabs/UI/ItemInfo.prefab using Guid(695506f7a2a30a34289c41534a71bdd8) Importer(815301076,1909f56bfc062723c751e8b465ee728b) (PreviewImporter) -> (artifact id: '66bac3daaabc2f988e17f82daf5c848c') in 0.1298391 seconds
Number of updated asset objects reloaded before import = 0Number of asset objects unloaded after import = 45

========================================================================
Received Import Request.
  Time since last request: 5.696738 seconds.
  path: Assets/Prefabs/UI/ItemInfo.prefab
  artifactKey: Guid(695506f7a2a30a34289c41534a71bdd8) Importer(815301076,1909f56bfc062723c751e8b465ee728b)
Start importing Assets/Prefabs/UI/ItemInfo.prefab using Guid(695506f7a2a30a34289c41534a71bdd8) Importer(815301076,1909f56bfc062723c751e8b465ee728b) (PreviewImporter) -> (artifact id: 'f21325f205c06e29e43a0ecf8c7ee829') in 0.1276921 seconds
Number of updated asset objects reloaded before import = 0Number of asset objects unloaded after import = 45

========================================================================
Received Import Request.
  Time since last request: 2.465433 seconds.
  path: Assets/Prefabs/UI/ItemInfo.prefab
  artifactKey: Guid(695506f7a2a30a34289c41534a71bdd8) Importer(815301076,1909f56bfc062723c751e8b465ee728b)
Start importing Assets/Prefabs/UI/ItemInfo.prefab using Guid(695506f7a2a30a34289c41534a71bdd8) Importer(815301076,1909f56bfc062723c751e8b465ee728b) (PreviewImporter) -> (artifact id: '53c0fcb04d11df807c0b88385238986b') in 0.1278194 seconds
Number of updated asset objects reloaded before import = 0Number of asset objects unloaded after import = 45

========================================================================
Received Import Request.
  Time since last request: 37.173471 seconds.
  path: Assets/Prefabs/UI/ItemInfo.prefab
  artifactKey: Guid(695506f7a2a30a34289c41534a71bdd8) Importer(815301076,1909f56bfc062723c751e8b465ee728b)
Start importing Assets/Prefabs/UI/ItemInfo.prefab using Guid(695506f7a2a30a34289c41534a71bdd8) Importer(815301076,1909f56bfc062723c751e8b465ee728b) (PreviewImporter) -> (artifact id: '2fd4f3435b7121a4f0e33bdb52417321') in 0.1301493 seconds
Number of updated asset objects reloaded before import = 0Number of asset objects unloaded after import = 46

========================================================================
Received Import Request.
  Time since last request: 0.837228 seconds.
  path: Assets/Prefabs/UI/ItemInfo.prefab
  artifactKey: Guid(695506f7a2a30a34289c41534a71bdd8) Importer(815301076,1909f56bfc062723c751e8b465ee728b)
Start importing Assets/Prefabs/UI/ItemInfo.prefab using Guid(695506f7a2a30a34289c41534a71bdd8) Importer(815301076,1909f56bfc062723c751e8b465ee728b) (PreviewImporter) -> (artifact id: '91ac0bda3d7576aa912e25571e09f9e5') in 0.1266805 seconds
Number of updated asset objects reloaded before import = 0Number of asset objects unloaded after import = 46

========================================================================
Received Import Request.
  Time since last request: 3.589432 seconds.
  path: Assets/Prefabs/UI/ItemInfo.prefab
  artifactKey: Guid(695506f7a2a30a34289c41534a71bdd8) Importer(815301076,1909f56bfc062723c751e8b465ee728b)
Start importing Assets/Prefabs/UI/ItemInfo.prefab using Guid(695506f7a2a30a34289c41534a71bdd8) Importer(815301076,1909f56bfc062723c751e8b465ee728b) (PreviewImporter) -> (artifact id: 'eb1a03ca0e61e8c2ff556ca227b03769') in 0.1297978 seconds
Number of updated asset objects reloaded before import = 0Number of asset objects unloaded after import = 46

========================================================================
Received Import Request.
  Time since last request: 4.049281 seconds.
  path: Assets/Prefabs/UI/ItemInfo.prefab
  artifactKey: Guid(695506f7a2a30a34289c41534a71bdd8) Importer(815301076,1909f56bfc062723c751e8b465ee728b)
Start importing Assets/Prefabs/UI/ItemInfo.prefab using Guid(695506f7a2a30a34289c41534a71bdd8) Importer(815301076,1909f56bfc062723c751e8b465ee728b) (PreviewImporter) -> (artifact id: '2ed0e52889afa3003801566c00e55558') in 0.1288239 seconds
Number of updated asset objects reloaded before import = 0Number of asset objects unloaded after import = 46

========================================================================
Received Import Request.
  Time since last request: 876.298649 seconds.
  path: Assets/Prefabs/UI/ItemInfo.prefab
  artifactKey: Guid(695506f7a2a30a34289c41534a71bdd8) Importer(815301076,1909f56bfc062723c751e8b465ee728b)
Start importing Assets/Prefabs/UI/ItemInfo.prefab using Guid(695506f7a2a30a34289c41534a71bdd8) Importer(815301076,1909f56bfc062723c751e8b465ee728b) (PreviewImporter) -> (artifact id: '1e4beb53a668a5eefc304b7dc6f61df7') in 0.1374615 seconds
Number of updated asset objects reloaded before import = 0Number of asset objects unloaded after import = 49

========================================================================
Received Import Request.
  Time since last request: 4.678429 seconds.
  path: Assets/Prefabs/UI/ItemInfo.prefab
  artifactKey: Guid(695506f7a2a30a34289c41534a71bdd8) Importer(815301076,1909f56bfc062723c751e8b465ee728b)
Start importing Assets/Prefabs/UI/ItemInfo.prefab using Guid(695506f7a2a30a34289c41534a71bdd8) Importer(815301076,1909f56bfc062723c751e8b465ee728b) (PreviewImporter) -> (artifact id: '67591686c96b346cb6645cda6de05706') in 0.1285834 seconds
Number of updated asset objects reloaded before import = 0Number of asset objects unloaded after import = 49

========================================================================
Received Import Request.
  Time since last request: 10.430515 seconds.
  path: Assets/Prefabs/UI/ItemInfo.prefab
  artifactKey: Guid(695506f7a2a30a34289c41534a71bdd8) Importer(815301076,1909f56bfc062723c751e8b465ee728b)
Start importing Assets/Prefabs/UI/ItemInfo.prefab using Guid(695506f7a2a30a34289c41534a71bdd8) Importer(815301076,1909f56bfc062723c751e8b465ee728b) (PreviewImporter) -> (artifact id: 'e9cd4ee86634fbfed3c91ec4f8bdd3ef') in 0.1302031 seconds
Number of updated asset objects reloaded before import = 0Number of asset objects unloaded after import = 49

========================================================================
Received Import Request.
  Time since last request: 0.734913 seconds.
  path: Assets/Prefabs/UI/ItemInfo.prefab
  artifactKey: Guid(695506f7a2a30a34289c41534a71bdd8) Importer(815301076,1909f56bfc062723c751e8b465ee728b)
Start importing Assets/Prefabs/UI/ItemInfo.prefab using Guid(695506f7a2a30a34289c41534a71bdd8) Importer(815301076,1909f56bfc062723c751e8b465ee728b) (PreviewImporter) -> (artifact id: '2faa2fd3ee3afa4ba8e24de8a9c57df4') in 0.1230765 seconds
Number of updated asset objects reloaded before import = 0Number of asset objects unloaded after import = 49

========================================================================
Received Import Request.
  Time since last request: 27.894009 seconds.
  path: Assets/Prefabs/UI/ItemInfo.prefab
  artifactKey: Guid(695506f7a2a30a34289c41534a71bdd8) Importer(815301076,1909f56bfc062723c751e8b465ee728b)
Start importing Assets/Prefabs/UI/ItemInfo.prefab using Guid(695506f7a2a30a34289c41534a71bdd8) Importer(815301076,1909f56bfc062723c751e8b465ee728b) (PreviewImporter) -> (artifact id: '2599c4f7da31eac38c9cd7f886d62fc9') in 0.1268818 seconds
Number of updated asset objects reloaded before import = 0Number of asset objects unloaded after import = 49

========================================================================
Received Import Request.
  Time since last request: 4.687959 seconds.
  path: Assets/Prefabs/UI/ItemInfo.prefab
  artifactKey: Guid(695506f7a2a30a34289c41534a71bdd8) Importer(815301076,1909f56bfc062723c751e8b465ee728b)
Start importing Assets/Prefabs/UI/ItemInfo.prefab using Guid(695506f7a2a30a34289c41534a71bdd8) Importer(815301076,1909f56bfc062723c751e8b465ee728b) (PreviewImporter) -> (artifact id: '7e05e1f176fb3d796a5d6ca8bc576efa') in 0.1300319 seconds
Number of updated asset objects reloaded before import = 0Number of asset objects unloaded after import = 49

========================================================================
Received Import Request.
  Time since last request: 0.646604 seconds.
  path: Assets/Prefabs/UI/ItemInfo.prefab
  artifactKey: Guid(695506f7a2a30a34289c41534a71bdd8) Importer(815301076,1909f56bfc062723c751e8b465ee728b)
Start importing Assets/Prefabs/UI/ItemInfo.prefab using Guid(695506f7a2a30a34289c41534a71bdd8) Importer(815301076,1909f56bfc062723c751e8b465ee728b) (PreviewImporter) -> (artifact id: 'f0f7ae05306166e937349bb28ba69ddc') in 0.1361212 seconds
Number of updated asset objects reloaded before import = 0Number of asset objects unloaded after import = 49

========================================================================
Received Import Request.
  Time since last request: 6.103231 seconds.
  path: Assets/Prefabs/UI/ItemInfo.prefab
  artifactKey: Guid(695506f7a2a30a34289c41534a71bdd8) Importer(815301076,1909f56bfc062723c751e8b465ee728b)
Start importing Assets/Prefabs/UI/ItemInfo.prefab using Guid(695506f7a2a30a34289c41534a71bdd8) Importer(815301076,1909f56bfc062723c751e8b465ee728b) (PreviewImporter) -> (artifact id: 'e95782045b315d880e4c5944b1c2733f') in 0.1270898 seconds
Number of updated asset objects reloaded before import = 0Number of asset objects unloaded after import = 49

========================================================================
Received Import Request.
  Time since last request: 12.954068 seconds.
  path: Assets/Prefabs/UI/ItemInfo.prefab
  artifactKey: Guid(695506f7a2a30a34289c41534a71bdd8) Importer(815301076,1909f56bfc062723c751e8b465ee728b)
Start importing Assets/Prefabs/UI/ItemInfo.prefab using Guid(695506f7a2a30a34289c41534a71bdd8) Importer(815301076,1909f56bfc062723c751e8b465ee728b) (PreviewImporter) -> (artifact id: '487a11d7a4b89b8373f042cb96c84117') in 0.1296142 seconds
Number of updated asset objects reloaded before import = 0Number of asset objects unloaded after import = 49

========================================================================
Received Import Request.
  Time since last request: 0.847810 seconds.
  path: Assets/Prefabs/UI/ItemInfo.prefab
  artifactKey: Guid(695506f7a2a30a34289c41534a71bdd8) Importer(815301076,1909f56bfc062723c751e8b465ee728b)
Start importing Assets/Prefabs/UI/ItemInfo.prefab using Guid(695506f7a2a30a34289c41534a71bdd8) Importer(815301076,1909f56bfc062723c751e8b465ee728b) (PreviewImporter) -> (artifact id: '90a3bbeea5c050e512f747c211d49304') in 0.1323598 seconds
Number of updated asset objects reloaded before import = 0Number of asset objects unloaded after import = 49

========================================================================
Received Import Request.
  Time since last request: 3.068693 seconds.
  path: Assets/Prefabs/UI/ItemInfo.prefab
  artifactKey: Guid(695506f7a2a30a34289c41534a71bdd8) Importer(815301076,1909f56bfc062723c751e8b465ee728b)
Start importing Assets/Prefabs/UI/ItemInfo.prefab using Guid(695506f7a2a30a34289c41534a71bdd8) Importer(815301076,1909f56bfc062723c751e8b465ee728b) (PreviewImporter) -> (artifact id: '24d2bb800c94ebc94e12773998de6e20') in 0.13081 seconds
Number of updated asset objects reloaded before import = 0Number of asset objects unloaded after import = 49

========================================================================
Received Import Request.
  Time since last request: 18.817899 seconds.
  path: Assets/Prefabs/UI/ItemInfo.prefab
  artifactKey: Guid(695506f7a2a30a34289c41534a71bdd8) Importer(815301076,1909f56bfc062723c751e8b465ee728b)
Start importing Assets/Prefabs/UI/ItemInfo.prefab using Guid(695506f7a2a30a34289c41534a71bdd8) Importer(815301076,1909f56bfc062723c751e8b465ee728b) (PreviewImporter) -> (artifact id: '22acb8adc9fe5078414defb0fd2f5d28') in 0.1306435 seconds
Number of updated asset objects reloaded before import = 0Number of asset objects unloaded after import = 49

========================================================================
Received Import Request.
  Time since last request: 15.591837 seconds.
  path: Assets/Prefabs/UI/ItemInfo.prefab
  artifactKey: Guid(695506f7a2a30a34289c41534a71bdd8) Importer(815301076,1909f56bfc062723c751e8b465ee728b)
Start importing Assets/Prefabs/UI/ItemInfo.prefab using Guid(695506f7a2a30a34289c41534a71bdd8) Importer(815301076,1909f56bfc062723c751e8b465ee728b) (PreviewImporter) -> (artifact id: '156ba8ae084bb8fd3660b4bae18199fc') in 0.130033 seconds
Number of updated asset objects reloaded before import = 0Number of asset objects unloaded after import = 49

========================================================================
Received Import Request.
  Time since last request: 16.370420 seconds.
  path: Assets/Prefabs/UI/ItemInfo.prefab
  artifactKey: Guid(695506f7a2a30a34289c41534a71bdd8) Importer(815301076,1909f56bfc062723c751e8b465ee728b)
Start importing Assets/Prefabs/UI/ItemInfo.prefab using Guid(695506f7a2a30a34289c41534a71bdd8) Importer(815301076,1909f56bfc062723c751e8b465ee728b) (PreviewImporter) -> (artifact id: '1c428738a9a0ff0b9250ce5c8c98cfef') in 0.1341798 seconds
Number of updated asset objects reloaded before import = 0Number of asset objects unloaded after import = 49

========================================================================
Received Import Request.
  Time since last request: 65.937099 seconds.
  path: Assets/Prefabs/UI/ItemInfo.prefab
  artifactKey: Guid(695506f7a2a30a34289c41534a71bdd8) Importer(815301076,1909f56bfc062723c751e8b465ee728b)
Start importing Assets/Prefabs/UI/ItemInfo.prefab using Guid(695506f7a2a30a34289c41534a71bdd8) Importer(815301076,1909f56bfc062723c751e8b465ee728b) (PreviewImporter) -> (artifact id: '87e87267fde4e8773f316e0cc3790714') in 0.1294972 seconds
Number of updated asset objects reloaded before import = 0Number of asset objects unloaded after import = 53

========================================================================
Received Import Request.
  Time since last request: 16.401352 seconds.
  path: Assets/Prefabs/UI/ItemInfo.prefab
  artifactKey: Guid(695506f7a2a30a34289c41534a71bdd8) Importer(815301076,1909f56bfc062723c751e8b465ee728b)
Start importing Assets/Prefabs/UI/ItemInfo.prefab using Guid(695506f7a2a30a34289c41534a71bdd8) Importer(815301076,1909f56bfc062723c751e8b465ee728b) (PreviewImporter) -> (artifact id: '2c6f9938809a1d7e65fc23b905c6d4e9') in 0.1267143 seconds
Number of updated asset objects reloaded before import = 0Number of asset objects unloaded after import = 53

========================================================================
Received Import Request.
  Time since last request: 21.628861 seconds.
  path: Assets/Prefabs/UI/ItemInfo.prefab
  artifactKey: Guid(695506f7a2a30a34289c41534a71bdd8) Importer(815301076,1909f56bfc062723c751e8b465ee728b)
Start importing Assets/Prefabs/UI/ItemInfo.prefab using Guid(695506f7a2a30a34289c41534a71bdd8) Importer(815301076,1909f56bfc062723c751e8b465ee728b) (PreviewImporter) -> (artifact id: '10f1b1191f48ede76583844fabc65831') in 0.1325636 seconds
Number of updated asset objects reloaded before import = 0Number of asset objects unloaded after import = 53

========================================================================
Received Import Request.
  Time since last request: 2.062495 seconds.
  path: Assets/Prefabs/UI/ItemInfo.prefab
  artifactKey: Guid(695506f7a2a30a34289c41534a71bdd8) Importer(815301076,1909f56bfc062723c751e8b465ee728b)
Start importing Assets/Prefabs/UI/ItemInfo.prefab using Guid(695506f7a2a30a34289c41534a71bdd8) Importer(815301076,1909f56bfc062723c751e8b465ee728b) (PreviewImporter) -> (artifact id: 'c0a776257f84b645742bb10cf1cd8640') in 0.1277302 seconds
Number of updated asset objects reloaded before import = 0Number of asset objects unloaded after import = 53

========================================================================
Received Import Request.
  Time since last request: 10.740563 seconds.
  path: Assets/Prefabs/UI/ItemInfo.prefab
  artifactKey: Guid(695506f7a2a30a34289c41534a71bdd8) Importer(815301076,1909f56bfc062723c751e8b465ee728b)
Start importing Assets/Prefabs/UI/ItemInfo.prefab using Guid(695506f7a2a30a34289c41534a71bdd8) Importer(815301076,1909f56bfc062723c751e8b465ee728b) (PreviewImporter) -> (artifact id: '1b0ddfbfd8c43a6a6adab2a63f507e75') in 0.1277183 seconds
Number of updated asset objects reloaded before import = 0Number of asset objects unloaded after import = 53

========================================================================
Received Import Request.
  Time since last request: 122.794678 seconds.
  path: Assets/Prefabs/UI/ItemInfo.prefab
  artifactKey: Guid(695506f7a2a30a34289c41534a71bdd8) Importer(815301076,1909f56bfc062723c751e8b465ee728b)
Start importing Assets/Prefabs/UI/ItemInfo.prefab using Guid(695506f7a2a30a34289c41534a71bdd8) Importer(815301076,1909f56bfc062723c751e8b465ee728b) (PreviewImporter) -> (artifact id: 'f74fec6f963781c0015e25e51be8dab5') in 0.1336055 seconds
Number of updated asset objects reloaded before import = 0Number of asset objects unloaded after import = 53

========================================================================
Received Import Request.
  Time since last request: 9.511387 seconds.
  path: Assets/Prefabs/UI/ItemInfo.prefab
  artifactKey: Guid(695506f7a2a30a34289c41534a71bdd8) Importer(815301076,1909f56bfc062723c751e8b465ee728b)
Start importing Assets/Prefabs/UI/ItemInfo.prefab using Guid(695506f7a2a30a34289c41534a71bdd8) Importer(815301076,1909f56bfc062723c751e8b465ee728b) (PreviewImporter) -> (artifact id: 'd0dfcd12b81a0b86059256391c34dfed') in 0.1293222 seconds
Number of updated asset objects reloaded before import = 0Number of asset objects unloaded after import = 53

========================================================================
Received Import Request.
  Time since last request: 27.542709 seconds.
  path: Assets/Prefabs/UI/ItemInfo.prefab
  artifactKey: Guid(695506f7a2a30a34289c41534a71bdd8) Importer(815301076,1909f56bfc062723c751e8b465ee728b)
Start importing Assets/Prefabs/UI/ItemInfo.prefab using Guid(695506f7a2a30a34289c41534a71bdd8) Importer(815301076,1909f56bfc062723c751e8b465ee728b) (PreviewImporter) -> (artifact id: 'eabde536f20b326759dc0cddf70841a2') in 0.184751 seconds
Number of updated asset objects reloaded before import = 0Number of asset objects unloaded after import = 53

========================================================================
Received Import Request.
  Time since last request: 29.397188 seconds.
  path: Assets/Prefabs/UI/ItemInfo.prefab
  artifactKey: Guid(695506f7a2a30a34289c41534a71bdd8) Importer(815301076,1909f56bfc062723c751e8b465ee728b)
Start importing Assets/Prefabs/UI/ItemInfo.prefab using Guid(695506f7a2a30a34289c41534a71bdd8) Importer(815301076,1909f56bfc062723c751e8b465ee728b) (PreviewImporter) -> (artifact id: 'b73b2f2e831c3d16d73e48b742b53453') in 0.1301795 seconds
Number of updated asset objects reloaded before import = 0Number of asset objects unloaded after import = 53

========================================================================
Received Import Request.
  Time since last request: 24.275502 seconds.
  path: Assets/Prefabs/UI/ItemInfo.prefab
  artifactKey: Guid(695506f7a2a30a34289c41534a71bdd8) Importer(815301076,1909f56bfc062723c751e8b465ee728b)
Start importing Assets/Prefabs/UI/ItemInfo.prefab using Guid(695506f7a2a30a34289c41534a71bdd8) Importer(815301076,1909f56bfc062723c751e8b465ee728b) (PreviewImporter) -> (artifact id: '17f4fb2724fc2570cba0171e9b1e83ed') in 0.1282921 seconds
Number of updated asset objects reloaded before import = 0Number of asset objects unloaded after import = 53

========================================================================
Received Import Request.
  Time since last request: 41.386644 seconds.
  path: Assets/Prefabs/UI/ItemInfo.prefab
  artifactKey: Guid(695506f7a2a30a34289c41534a71bdd8) Importer(815301076,1909f56bfc062723c751e8b465ee728b)
Start importing Assets/Prefabs/UI/ItemInfo.prefab using Guid(695506f7a2a30a34289c41534a71bdd8) Importer(815301076,1909f56bfc062723c751e8b465ee728b) (PreviewImporter) -> (artifact id: '3ebd068eb7f25d0a1fa468f73898e55d') in 0.1276454 seconds
Number of updated asset objects reloaded before import = 0Number of asset objects unloaded after import = 53

========================================================================
Received Import Request.
  Time since last request: 10.940179 seconds.
  path: Assets/Prefabs/UI/ItemInfo.prefab
  artifactKey: Guid(695506f7a2a30a34289c41534a71bdd8) Importer(815301076,1909f56bfc062723c751e8b465ee728b)
Start importing Assets/Prefabs/UI/ItemInfo.prefab using Guid(695506f7a2a30a34289c41534a71bdd8) Importer(815301076,1909f56bfc062723c751e8b465ee728b) (PreviewImporter) -> (artifact id: 'fec8493f966a3282423d58dfbff353b5') in 0.1296326 seconds
Number of updated asset objects reloaded before import = 0Number of asset objects unloaded after import = 53

========================================================================
Received Import Request.
  Time since last request: 6.098708 seconds.
  path: Assets/Prefabs/UI/ItemInfo.prefab
  artifactKey: Guid(695506f7a2a30a34289c41534a71bdd8) Importer(815301076,1909f56bfc062723c751e8b465ee728b)
Start importing Assets/Prefabs/UI/ItemInfo.prefab using Guid(695506f7a2a30a34289c41534a71bdd8) Importer(815301076,1909f56bfc062723c751e8b465ee728b) (PreviewImporter) -> (artifact id: 'c8e9e1d94769535166cd0cbe8317b243') in 0.1273582 seconds
Number of updated asset objects reloaded before import = 0Number of asset objects unloaded after import = 53

========================================================================
Received Import Request.
  Time since last request: 73.829862 seconds.
  path: Assets/Sprites/UI/sprItemInfoButton.png
  artifactKey: Guid(30d0ff3ff2476794f802b49e437599d1) Importer(815301076,1909f56bfc062723c751e8b465ee728b)
Start importing Assets/Sprites/UI/sprItemInfoButton.png using Guid(30d0ff3ff2476794f802b49e437599d1) Importer(815301076,1909f56bfc062723c751e8b465ee728b) (PreviewImporter) -> (artifact id: 'ab76fe49465989fc4856b164dbd2e380') in 0.0557801 seconds
Number of updated asset objects reloaded before import = 0Number of asset objects unloaded after import = 3

========================================================================
Received Import Request.
  Time since last request: 7.243865 seconds.
  path: Assets/Sprites/UI/sprItemInfoButton.png
  artifactKey: Guid(30d0ff3ff2476794f802b49e437599d1) Importer(815301076,1909f56bfc062723c751e8b465ee728b)
Start importing Assets/Sprites/UI/sprItemInfoButton.png using Guid(30d0ff3ff2476794f802b49e437599d1) Importer(815301076,1909f56bfc062723c751e8b465ee728b) (PreviewImporter) -> (artifact id: '5d2252ecbfec08a8a5c8fbd13d9064a0') in 0.0126807 seconds
Number of updated asset objects reloaded before import = 0Number of asset objects unloaded after import = 3

========================================================================
Received Import Request.
  Time since last request: 69.377042 seconds.
  path: Assets/Prefabs/UI/ItemInfo.prefab
  artifactKey: Guid(695506f7a2a30a34289c41534a71bdd8) Importer(815301076,1909f56bfc062723c751e8b465ee728b)
Start importing Assets/Prefabs/UI/ItemInfo.prefab using Guid(695506f7a2a30a34289c41534a71bdd8) Importer(815301076,1909f56bfc062723c751e8b465ee728b) (PreviewImporter) -> (artifact id: '8b6df0bd935327d86c3f6284aa3a10f5') in 0.1301127 seconds
Number of updated asset objects reloaded before import = 0Number of asset objects unloaded after import = 62

========================================================================
Received Import Request.
  Time since last request: 8.904590 seconds.
  path: Assets/Prefabs/UI/ItemInfo.prefab
  artifactKey: Guid(695506f7a2a30a34289c41534a71bdd8) Importer(815301076,1909f56bfc062723c751e8b465ee728b)
Start importing Assets/Prefabs/UI/ItemInfo.prefab using Guid(695506f7a2a30a34289c41534a71bdd8) Importer(815301076,1909f56bfc062723c751e8b465ee728b) (PreviewImporter) -> (artifact id: '73888b1b494189f7055091d5390f93ad') in 0.1313489 seconds
Number of updated asset objects reloaded before import = 0Number of asset objects unloaded after import = 62

========================================================================
Received Import Request.
  Time since last request: 7.927135 seconds.
  path: Assets/Prefabs/UI/ItemInfo.prefab
  artifactKey: Guid(695506f7a2a30a34289c41534a71bdd8) Importer(815301076,1909f56bfc062723c751e8b465ee728b)
Start importing Assets/Prefabs/UI/ItemInfo.prefab using Guid(695506f7a2a30a34289c41534a71bdd8) Importer(815301076,1909f56bfc062723c751e8b465ee728b) (PreviewImporter) -> (artifact id: 'd5438dd9ad9e0ae22333f56b07159f65') in 0.1326544 seconds
Number of updated asset objects reloaded before import = 0Number of asset objects unloaded after import = 63

========================================================================
Received Import Request.
  Time since last request: 5.077956 seconds.
  path: Assets/Prefabs/UI/ItemInfo.prefab
  artifactKey: Guid(695506f7a2a30a34289c41534a71bdd8) Importer(815301076,1909f56bfc062723c751e8b465ee728b)
Start importing Assets/Prefabs/UI/ItemInfo.prefab using Guid(695506f7a2a30a34289c41534a71bdd8) Importer(815301076,1909f56bfc062723c751e8b465ee728b) (PreviewImporter) -> (artifact id: 'a70192cf88a3a718bade632b5624ccf4') in 0.1297611 seconds
Number of updated asset objects reloaded before import = 0Number of asset objects unloaded after import = 63

========================================================================
Received Import Request.
  Time since last request: 8.726071 seconds.
  path: Assets/Prefabs/UI/ItemInfo.prefab
  artifactKey: Guid(695506f7a2a30a34289c41534a71bdd8) Importer(815301076,1909f56bfc062723c751e8b465ee728b)
Start importing Assets/Prefabs/UI/ItemInfo.prefab using Guid(695506f7a2a30a34289c41534a71bdd8) Importer(815301076,1909f56bfc062723c751e8b465ee728b) (PreviewImporter) -> (artifact id: 'bdaaa99e4fe7515050631192e37bf6e9') in 0.1355563 seconds
Number of updated asset objects reloaded before import = 0Number of asset objects unloaded after import = 63

========================================================================
Received Import Request.
  Time since last request: 4.478179 seconds.
  path: Assets/Prefabs/UI/ItemInfo.prefab
  artifactKey: Guid(695506f7a2a30a34289c41534a71bdd8) Importer(815301076,1909f56bfc062723c751e8b465ee728b)
Start importing Assets/Prefabs/UI/ItemInfo.prefab using Guid(695506f7a2a30a34289c41534a71bdd8) Importer(815301076,1909f56bfc062723c751e8b465ee728b) (PreviewImporter) -> (artifact id: 'fde615fe2eb584aa38406fe868c9c058') in 0.1272604 seconds
Number of updated asset objects reloaded before import = 0Number of asset objects unloaded after import = 63

========================================================================
Received Import Request.
  Time since last request: 9.769065 seconds.
  path: Assets/Prefabs/UI/ItemInfo.prefab
  artifactKey: Guid(695506f7a2a30a34289c41534a71bdd8) Importer(815301076,1909f56bfc062723c751e8b465ee728b)
Start importing Assets/Prefabs/UI/ItemInfo.prefab using Guid(695506f7a2a30a34289c41534a71bdd8) Importer(815301076,1909f56bfc062723c751e8b465ee728b) (PreviewImporter) -> (artifact id: '6cd36481dc0e2b7b00f55876e6ccd532') in 0.1215909 seconds
Number of updated asset objects reloaded before import = 0Number of asset objects unloaded after import = 63

========================================================================
Received Import Request.
  Time since last request: 4.078890 seconds.
  path: Assets/Prefabs/UI/ItemInfo.prefab
  artifactKey: Guid(695506f7a2a30a34289c41534a71bdd8) Importer(815301076,1909f56bfc062723c751e8b465ee728b)
Start importing Assets/Prefabs/UI/ItemInfo.prefab using Guid(695506f7a2a30a34289c41534a71bdd8) Importer(815301076,1909f56bfc062723c751e8b465ee728b) (PreviewImporter) -> (artifact id: '7ca774dcfde3ba55dcf53fba3526c1b0') in 0.1310073 seconds
Number of updated asset objects reloaded before import = 0Number of asset objects unloaded after import = 63

========================================================================
Received Import Request.
  Time since last request: 1.899869 seconds.
  path: Assets/Prefabs/UI/ItemInfo.prefab
  artifactKey: Guid(695506f7a2a30a34289c41534a71bdd8) Importer(815301076,1909f56bfc062723c751e8b465ee728b)
Start importing Assets/Prefabs/UI/ItemInfo.prefab using Guid(695506f7a2a30a34289c41534a71bdd8) Importer(815301076,1909f56bfc062723c751e8b465ee728b) (PreviewImporter) -> (artifact id: '7b9fc824eea2c09fc3bcd586239be643') in 0.1267862 seconds
Number of updated asset objects reloaded before import = 0Number of asset objects unloaded after import = 63

========================================================================
Received Import Request.
  Time since last request: 12.359716 seconds.
  path: Assets/Prefabs/UI/ItemInfo.prefab
  artifactKey: Guid(695506f7a2a30a34289c41534a71bdd8) Importer(815301076,1909f56bfc062723c751e8b465ee728b)
Start importing Assets/Prefabs/UI/ItemInfo.prefab using Guid(695506f7a2a30a34289c41534a71bdd8) Importer(815301076,1909f56bfc062723c751e8b465ee728b) (PreviewImporter) -> (artifact id: 'd6b5e1caf5c0f0fe605ad2d0665e15d0') in 0.1295833 seconds
Number of updated asset objects reloaded before import = 0Number of asset objects unloaded after import = 63

========================================================================
Received Import Request.
  Time since last request: 14.375105 seconds.
  path: Assets/Prefabs/UI/ItemInfo.prefab
  artifactKey: Guid(695506f7a2a30a34289c41534a71bdd8) Importer(815301076,1909f56bfc062723c751e8b465ee728b)
Start importing Assets/Prefabs/UI/ItemInfo.prefab using Guid(695506f7a2a30a34289c41534a71bdd8) Importer(815301076,1909f56bfc062723c751e8b465ee728b) (PreviewImporter) -> (artifact id: 'a9e97a4dce1010a4cd378382fa7ac0f0') in 0.1300694 seconds
Number of updated asset objects reloaded before import = 0Number of asset objects unloaded after import = 63

========================================================================
Received Import Request.
  Time since last request: 12.757093 seconds.
  path: Assets/Prefabs/UI/ItemInfo.prefab
  artifactKey: Guid(695506f7a2a30a34289c41534a71bdd8) Importer(815301076,1909f56bfc062723c751e8b465ee728b)
Start importing Assets/Prefabs/UI/ItemInfo.prefab using Guid(695506f7a2a30a34289c41534a71bdd8) Importer(815301076,1909f56bfc062723c751e8b465ee728b) (PreviewImporter) -> (artifact id: '14d3412ff5b0da98402a2c48706e6e55') in 0.1276216 seconds
Number of updated asset objects reloaded before import = 0Number of asset objects unloaded after import = 63

========================================================================
Received Import Request.
  Time since last request: 19.827773 seconds.
  path: Assets/Prefabs/UI/ItemInfo.prefab
  artifactKey: Guid(695506f7a2a30a34289c41534a71bdd8) Importer(815301076,1909f56bfc062723c751e8b465ee728b)
Start importing Assets/Prefabs/UI/ItemInfo.prefab using Guid(695506f7a2a30a34289c41534a71bdd8) Importer(815301076,1909f56bfc062723c751e8b465ee728b) (PreviewImporter) -> (artifact id: '3aa0ea907477b233ac0a98269a253870') in 0.1296497 seconds
Number of updated asset objects reloaded before import = 0Number of asset objects unloaded after import = 63

========================================================================
Received Import Request.
  Time since last request: 1.257583 seconds.
  path: Assets/Prefabs/UI/ItemInfo.prefab
  artifactKey: Guid(695506f7a2a30a34289c41534a71bdd8) Importer(815301076,1909f56bfc062723c751e8b465ee728b)
Start importing Assets/Prefabs/UI/ItemInfo.prefab using Guid(695506f7a2a30a34289c41534a71bdd8) Importer(815301076,1909f56bfc062723c751e8b465ee728b) (PreviewImporter) -> (artifact id: 'e42758c7d73cfdd0560fe6345e525b37') in 0.1299527 seconds
Number of updated asset objects reloaded before import = 0Number of asset objects unloaded after import = 63

========================================================================
Received Import Request.
  Time since last request: 1.458501 seconds.
  path: Assets/Prefabs/UI/ItemInfo.prefab
  artifactKey: Guid(695506f7a2a30a34289c41534a71bdd8) Importer(815301076,1909f56bfc062723c751e8b465ee728b)
Start importing Assets/Prefabs/UI/ItemInfo.prefab using Guid(695506f7a2a30a34289c41534a71bdd8) Importer(815301076,1909f56bfc062723c751e8b465ee728b) (PreviewImporter) -> (artifact id: '345c11a3e4a6ff26add882444df67a05') in 0.1282475 seconds
Number of updated asset objects reloaded before import = 0Number of asset objects unloaded after import = 63

========================================================================
Received Import Request.
  Time since last request: 15.388602 seconds.
  path: Assets/Prefabs/UI/ItemInfo.prefab
  artifactKey: Guid(695506f7a2a30a34289c41534a71bdd8) Importer(815301076,1909f56bfc062723c751e8b465ee728b)
Start importing Assets/Prefabs/UI/ItemInfo.prefab using Guid(695506f7a2a30a34289c41534a71bdd8) Importer(815301076,1909f56bfc062723c751e8b465ee728b) (PreviewImporter) -> (artifact id: 'f74f98b614cf6732f6f9ce231a43f7e2') in 0.1286504 seconds
Number of updated asset objects reloaded before import = 0Number of asset objects unloaded after import = 72

========================================================================
Received Import Request.
  Time since last request: 10.541728 seconds.
  path: Assets/Prefabs/UI/ItemInfo.prefab
  artifactKey: Guid(695506f7a2a30a34289c41534a71bdd8) Importer(815301076,1909f56bfc062723c751e8b465ee728b)
Start importing Assets/Prefabs/UI/ItemInfo.prefab using Guid(695506f7a2a30a34289c41534a71bdd8) Importer(815301076,1909f56bfc062723c751e8b465ee728b) (PreviewImporter) -> (artifact id: '9cdc80bb0bc7aee25bb7c1b633e07b34') in 0.1296734 seconds
Number of updated asset objects reloaded before import = 0Number of asset objects unloaded after import = 72

========================================================================
Received Import Request.
  Time since last request: 1.460861 seconds.
  path: Assets/Prefabs/UI/ItemInfo.prefab
  artifactKey: Guid(695506f7a2a30a34289c41534a71bdd8) Importer(815301076,1909f56bfc062723c751e8b465ee728b)
Start importing Assets/Prefabs/UI/ItemInfo.prefab using Guid(695506f7a2a30a34289c41534a71bdd8) Importer(815301076,1909f56bfc062723c751e8b465ee728b) (PreviewImporter) -> (artifact id: '44d8f0e86cab6c9c0b5d19a0f56256c3') in 0.1360436 seconds
Number of updated asset objects reloaded before import = 0Number of asset objects unloaded after import = 81

========================================================================
Received Import Request.
  Time since last request: 6.705502 seconds.
  path: Assets/Prefabs/UI/ItemInfo.prefab
  artifactKey: Guid(695506f7a2a30a34289c41534a71bdd8) Importer(815301076,1909f56bfc062723c751e8b465ee728b)
Start importing Assets/Prefabs/UI/ItemInfo.prefab using Guid(695506f7a2a30a34289c41534a71bdd8) Importer(815301076,1909f56bfc062723c751e8b465ee728b) (PreviewImporter) -> (artifact id: 'ca555613dc73306bfc94525893985b71') in 0.1300177 seconds
Number of updated asset objects reloaded before import = 0Number of asset objects unloaded after import = 81

========================================================================
Received Import Request.
  Time since last request: 6.687592 seconds.
  path: Assets/Prefabs/UI/ItemInfo.prefab
  artifactKey: Guid(695506f7a2a30a34289c41534a71bdd8) Importer(815301076,1909f56bfc062723c751e8b465ee728b)
Start importing Assets/Prefabs/UI/ItemInfo.prefab using Guid(695506f7a2a30a34289c41534a71bdd8) Importer(815301076,1909f56bfc062723c751e8b465ee728b) (PreviewImporter) -> (artifact id: 'd8be04be70d5059177a5c200a9f5f634') in 0.1317115 seconds
Number of updated asset objects reloaded before import = 0Number of asset objects unloaded after import = 81

========================================================================
Received Import Request.
  Time since last request: 2.656080 seconds.
  path: Assets/Prefabs/UI/ItemInfo.prefab
  artifactKey: Guid(695506f7a2a30a34289c41534a71bdd8) Importer(815301076,1909f56bfc062723c751e8b465ee728b)
Start importing Assets/Prefabs/UI/ItemInfo.prefab using Guid(695506f7a2a30a34289c41534a71bdd8) Importer(815301076,1909f56bfc062723c751e8b465ee728b) (PreviewImporter) -> (artifact id: 'ae8f179b4ea110d5c4eaa911f2fb6613') in 0.1286927 seconds
Number of updated asset objects reloaded before import = 0Number of asset objects unloaded after import = 81

========================================================================
Received Import Request.
  Time since last request: 7.308749 seconds.
  path: Assets/Prefabs/UI/ItemInfo.prefab
  artifactKey: Guid(695506f7a2a30a34289c41534a71bdd8) Importer(815301076,1909f56bfc062723c751e8b465ee728b)
Start importing Assets/Prefabs/UI/ItemInfo.prefab using Guid(695506f7a2a30a34289c41534a71bdd8) Importer(815301076,1909f56bfc062723c751e8b465ee728b) (PreviewImporter) -> (artifact id: 'b67d37423b29628e708a31729a4b0273') in 0.1304924 seconds
Number of updated asset objects reloaded before import = 0Number of asset objects unloaded after import = 81

========================================================================
Received Import Request.
  Time since last request: 36.359297 seconds.
  path: Assets/Prefabs/UI/ItemInfo.prefab
  artifactKey: Guid(695506f7a2a30a34289c41534a71bdd8) Importer(815301076,1909f56bfc062723c751e8b465ee728b)
Start importing Assets/Prefabs/UI/ItemInfo.prefab using Guid(695506f7a2a30a34289c41534a71bdd8) Importer(815301076,1909f56bfc062723c751e8b465ee728b) (PreviewImporter) -> (artifact id: '8179ede3cd162dad29ae1d78fb44c3bd') in 0.1313809 seconds
Number of updated asset objects reloaded before import = 0Number of asset objects unloaded after import = 81

========================================================================
Received Import Request.
  Time since last request: 13.947810 seconds.
  path: Assets/Prefabs/UI/ItemInfo.prefab
  artifactKey: Guid(695506f7a2a30a34289c41534a71bdd8) Importer(815301076,1909f56bfc062723c751e8b465ee728b)
Start importing Assets/Prefabs/UI/ItemInfo.prefab using Guid(695506f7a2a30a34289c41534a71bdd8) Importer(815301076,1909f56bfc062723c751e8b465ee728b) (PreviewImporter) -> (artifact id: 'cc9e35d302210e626744b55d42f1b834') in 0.1312039 seconds
Number of updated asset objects reloaded before import = 0Number of asset objects unloaded after import = 81

========================================================================
Received Import Request.
  Time since last request: 8.491159 seconds.
  path: Assets/Prefabs/UI/ItemInfo.prefab
  artifactKey: Guid(695506f7a2a30a34289c41534a71bdd8) Importer(815301076,1909f56bfc062723c751e8b465ee728b)
Start importing Assets/Prefabs/UI/ItemInfo.prefab using Guid(695506f7a2a30a34289c41534a71bdd8) Importer(815301076,1909f56bfc062723c751e8b465ee728b) (PreviewImporter) -> (artifact id: '2120f8bf47c27a9e2c8bfa8637474d53') in 0.1290279 seconds
Number of updated asset objects reloaded before import = 0Number of asset objects unloaded after import = 81

========================================================================
Received Import Request.
  Time since last request: 6.936013 seconds.
  path: Assets/Prefabs/UI/ItemInfo.prefab
  artifactKey: Guid(695506f7a2a30a34289c41534a71bdd8) Importer(815301076,1909f56bfc062723c751e8b465ee728b)
Start importing Assets/Prefabs/UI/ItemInfo.prefab using Guid(695506f7a2a30a34289c41534a71bdd8) Importer(815301076,1909f56bfc062723c751e8b465ee728b) (PreviewImporter) -> (artifact id: '85ffe129a3ff86aaee8eae5fd691c2cd') in 0.1327034 seconds
Number of updated asset objects reloaded before import = 0Number of asset objects unloaded after import = 81

========================================================================
Received Import Request.
  Time since last request: 4.844184 seconds.
  path: Assets/Prefabs/UI/ItemInfo.prefab
  artifactKey: Guid(695506f7a2a30a34289c41534a71bdd8) Importer(815301076,1909f56bfc062723c751e8b465ee728b)
Start importing Assets/Prefabs/UI/ItemInfo.prefab using Guid(695506f7a2a30a34289c41534a71bdd8) Importer(815301076,1909f56bfc062723c751e8b465ee728b) (PreviewImporter) -> (artifact id: '90a8a9a82311dddb691f3fccb11c5e5e') in 0.1272838 seconds
Number of updated asset objects reloaded before import = 0Number of asset objects unloaded after import = 81

========================================================================
Received Import Request.
  Time since last request: 33.560256 seconds.
  path: Assets/Prefabs/UI/ItemInfo.prefab
  artifactKey: Guid(695506f7a2a30a34289c41534a71bdd8) Importer(815301076,1909f56bfc062723c751e8b465ee728b)
Start importing Assets/Prefabs/UI/ItemInfo.prefab using Guid(695506f7a2a30a34289c41534a71bdd8) Importer(815301076,1909f56bfc062723c751e8b465ee728b) (PreviewImporter) -> (artifact id: 'd20dab9f58c448ead951b2fb11c5c0d0') in 0.132291 seconds
Number of updated asset objects reloaded before import = 0Number of asset objects unloaded after import = 81

========================================================================
Received Import Request.
  Time since last request: 2.043989 seconds.
  path: Assets/Prefabs/UI/ItemInfo.prefab
  artifactKey: Guid(695506f7a2a30a34289c41534a71bdd8) Importer(815301076,1909f56bfc062723c751e8b465ee728b)
Start importing Assets/Prefabs/UI/ItemInfo.prefab using Guid(695506f7a2a30a34289c41534a71bdd8) Importer(815301076,1909f56bfc062723c751e8b465ee728b) (PreviewImporter) -> (artifact id: 'c8239ca05d2457d1231a0b8caf19db25') in 0.1347392 seconds
Number of updated asset objects reloaded before import = 0Number of asset objects unloaded after import = 81

========================================================================
Received Import Request.
  Time since last request: 20.199950 seconds.
  path: Assets/Prefabs/UI/ItemInfo.prefab
  artifactKey: Guid(695506f7a2a30a34289c41534a71bdd8) Importer(815301076,1909f56bfc062723c751e8b465ee728b)
Start importing Assets/Prefabs/UI/ItemInfo.prefab using Guid(695506f7a2a30a34289c41534a71bdd8) Importer(815301076,1909f56bfc062723c751e8b465ee728b) (PreviewImporter) -> (artifact id: 'af371157d4a90f91255f7942b59a7e2a') in 0.1271343 seconds
Number of updated asset objects reloaded before import = 0Number of asset objects unloaded after import = 81

========================================================================
Received Import Request.
  Time since last request: 5335.894232 seconds.
  path: Assets/Prefabs/UI/ItemInfo.prefab
  artifactKey: Guid(695506f7a2a30a34289c41534a71bdd8) Importer(815301076,1909f56bfc062723c751e8b465ee728b)
Start importing Assets/Prefabs/UI/ItemInfo.prefab using Guid(695506f7a2a30a34289c41534a71bdd8) Importer(815301076,1909f56bfc062723c751e8b465ee728b) (PreviewImporter) -> (artifact id: '713c03e216c08e546622a6faa9bc9efa') in 0.1318047 seconds
Number of updated asset objects reloaded before import = 0Number of asset objects unloaded after import = 85

========================================================================
Received Import Request.
  Time since last request: 9.136804 seconds.
  path: Assets/Prefabs/UI/ItemInfo.prefab
  artifactKey: Guid(695506f7a2a30a34289c41534a71bdd8) Importer(815301076,1909f56bfc062723c751e8b465ee728b)
Start importing Assets/Prefabs/UI/ItemInfo.prefab using Guid(695506f7a2a30a34289c41534a71bdd8) Importer(815301076,1909f56bfc062723c751e8b465ee728b) (PreviewImporter) -> (artifact id: '200eed20aa6df219540cca5a249f679b') in 0.1327562 seconds
Number of updated asset objects reloaded before import = 0Number of asset objects unloaded after import = 84

========================================================================
Received Import Request.
  Time since last request: 53.926517 seconds.
  path: Assets/Prefabs/UI/ItemInfo.prefab
  artifactKey: Guid(695506f7a2a30a34289c41534a71bdd8) Importer(815301076,1909f56bfc062723c751e8b465ee728b)
Start importing Assets/Prefabs/UI/ItemInfo.prefab using Guid(695506f7a2a30a34289c41534a71bdd8) Importer(815301076,1909f56bfc062723c751e8b465ee728b) (PreviewImporter) -> (artifact id: 'b660600e37fb4e21cbaddab7eeecbf1c') in 0.1344844 seconds
Number of updated asset objects reloaded before import = 0Number of asset objects unloaded after import = 84

========================================================================
Received Import Request.
  Time since last request: 92.766364 seconds.
  path: Assets/Prefabs/UI/ItemInfo.prefab
  artifactKey: Guid(695506f7a2a30a34289c41534a71bdd8) Importer(815301076,1909f56bfc062723c751e8b465ee728b)
Start importing Assets/Prefabs/UI/ItemInfo.prefab using Guid(695506f7a2a30a34289c41534a71bdd8) Importer(815301076,1909f56bfc062723c751e8b465ee728b) (PreviewImporter) -> (artifact id: '6eaef83f33a001a81d1a025aab290fac') in 0.1348732 seconds
Number of updated asset objects reloaded before import = 0Number of asset objects unloaded after import = 84

========================================================================
Received Import Request.
  Time since last request: 16.775684 seconds.
  path: Assets/Prefabs/UI/ItemInfo.prefab
  artifactKey: Guid(695506f7a2a30a34289c41534a71bdd8) Importer(815301076,1909f56bfc062723c751e8b465ee728b)
Start importing Assets/Prefabs/UI/ItemInfo.prefab using Guid(695506f7a2a30a34289c41534a71bdd8) Importer(815301076,1909f56bfc062723c751e8b465ee728b) (PreviewImporter) -> (artifact id: '36cf51b43668b1280146d0a5b66229ba') in 0.1348699 seconds
Number of updated asset objects reloaded before import = 0Number of asset objects unloaded after import = 84

========================================================================
Received Import Request.
  Time since last request: 1.238352 seconds.
  path: Assets/Prefabs/UI/ItemInfo.prefab
  artifactKey: Guid(695506f7a2a30a34289c41534a71bdd8) Importer(815301076,1909f56bfc062723c751e8b465ee728b)
Start importing Assets/Prefabs/UI/ItemInfo.prefab using Guid(695506f7a2a30a34289c41534a71bdd8) Importer(815301076,1909f56bfc062723c751e8b465ee728b) (PreviewImporter) -> (artifact id: '1a34574d7395262d349ab155452f79b0') in 0.128143 seconds
Number of updated asset objects reloaded before import = 0Number of asset objects unloaded after import = 84

========================================================================
Received Import Request.
  Time since last request: 2.471900 seconds.
  path: Assets/Prefabs/UI/ItemInfo.prefab
  artifactKey: Guid(695506f7a2a30a34289c41534a71bdd8) Importer(815301076,1909f56bfc062723c751e8b465ee728b)
Start importing Assets/Prefabs/UI/ItemInfo.prefab using Guid(695506f7a2a30a34289c41534a71bdd8) Importer(815301076,1909f56bfc062723c751e8b465ee728b) (PreviewImporter) -> (artifact id: 'd2f3c1fba2e3039867624f62ccd1a73a') in 0.1309773 seconds
Number of updated asset objects reloaded before import = 0Number of asset objects unloaded after import = 84

========================================================================
Received Import Request.
  Time since last request: 9.919418 seconds.
  path: Assets/Prefabs/UI/ItemInfo.prefab
  artifactKey: Guid(695506f7a2a30a34289c41534a71bdd8) Importer(815301076,1909f56bfc062723c751e8b465ee728b)
Start importing Assets/Prefabs/UI/ItemInfo.prefab using Guid(695506f7a2a30a34289c41534a71bdd8) Importer(815301076,1909f56bfc062723c751e8b465ee728b) (PreviewImporter) -> (artifact id: '87b66b98cd976dc8e28f057f93735727') in 0.1334422 seconds
Number of updated asset objects reloaded before import = 0Number of asset objects unloaded after import = 84

========================================================================
Received Import Request.
  Time since last request: 32.540234 seconds.
  path: Assets/Prefabs/UI/ItemInfo.prefab
  artifactKey: Guid(695506f7a2a30a34289c41534a71bdd8) Importer(815301076,1909f56bfc062723c751e8b465ee728b)
Start importing Assets/Prefabs/UI/ItemInfo.prefab using Guid(695506f7a2a30a34289c41534a71bdd8) Importer(815301076,1909f56bfc062723c751e8b465ee728b) (PreviewImporter) -> (artifact id: 'e97dec041ccdc8fb73b1d14b9d6d281c') in 0.1314986 seconds
Number of updated asset objects reloaded before import = 0Number of asset objects unloaded after import = 84

========================================================================
Received Import Request.
  Time since last request: 15.992717 seconds.
  path: Assets/Prefabs/UI/ItemInfo.prefab
  artifactKey: Guid(695506f7a2a30a34289c41534a71bdd8) Importer(815301076,1909f56bfc062723c751e8b465ee728b)
Start importing Assets/Prefabs/UI/ItemInfo.prefab using Guid(695506f7a2a30a34289c41534a71bdd8) Importer(815301076,1909f56bfc062723c751e8b465ee728b) (PreviewImporter) -> (artifact id: 'e0d8d4ba3d23d5ea3325c69c654e4a59') in 0.1337082 seconds
Number of updated asset objects reloaded before import = 0Number of asset objects unloaded after import = 84

========================================================================
Received Import Request.
  Time since last request: 12.740927 seconds.
  path: Assets/Prefabs/UI/ItemInfo.prefab
  artifactKey: Guid(695506f7a2a30a34289c41534a71bdd8) Importer(815301076,1909f56bfc062723c751e8b465ee728b)
Start importing Assets/Prefabs/UI/ItemInfo.prefab using Guid(695506f7a2a30a34289c41534a71bdd8) Importer(815301076,1909f56bfc062723c751e8b465ee728b) (PreviewImporter) -> (artifact id: 'fe5150792764dc13294e2aafaaf7a905') in 0.1349187 seconds
Number of updated asset objects reloaded before import = 0Number of asset objects unloaded after import = 84

========================================================================
Received Import Request.
  Time since last request: 4.731338 seconds.
  path: Assets/Prefabs/UI/ItemInfo.prefab
  artifactKey: Guid(695506f7a2a30a34289c41534a71bdd8) Importer(815301076,1909f56bfc062723c751e8b465ee728b)
Start importing Assets/Prefabs/UI/ItemInfo.prefab using Guid(695506f7a2a30a34289c41534a71bdd8) Importer(815301076,1909f56bfc062723c751e8b465ee728b) (PreviewImporter) -> (artifact id: '58577bb050c0b38da59017f3ca65605f') in 0.1298715 seconds
Number of updated asset objects reloaded before import = 0Number of asset objects unloaded after import = 83

========================================================================
Received Import Request.
  Time since last request: 13.564754 seconds.
  path: Assets/Prefabs/UI/ItemInfo.prefab
  artifactKey: Guid(695506f7a2a30a34289c41534a71bdd8) Importer(815301076,1909f56bfc062723c751e8b465ee728b)
Start importing Assets/Prefabs/UI/ItemInfo.prefab using Guid(695506f7a2a30a34289c41534a71bdd8) Importer(815301076,1909f56bfc062723c751e8b465ee728b) (PreviewImporter) -> (artifact id: '6756e6a1ce8704686bc811673eb96fd4') in 0.1324655 seconds
Number of updated asset objects reloaded before import = 0Number of asset objects unloaded after import = 84

========================================================================
Received Import Request.
  Time since last request: 25.672993 seconds.
  path: Assets/Prefabs/UI/ItemInfo.prefab
  artifactKey: Guid(695506f7a2a30a34289c41534a71bdd8) Importer(815301076,1909f56bfc062723c751e8b465ee728b)
Start importing Assets/Prefabs/UI/ItemInfo.prefab using Guid(695506f7a2a30a34289c41534a71bdd8) Importer(815301076,1909f56bfc062723c751e8b465ee728b) (PreviewImporter) -> (artifact id: '44c8410962e88386b4bbb3b4f9246c64') in 0.1328705 seconds
Number of updated asset objects reloaded before import = 0Number of asset objects unloaded after import = 84

========================================================================
Received Import Request.
  Time since last request: 10.545785 seconds.
  path: Assets/Prefabs/UI/ItemInfo.prefab
  artifactKey: Guid(695506f7a2a30a34289c41534a71bdd8) Importer(815301076,1909f56bfc062723c751e8b465ee728b)
Start importing Assets/Prefabs/UI/ItemInfo.prefab using Guid(695506f7a2a30a34289c41534a71bdd8) Importer(815301076,1909f56bfc062723c751e8b465ee728b) (PreviewImporter) -> (artifact id: '7ef1bb6b24635ec3e11c9d2c986f96ec') in 0.1292548 seconds
Number of updated asset objects reloaded before import = 0Number of asset objects unloaded after import = 84

========================================================================
Received Import Request.
  Time since last request: 2.052069 seconds.
  path: Assets/Prefabs/UI/ItemInfo.prefab
  artifactKey: Guid(695506f7a2a30a34289c41534a71bdd8) Importer(815301076,1909f56bfc062723c751e8b465ee728b)
Start importing Assets/Prefabs/UI/ItemInfo.prefab using Guid(695506f7a2a30a34289c41534a71bdd8) Importer(815301076,1909f56bfc062723c751e8b465ee728b) (PreviewImporter) -> (artifact id: '94548bea72b0ffccf54c458518bba8ad') in 0.127819 seconds
Number of updated asset objects reloaded before import = 0Number of asset objects unloaded after import = 84

========================================================================
Received Import Request.
  Time since last request: 3.265836 seconds.
  path: Assets/Prefabs/UI/ItemInfo.prefab
  artifactKey: Guid(695506f7a2a30a34289c41534a71bdd8) Importer(815301076,1909f56bfc062723c751e8b465ee728b)
Start importing Assets/Prefabs/UI/ItemInfo.prefab using Guid(695506f7a2a30a34289c41534a71bdd8) Importer(815301076,1909f56bfc062723c751e8b465ee728b) (PreviewImporter) -> (artifact id: 'a436c87836087203754b9486cf73dd74') in 0.1317945 seconds
Number of updated asset objects reloaded before import = 0Number of asset objects unloaded after import = 84

========================================================================
Received Import Request.
  Time since last request: 1.296187 seconds.
  path: Assets/Prefabs/UI/ItemInfo.prefab
  artifactKey: Guid(695506f7a2a30a34289c41534a71bdd8) Importer(815301076,1909f56bfc062723c751e8b465ee728b)
Start importing Assets/Prefabs/UI/ItemInfo.prefab using Guid(695506f7a2a30a34289c41534a71bdd8) Importer(815301076,1909f56bfc062723c751e8b465ee728b) (PreviewImporter) -> (artifact id: '02db2e100b1626991a753b5d6db45104') in 0.1333216 seconds
Number of updated asset objects reloaded before import = 0Number of asset objects unloaded after import = 84

========================================================================
Received Import Request.
  Time since last request: 13.794670 seconds.
  path: Assets/Prefabs/UI/ItemInfo.prefab
  artifactKey: Guid(695506f7a2a30a34289c41534a71bdd8) Importer(815301076,1909f56bfc062723c751e8b465ee728b)
Start importing Assets/Prefabs/UI/ItemInfo.prefab using Guid(695506f7a2a30a34289c41534a71bdd8) Importer(815301076,1909f56bfc062723c751e8b465ee728b) (PreviewImporter) -> (artifact id: '52d2d47924e3e9a389f5b2eec8b65b66') in 0.1311637 seconds
Number of updated asset objects reloaded before import = 0Number of asset objects unloaded after import = 84

========================================================================
Received Import Request.
  Time since last request: 17.339530 seconds.
  path: Assets/Prefabs/UI/ItemInfo.prefab
  artifactKey: Guid(695506f7a2a30a34289c41534a71bdd8) Importer(815301076,1909f56bfc062723c751e8b465ee728b)
Start importing Assets/Prefabs/UI/ItemInfo.prefab using Guid(695506f7a2a30a34289c41534a71bdd8) Importer(815301076,1909f56bfc062723c751e8b465ee728b) (PreviewImporter) -> (artifact id: '2174d3539bb85f670363699e7a9b5679') in 0.1307566 seconds
Number of updated asset objects reloaded before import = 0Number of asset objects unloaded after import = 84

========================================================================
Received Import Request.
  Time since last request: 4.885162 seconds.
  path: Assets/Prefabs/UI/ItemInfo.prefab
  artifactKey: Guid(695506f7a2a30a34289c41534a71bdd8) Importer(815301076,1909f56bfc062723c751e8b465ee728b)
Start importing Assets/Prefabs/UI/ItemInfo.prefab using Guid(695506f7a2a30a34289c41534a71bdd8) Importer(815301076,1909f56bfc062723c751e8b465ee728b) (PreviewImporter) -> (artifact id: 'e7693604da0b3d17122e6b9aafc6ddbc') in 0.1301577 seconds
Number of updated asset objects reloaded before import = 0Number of asset objects unloaded after import = 84

========================================================================
Received Import Request.
  Time since last request: 1.456849 seconds.
  path: Assets/Prefabs/UI/ItemInfo.prefab
  artifactKey: Guid(695506f7a2a30a34289c41534a71bdd8) Importer(815301076,1909f56bfc062723c751e8b465ee728b)
Start importing Assets/Prefabs/UI/ItemInfo.prefab using Guid(695506f7a2a30a34289c41534a71bdd8) Importer(815301076,1909f56bfc062723c751e8b465ee728b) (PreviewImporter) -> (artifact id: '1254a8b0f3f7c8ab7bd5be1f4c2d6cb5') in 0.1280986 seconds
Number of updated asset objects reloaded before import = 0Number of asset objects unloaded after import = 84

========================================================================
Received Import Request.
  Time since last request: 12.421610 seconds.
  path: Assets/Prefabs/UI/ItemInfo.prefab
  artifactKey: Guid(695506f7a2a30a34289c41534a71bdd8) Importer(815301076,1909f56bfc062723c751e8b465ee728b)
Start importing Assets/Prefabs/UI/ItemInfo.prefab using Guid(695506f7a2a30a34289c41534a71bdd8) Importer(815301076,1909f56bfc062723c751e8b465ee728b) (PreviewImporter) -> (artifact id: '2653f8ccdfc818b2eaae191833c2c7d2') in 0.1328843 seconds
Number of updated asset objects reloaded before import = 0Number of asset objects unloaded after import = 84

========================================================================
Received Import Request.
  Time since last request: 8.707954 seconds.
  path: Assets/Prefabs/UI/ItemInfo.prefab
  artifactKey: Guid(695506f7a2a30a34289c41534a71bdd8) Importer(815301076,1909f56bfc062723c751e8b465ee728b)
Start importing Assets/Prefabs/UI/ItemInfo.prefab using Guid(695506f7a2a30a34289c41534a71bdd8) Importer(815301076,1909f56bfc062723c751e8b465ee728b) (PreviewImporter) -> (artifact id: 'b6ac5581ca48292e2f9f602efcf38bbc') in 0.1294771 seconds
Number of updated asset objects reloaded before import = 0Number of asset objects unloaded after import = 84

========================================================================
Received Import Request.
  Time since last request: 19.512469 seconds.
  path: Assets/Prefabs/UI/ItemInfo.prefab
  artifactKey: Guid(695506f7a2a30a34289c41534a71bdd8) Importer(815301076,1909f56bfc062723c751e8b465ee728b)
Start importing Assets/Prefabs/UI/ItemInfo.prefab using Guid(695506f7a2a30a34289c41534a71bdd8) Importer(815301076,1909f56bfc062723c751e8b465ee728b) (PreviewImporter) -> (artifact id: '846b383cecbf32d81140f93ec2989b4d') in 0.1300727 seconds
Number of updated asset objects reloaded before import = 0Number of asset objects unloaded after import = 84

========================================================================
Received Import Request.
  Time since last request: 22.848242 seconds.
  path: Assets/Prefabs/UI/ItemInfo.prefab
  artifactKey: Guid(695506f7a2a30a34289c41534a71bdd8) Importer(815301076,1909f56bfc062723c751e8b465ee728b)
Start importing Assets/Prefabs/UI/ItemInfo.prefab using Guid(695506f7a2a30a34289c41534a71bdd8) Importer(815301076,1909f56bfc062723c751e8b465ee728b) (PreviewImporter) -> (artifact id: '69548e146181f785b00c86e147ae7d25') in 0.1291963 seconds
Number of updated asset objects reloaded before import = 0Number of asset objects unloaded after import = 84

========================================================================
Received Import Request.
  Time since last request: 22.350576 seconds.
  path: Assets/Prefabs/UI/ItemInfo.prefab
  artifactKey: Guid(695506f7a2a30a34289c41534a71bdd8) Importer(815301076,1909f56bfc062723c751e8b465ee728b)
Start importing Assets/Prefabs/UI/ItemInfo.prefab using Guid(695506f7a2a30a34289c41534a71bdd8) Importer(815301076,1909f56bfc062723c751e8b465ee728b) (PreviewImporter) -> (artifact id: '4323adb755f8752cad519f476356b482') in 0.1306181 seconds
Number of updated asset objects reloaded before import = 0Number of asset objects unloaded after import = 88

========================================================================
Received Import Request.
  Time since last request: 8.512770 seconds.
  path: Assets/Prefabs/UI/ItemInfo.prefab
  artifactKey: Guid(695506f7a2a30a34289c41534a71bdd8) Importer(815301076,1909f56bfc062723c751e8b465ee728b)
Start importing Assets/Prefabs/UI/ItemInfo.prefab using Guid(695506f7a2a30a34289c41534a71bdd8) Importer(815301076,1909f56bfc062723c751e8b465ee728b) (PreviewImporter) -> (artifact id: 'df7352935173556d7f8c448dab7beb24') in 0.1288058 seconds
Number of updated asset objects reloaded before import = 0Number of asset objects unloaded after import = 88

========================================================================
Received Import Request.
  Time since last request: 4.490124 seconds.
  path: Assets/Prefabs/UI/ItemInfo.prefab
  artifactKey: Guid(695506f7a2a30a34289c41534a71bdd8) Importer(815301076,1909f56bfc062723c751e8b465ee728b)
Start importing Assets/Prefabs/UI/ItemInfo.prefab using Guid(695506f7a2a30a34289c41534a71bdd8) Importer(815301076,1909f56bfc062723c751e8b465ee728b) (PreviewImporter) -> (artifact id: 'e22c0517b6095c69385afb5ab25704cc') in 0.1273222 seconds
Number of updated asset objects reloaded before import = 0Number of asset objects unloaded after import = 88

========================================================================
Received Import Request.
  Time since last request: 26.305335 seconds.
  path: Assets/Prefabs/UI/ItemInfo.prefab
  artifactKey: Guid(695506f7a2a30a34289c41534a71bdd8) Importer(815301076,1909f56bfc062723c751e8b465ee728b)
Start importing Assets/Prefabs/UI/ItemInfo.prefab using Guid(695506f7a2a30a34289c41534a71bdd8) Importer(815301076,1909f56bfc062723c751e8b465ee728b) (PreviewImporter) -> (artifact id: '6bb231329d936a8afc8df0b198bba281') in 0.1318199 seconds
Number of updated asset objects reloaded before import = 0Number of asset objects unloaded after import = 88

========================================================================
Received Import Request.
  Time since last request: 3.666849 seconds.
  path: Assets/Prefabs/UI/ItemInfo.prefab
  artifactKey: Guid(695506f7a2a30a34289c41534a71bdd8) Importer(815301076,1909f56bfc062723c751e8b465ee728b)
Start importing Assets/Prefabs/UI/ItemInfo.prefab using Guid(695506f7a2a30a34289c41534a71bdd8) Importer(815301076,1909f56bfc062723c751e8b465ee728b) (PreviewImporter) -> (artifact id: '1343414210ac9de1d0dc44737d515239') in 0.1279586 seconds
Number of updated asset objects reloaded before import = 0Number of asset objects unloaded after import = 88

========================================================================
Received Import Request.
  Time since last request: 98.367163 seconds.
  path: Assets/Prefabs/UI/ItemInfo.prefab
  artifactKey: Guid(695506f7a2a30a34289c41534a71bdd8) Importer(815301076,1909f56bfc062723c751e8b465ee728b)
Start importing Assets/Prefabs/UI/ItemInfo.prefab using Guid(695506f7a2a30a34289c41534a71bdd8) Importer(815301076,1909f56bfc062723c751e8b465ee728b) (PreviewImporter) -> (artifact id: 'e298becdf83ec2d5f53717f8737f8c32') in 0.1325541 seconds
Number of updated asset objects reloaded before import = 0Number of asset objects unloaded after import = 88

========================================================================
Received Import Request.
  Time since last request: 16.384616 seconds.
  path: Assets/Prefabs/UI/ItemInfo.prefab
  artifactKey: Guid(695506f7a2a30a34289c41534a71bdd8) Importer(815301076,1909f56bfc062723c751e8b465ee728b)
Start importing Assets/Prefabs/UI/ItemInfo.prefab using Guid(695506f7a2a30a34289c41534a71bdd8) Importer(815301076,1909f56bfc062723c751e8b465ee728b) (PreviewImporter) -> (artifact id: '153b0431aadaca19034249f9dfe5dd9c') in 0.1278524 seconds
Number of updated asset objects reloaded before import = 0Number of asset objects unloaded after import = 88

========================================================================
Received Import Request.
  Time since last request: 6.521866 seconds.
  path: Assets/Prefabs/UI/ItemInfo.prefab
  artifactKey: Guid(695506f7a2a30a34289c41534a71bdd8) Importer(815301076,1909f56bfc062723c751e8b465ee728b)
Start importing Assets/Prefabs/UI/ItemInfo.prefab using Guid(695506f7a2a30a34289c41534a71bdd8) Importer(815301076,1909f56bfc062723c751e8b465ee728b) (PreviewImporter) -> (artifact id: 'fd1f3220c4b218925dbf22e839bcb0bb') in 0.1298265 seconds
Number of updated asset objects reloaded before import = 0Number of asset objects unloaded after import = 88

========================================================================
Received Import Request.
  Time since last request: 0.927786 seconds.
  path: Assets/Prefabs/UI/ItemInfo.prefab
  artifactKey: Guid(695506f7a2a30a34289c41534a71bdd8) Importer(815301076,1909f56bfc062723c751e8b465ee728b)
Start importing Assets/Prefabs/UI/ItemInfo.prefab using Guid(695506f7a2a30a34289c41534a71bdd8) Importer(815301076,1909f56bfc062723c751e8b465ee728b) (PreviewImporter) -> (artifact id: '8b74973832a9ec94d0dbd708ac8e15e9') in 0.1305065 seconds
Number of updated asset objects reloaded before import = 0Number of asset objects unloaded after import = 88

========================================================================
Received Import Request.
  Time since last request: 2.863950 seconds.
  path: Assets/Prefabs/UI/ItemInfo.prefab
  artifactKey: Guid(695506f7a2a30a34289c41534a71bdd8) Importer(815301076,1909f56bfc062723c751e8b465ee728b)
Start importing Assets/Prefabs/UI/ItemInfo.prefab using Guid(695506f7a2a30a34289c41534a71bdd8) Importer(815301076,1909f56bfc062723c751e8b465ee728b) (PreviewImporter) -> (artifact id: '1a8237cef3c664834663ebb08dd2f5a4') in 0.1292718 seconds
Number of updated asset objects reloaded before import = 0Number of asset objects unloaded after import = 88

========================================================================
Received Import Request.
  Time since last request: 17.552752 seconds.
  path: Assets/Prefabs/UI/ItemInfo.prefab
  artifactKey: Guid(695506f7a2a30a34289c41534a71bdd8) Importer(815301076,1909f56bfc062723c751e8b465ee728b)
Start importing Assets/Prefabs/UI/ItemInfo.prefab using Guid(695506f7a2a30a34289c41534a71bdd8) Importer(815301076,1909f56bfc062723c751e8b465ee728b) (PreviewImporter) -> (artifact id: '4184a4083ce0ef7233f88e63a155c264') in 0.1277878 seconds
Number of updated asset objects reloaded before import = 0Number of asset objects unloaded after import = 88

========================================================================
Received Import Request.
  Time since last request: 15.995795 seconds.
  path: Assets/Prefabs/UI/ItemInfo.prefab
  artifactKey: Guid(695506f7a2a30a34289c41534a71bdd8) Importer(815301076,1909f56bfc062723c751e8b465ee728b)
Start importing Assets/Prefabs/UI/ItemInfo.prefab using Guid(695506f7a2a30a34289c41534a71bdd8) Importer(815301076,1909f56bfc062723c751e8b465ee728b) (PreviewImporter) -> (artifact id: '1e15ac5a51a08322babc526ac65e7cf9') in 0.1288075 seconds
Number of updated asset objects reloaded before import = 0Number of asset objects unloaded after import = 88

========================================================================
Received Import Request.
  Time since last request: 0.251547 seconds.
  path: Assets/Prefabs/UI/ItemInfo.prefab
  artifactKey: Guid(695506f7a2a30a34289c41534a71bdd8) Importer(815301076,1909f56bfc062723c751e8b465ee728b)
Start importing Assets/Prefabs/UI/ItemInfo.prefab using Guid(695506f7a2a30a34289c41534a71bdd8) Importer(815301076,1909f56bfc062723c751e8b465ee728b) (PreviewImporter) -> (artifact id: '0f6038d2ebc97273c425c8436c1afcf8') in 0.1302205 seconds
Number of updated asset objects reloaded before import = 0Number of asset objects unloaded after import = 88

========================================================================
Received Import Request.
  Time since last request: 8.945939 seconds.
  path: Assets/Prefabs/UI/ItemInfo.prefab
  artifactKey: Guid(695506f7a2a30a34289c41534a71bdd8) Importer(815301076,1909f56bfc062723c751e8b465ee728b)
Start importing Assets/Prefabs/UI/ItemInfo.prefab using Guid(695506f7a2a30a34289c41534a71bdd8) Importer(815301076,1909f56bfc062723c751e8b465ee728b) (PreviewImporter) -> (artifact id: '14edef9a2f62dee082b9fe93ec0c9652') in 0.130987 seconds
Number of updated asset objects reloaded before import = 0Number of asset objects unloaded after import = 88

========================================================================
Received Import Request.
  Time since last request: 93.450008 seconds.
  path: Assets/Prefabs/UI/ItemInfo.prefab
  artifactKey: Guid(695506f7a2a30a34289c41534a71bdd8) Importer(815301076,1909f56bfc062723c751e8b465ee728b)
Start importing Assets/Prefabs/UI/ItemInfo.prefab using Guid(695506f7a2a30a34289c41534a71bdd8) Importer(815301076,1909f56bfc062723c751e8b465ee728b) (PreviewImporter) -> (artifact id: 'b0ef84c992bdbee94c2b0fe28e961d5c') in 0.1278664 seconds
Number of updated asset objects reloaded before import = 0Number of asset objects unloaded after import = 88

========================================================================
Received Import Request.
  Time since last request: 118.016792 seconds.
  path: Assets/Prefabs/UI/ItemInfo.prefab
  artifactKey: Guid(695506f7a2a30a34289c41534a71bdd8) Importer(815301076,1909f56bfc062723c751e8b465ee728b)
Start importing Assets/Prefabs/UI/ItemInfo.prefab using Guid(695506f7a2a30a34289c41534a71bdd8) Importer(815301076,1909f56bfc062723c751e8b465ee728b) (PreviewImporter) -> (artifact id: '6616ce70890368c2e9965ae5cc364eb5') in 0.1317328 seconds
Number of updated asset objects reloaded before import = 0Number of asset objects unloaded after import = 88

========================================================================
Received Import Request.
  Time since last request: 253.182591 seconds.
  path: Assets/Prefabs/UI/ItemInfo.prefab
  artifactKey: Guid(695506f7a2a30a34289c41534a71bdd8) Importer(815301076,1909f56bfc062723c751e8b465ee728b)
Start importing Assets/Prefabs/UI/ItemInfo.prefab using Guid(695506f7a2a30a34289c41534a71bdd8) Importer(815301076,1909f56bfc062723c751e8b465ee728b) (PreviewImporter) -> (artifact id: '56263ed9260e78a80d0478e5378743be') in 0.1888604 seconds
Number of updated asset objects reloaded before import = 0Number of asset objects unloaded after import = 88

========================================================================
Received Import Request.
  Time since last request: 53.944308 seconds.
  path: Assets/Prefabs/UI/ItemInfo.prefab
  artifactKey: Guid(695506f7a2a30a34289c41534a71bdd8) Importer(815301076,1909f56bfc062723c751e8b465ee728b)
Start importing Assets/Prefabs/UI/ItemInfo.prefab using Guid(695506f7a2a30a34289c41534a71bdd8) Importer(815301076,1909f56bfc062723c751e8b465ee728b) (PreviewImporter) -> (artifact id: 'b126ff4430bfd4d6a1d3e70fbd3376dc') in 0.1308449 seconds
Number of updated asset objects reloaded before import = 0Number of asset objects unloaded after import = 92

========================================================================
Received Import Request.
  Time since last request: 0.067746 seconds.
  path: Assets/Prefabs/UI/ItemInfo.prefab
  artifactKey: Guid(695506f7a2a30a34289c41534a71bdd8) Importer(815301076,1909f56bfc062723c751e8b465ee728b)
Start importing Assets/Prefabs/UI/ItemInfo.prefab using Guid(695506f7a2a30a34289c41534a71bdd8) Importer(815301076,1909f56bfc062723c751e8b465ee728b) (PreviewImporter) -> (artifact id: '1c68e0a45ca5397f269dea0e5d462fda') in 0.1297298 seconds
Number of updated asset objects reloaded before import = 0Number of asset objects unloaded after import = 96

========================================================================
Received Import Request.
  Time since last request: 0.048911 seconds.
  path: Assets/Prefabs/UI/ItemInfo.prefab
  artifactKey: Guid(695506f7a2a30a34289c41534a71bdd8) Importer(815301076,1909f56bfc062723c751e8b465ee728b)
Start importing Assets/Prefabs/UI/ItemInfo.prefab using Guid(695506f7a2a30a34289c41534a71bdd8) Importer(815301076,1909f56bfc062723c751e8b465ee728b) (PreviewImporter) -> (artifact id: '4058a7f2afdb6eb127d09c3d243e10a9') in 0.1291028 seconds
Number of updated asset objects reloaded before import = 0Number of asset objects unloaded after import = 100

========================================================================
Received Import Request.
  Time since last request: 0.065553 seconds.
  path: Assets/Prefabs/UI/ItemInfo.prefab
  artifactKey: Guid(695506f7a2a30a34289c41534a71bdd8) Importer(815301076,1909f56bfc062723c751e8b465ee728b)
Start importing Assets/Prefabs/UI/ItemInfo.prefab using Guid(695506f7a2a30a34289c41534a71bdd8) Importer(815301076,1909f56bfc062723c751e8b465ee728b) (PreviewImporter) -> (artifact id: '67eabe1849fbe2e5339c3a0eb9126fc1') in 0.1246835 seconds
Number of updated asset objects reloaded before import = 0Number of asset objects unloaded after import = 104

========================================================================
Received Import Request.
  Time since last request: 0.038209 seconds.
  path: Assets/Prefabs/UI/ItemInfo.prefab
  artifactKey: Guid(695506f7a2a30a34289c41534a71bdd8) Importer(815301076,1909f56bfc062723c751e8b465ee728b)
Start importing Assets/Prefabs/UI/ItemInfo.prefab using Guid(695506f7a2a30a34289c41534a71bdd8) Importer(815301076,1909f56bfc062723c751e8b465ee728b) (PreviewImporter) -> (artifact id: '7ffcb642f67e48e19fbec91332778dae') in 0.1240656 seconds
Number of updated asset objects reloaded before import = 0Number of asset objects unloaded after import = 108

========================================================================
Received Import Request.
  Time since last request: 0.050969 seconds.
  path: Assets/Prefabs/UI/ItemInfo.prefab
  artifactKey: Guid(695506f7a2a30a34289c41534a71bdd8) Importer(815301076,1909f56bfc062723c751e8b465ee728b)
Start importing Assets/Prefabs/UI/ItemInfo.prefab using Guid(695506f7a2a30a34289c41534a71bdd8) Importer(815301076,1909f56bfc062723c751e8b465ee728b) (PreviewImporter) -> (artifact id: '5187ed8c8dfc03739dad075a3b2b7e5c') in 0.1246188 seconds
Number of updated asset objects reloaded before import = 0Number of asset objects unloaded after import = 112

========================================================================
Received Import Request.
  Time since last request: 0.054313 seconds.
  path: Assets/Prefabs/UI/ItemInfo.prefab
  artifactKey: Guid(695506f7a2a30a34289c41534a71bdd8) Importer(815301076,1909f56bfc062723c751e8b465ee728b)
Start importing Assets/Prefabs/UI/ItemInfo.prefab using Guid(695506f7a2a30a34289c41534a71bdd8) Importer(815301076,1909f56bfc062723c751e8b465ee728b) (PreviewImporter) -> (artifact id: 'fb3c15661c1cdad2de8f4b9da3636402') in 0.1299876 seconds
Number of updated asset objects reloaded before import = 0Number of asset objects unloaded after import = 116

========================================================================
Received Import Request.
  Time since last request: 0.049168 seconds.
  path: Assets/Prefabs/UI/ItemInfo.prefab
  artifactKey: Guid(695506f7a2a30a34289c41534a71bdd8) Importer(815301076,1909f56bfc062723c751e8b465ee728b)
Start importing Assets/Prefabs/UI/ItemInfo.prefab using Guid(695506f7a2a30a34289c41534a71bdd8) Importer(815301076,1909f56bfc062723c751e8b465ee728b) (PreviewImporter) -> (artifact id: 'a58b0d1f5cce3c773263bde0570e8f10') in 0.1206316 seconds
Number of updated asset objects reloaded before import = 0Number of asset objects unloaded after import = 120

========================================================================
Received Import Request.
  Time since last request: 0.057875 seconds.
  path: Assets/Prefabs/UI/ItemInfo.prefab
  artifactKey: Guid(695506f7a2a30a34289c41534a71bdd8) Importer(815301076,1909f56bfc062723c751e8b465ee728b)
Start importing Assets/Prefabs/UI/ItemInfo.prefab using Guid(695506f7a2a30a34289c41534a71bdd8) Importer(815301076,1909f56bfc062723c751e8b465ee728b) (PreviewImporter) -> (artifact id: '3ea2b5ea5236bfd6646e8b1f0941019e') in 0.1196817 seconds
Number of updated asset objects reloaded before import = 0Number of asset objects unloaded after import = 124

========================================================================
Received Import Request.
  Time since last request: 11.579314 seconds.
  path: Assets/Prefabs/UI/ItemInfo.prefab
  artifactKey: Guid(695506f7a2a30a34289c41534a71bdd8) Importer(815301076,1909f56bfc062723c751e8b465ee728b)
Start importing Assets/Prefabs/UI/ItemInfo.prefab using Guid(695506f7a2a30a34289c41534a71bdd8) Importer(815301076,1909f56bfc062723c751e8b465ee728b) (PreviewImporter) -> (artifact id: '1417cb7d38245ad7ed54c9d03d7eb91d') in 0.131629 seconds
Number of updated asset objects reloaded before import = 0Number of asset objects unloaded after import = 124

========================================================================
Received Import Request.
  Time since last request: 3.286945 seconds.
  path: Assets/Prefabs/UI/ItemInfo.prefab
  artifactKey: Guid(695506f7a2a30a34289c41534a71bdd8) Importer(815301076,1909f56bfc062723c751e8b465ee728b)
Start importing Assets/Prefabs/UI/ItemInfo.prefab using Guid(695506f7a2a30a34289c41534a71bdd8) Importer(815301076,1909f56bfc062723c751e8b465ee728b) (PreviewImporter) -> (artifact id: 'ea8189761a95bd464f9afd3596fe3db9') in 0.1300095 seconds
Number of updated asset objects reloaded before import = 0Number of asset objects unloaded after import = 128

========================================================================
Received Import Request.
  Time since last request: 0.073649 seconds.
  path: Assets/Prefabs/UI/ItemInfo.prefab
  artifactKey: Guid(695506f7a2a30a34289c41534a71bdd8) Importer(815301076,1909f56bfc062723c751e8b465ee728b)
Start importing Assets/Prefabs/UI/ItemInfo.prefab using Guid(695506f7a2a30a34289c41534a71bdd8) Importer(815301076,1909f56bfc062723c751e8b465ee728b) (PreviewImporter) -> (artifact id: '00000000000000000000000000000000') in 0.1306069 seconds
Import Error Code:(4)
Message: Build asset version error: assets/prefabs/ui/iteminfo.prefab in SourceAssetDB has modification time of '2025-11-17T12:45:41.5335102Z' while content on disk has modification time of '2025-11-17T12:45:41.7331916Z'
  ERROR: Build asset version error: assets/prefabs/ui/iteminfo.prefab in SourceAssetDB has modification time of '2025-11-17T12:45:41.5335102Z' while content on disk has modification time of '2025-11-17T12:45:41.7331916Z'
Number of updated asset objects reloaded before import = 0Number of asset objects unloaded after import = 15

========================================================================
Received Import Request.
  Time since last request: 0.030181 seconds.
  path: Assets/Prefabs/UI/ItemInfo.prefab
  artifactKey: Guid(695506f7a2a30a34289c41534a71bdd8) Importer(815301076,1909f56bfc062723c751e8b465ee728b)
Start importing Assets/Prefabs/UI/ItemInfo.prefab using Guid(695506f7a2a30a34289c41534a71bdd8) Importer(815301076,1909f56bfc062723c751e8b465ee728b) (PreviewImporter) -> (artifact id: '9bc5508a04062a3daafad576f6fe8b5c') in 0.1337734 seconds
Number of updated asset objects reloaded before import = 0Number of asset objects unloaded after import = 136

========================================================================
Received Import Request.
  Time since last request: 0.067820 seconds.
  path: Assets/Prefabs/UI/ItemInfo.prefab
  artifactKey: Guid(695506f7a2a30a34289c41534a71bdd8) Importer(815301076,1909f56bfc062723c751e8b465ee728b)
Start importing Assets/Prefabs/UI/ItemInfo.prefab using Guid(695506f7a2a30a34289c41534a71bdd8) Importer(815301076,1909f56bfc062723c751e8b465ee728b) (PreviewImporter) -> (artifact id: 'f78576f859ee6f5f4822fda754b3c3d9') in 0.1266131 seconds
Number of updated asset objects reloaded before import = 0Number of asset objects unloaded after import = 140

========================================================================
Received Import Request.
  Time since last request: 0.025708 seconds.
  path: Assets/Prefabs/UI/ItemInfo.prefab
  artifactKey: Guid(695506f7a2a30a34289c41534a71bdd8) Importer(815301076,1909f56bfc062723c751e8b465ee728b)
Start importing Assets/Prefabs/UI/ItemInfo.prefab using Guid(695506f7a2a30a34289c41534a71bdd8) Importer(815301076,1909f56bfc062723c751e8b465ee728b) (PreviewImporter) -> (artifact id: '82f4836f76595f10f35dfddfee341905') in 0.1216346 seconds
Number of updated asset objects reloaded before import = 0Number of asset objects unloaded after import = 144

========================================================================
Received Import Request.
  Time since last request: 0.115407 seconds.
  path: Assets/Prefabs/UI/ItemInfo.prefab
  artifactKey: Guid(695506f7a2a30a34289c41534a71bdd8) Importer(815301076,1909f56bfc062723c751e8b465ee728b)
Start importing Assets/Prefabs/UI/ItemInfo.prefab using Guid(695506f7a2a30a34289c41534a71bdd8) Importer(815301076,1909f56bfc062723c751e8b465ee728b) (PreviewImporter) -> (artifact id: '1d80e9e7eafd81ad1f0842eee3c96df6') in 0.1266993 seconds
Number of updated asset objects reloaded before import = 0Number of asset objects unloaded after import = 152

========================================================================
Received Import Request.
  Time since last request: 0.204363 seconds.
  path: Assets/Prefabs/UI/ItemInfo.prefab
  artifactKey: Guid(695506f7a2a30a34289c41534a71bdd8) Importer(815301076,1909f56bfc062723c751e8b465ee728b)
Start importing Assets/Prefabs/UI/ItemInfo.prefab using Guid(695506f7a2a30a34289c41534a71bdd8) Importer(815301076,1909f56bfc062723c751e8b465ee728b) (PreviewImporter) -> (artifact id: '46d23b3748dda1ffa054044f379ebc5e') in 0.1245394 seconds
Number of updated asset objects reloaded before import = 0Number of asset objects unloaded after import = 156

========================================================================
Received Import Request.
  Time since last request: 0.058261 seconds.
  path: Assets/Prefabs/UI/ItemInfo.prefab
  artifactKey: Guid(695506f7a2a30a34289c41534a71bdd8) Importer(815301076,1909f56bfc062723c751e8b465ee728b)
Start importing Assets/Prefabs/UI/ItemInfo.prefab using Guid(695506f7a2a30a34289c41534a71bdd8) Importer(815301076,1909f56bfc062723c751e8b465ee728b) (PreviewImporter) -> (artifact id: '4d2f388391936a9a5ddd23c7cad7f5e3') in 0.1264973 seconds
Number of updated asset objects reloaded before import = 0Number of asset objects unloaded after import = 160

========================================================================
Received Import Request.
  Time since last request: 0.247384 seconds.
  path: Assets/Prefabs/UI/ItemInfo.prefab
  artifactKey: Guid(695506f7a2a30a34289c41534a71bdd8) Importer(815301076,1909f56bfc062723c751e8b465ee728b)
Start importing Assets/Prefabs/UI/ItemInfo.prefab using Guid(695506f7a2a30a34289c41534a71bdd8) Importer(815301076,1909f56bfc062723c751e8b465ee728b) (PreviewImporter) -> (artifact id: 'fed037d688b42d35ea9611191173960f') in 0.120955 seconds
Number of updated asset objects reloaded before import = 0Number of asset objects unloaded after import = 164

========================================================================
Received Import Request.
  Time since last request: 133.930355 seconds.
  path: Assets/Prefabs/UI/ItemInfo.prefab
  artifactKey: Guid(695506f7a2a30a34289c41534a71bdd8) Importer(815301076,1909f56bfc062723c751e8b465ee728b)
Start importing Assets/Prefabs/UI/ItemInfo.prefab using Guid(695506f7a2a30a34289c41534a71bdd8) Importer(815301076,1909f56bfc062723c751e8b465ee728b) (PreviewImporter) -> (artifact id: '2dfd015e5f2928ceea7dbe41f2541ea1') in 0.1303909 seconds
Number of updated asset objects reloaded before import = 0Number of asset objects unloaded after import = 164

========================================================================
Received Import Request.
  Time since last request: 49.870453 seconds.
  path: Assets/Prefabs/UI/ItemInfo.prefab
  artifactKey: Guid(695506f7a2a30a34289c41534a71bdd8) Importer(815301076,1909f56bfc062723c751e8b465ee728b)
Start importing Assets/Prefabs/UI/ItemInfo.prefab using Guid(695506f7a2a30a34289c41534a71bdd8) Importer(815301076,1909f56bfc062723c751e8b465ee728b) (PreviewImporter) -> (artifact id: '39c605cb2d5bb809ce16c858ec14225b') in 0.1316991 seconds
Number of updated asset objects reloaded before import = 0Number of asset objects unloaded after import = 164

========================================================================
Received Import Request.
  Time since last request: 13.764930 seconds.
  path: Assets/Prefabs/UI/ItemInfo.prefab
  artifactKey: Guid(695506f7a2a30a34289c41534a71bdd8) Importer(815301076,1909f56bfc062723c751e8b465ee728b)
Start importing Assets/Prefabs/UI/ItemInfo.prefab using Guid(695506f7a2a30a34289c41534a71bdd8) Importer(815301076,1909f56bfc062723c751e8b465ee728b) (PreviewImporter) -> (artifact id: 'b765cb3ec1c793ae80971b2d5b1fd81d') in 0.1291094 seconds
Number of updated asset objects reloaded before import = 0Number of asset objects unloaded after import = 164

========================================================================
Received Import Request.
  Time since last request: 57.938188 seconds.
  path: Assets/Prefabs/UI/ItemInfo.prefab
  artifactKey: Guid(695506f7a2a30a34289c41534a71bdd8) Importer(815301076,1909f56bfc062723c751e8b465ee728b)
Start importing Assets/Prefabs/UI/ItemInfo.prefab using Guid(695506f7a2a30a34289c41534a71bdd8) Importer(815301076,1909f56bfc062723c751e8b465ee728b) (PreviewImporter) -> (artifact id: 'd175e2161fbead0cec8148a820c0f730') in 0.1316429 seconds
Number of updated asset objects reloaded before import = 0Number of asset objects unloaded after import = 164

========================================================================
Received Import Request.
  Time since last request: 24.034934 seconds.
  path: Assets/Prefabs/UI/ItemInfo.prefab
  artifactKey: Guid(695506f7a2a30a34289c41534a71bdd8) Importer(815301076,1909f56bfc062723c751e8b465ee728b)
Start importing Assets/Prefabs/UI/ItemInfo.prefab using Guid(695506f7a2a30a34289c41534a71bdd8) Importer(815301076,1909f56bfc062723c751e8b465ee728b) (PreviewImporter) -> (artifact id: 'a23cafb6f871b8f8a68403e06cd98797') in 0.1319853 seconds
Number of updated asset objects reloaded before import = 0Number of asset objects unloaded after import = 164

========================================================================
Received Import Request.
  Time since last request: 7.912095 seconds.
  path: Assets/Prefabs/UI/ItemInfo.prefab
  artifactKey: Guid(695506f7a2a30a34289c41534a71bdd8) Importer(815301076,1909f56bfc062723c751e8b465ee728b)
Start importing Assets/Prefabs/UI/ItemInfo.prefab using Guid(695506f7a2a30a34289c41534a71bdd8) Importer(815301076,1909f56bfc062723c751e8b465ee728b) (PreviewImporter) -> (artifact id: '80ed751f67b43060a9efe5df2ebe9192') in 0.1300458 seconds
Number of updated asset objects reloaded before import = 0Number of asset objects unloaded after import = 164

========================================================================
Received Import Request.
  Time since last request: 55.747539 seconds.
  path: Assets/Prefabs/UI/ItemInfo.prefab
  artifactKey: Guid(695506f7a2a30a34289c41534a71bdd8) Importer(815301076,1909f56bfc062723c751e8b465ee728b)
Start importing Assets/Prefabs/UI/ItemInfo.prefab using Guid(695506f7a2a30a34289c41534a71bdd8) Importer(815301076,1909f56bfc062723c751e8b465ee728b) (PreviewImporter) -> (artifact id: '2e3f7fa11d9bb8e066c170934a0c2421') in 0.129437 seconds
Number of updated asset objects reloaded before import = 0Number of asset objects unloaded after import = 164

========================================================================
Received Import Request.
  Time since last request: 2.044127 seconds.
  path: Assets/Prefabs/UI/ItemInfo.prefab
  artifactKey: Guid(695506f7a2a30a34289c41534a71bdd8) Importer(815301076,1909f56bfc062723c751e8b465ee728b)
Start importing Assets/Prefabs/UI/ItemInfo.prefab using Guid(695506f7a2a30a34289c41534a71bdd8) Importer(815301076,1909f56bfc062723c751e8b465ee728b) (PreviewImporter) -> (artifact id: 'd6d920e687b4ec5f49d1b5ce92fc04c8') in 0.1350608 seconds
Number of updated asset objects reloaded before import = 0Number of asset objects unloaded after import = 88

========================================================================
Received Import Request.
  Time since last request: 17.644386 seconds.
  path: Assets/Prefabs/UI/ItemInfo.prefab
  artifactKey: Guid(695506f7a2a30a34289c41534a71bdd8) Importer(815301076,1909f56bfc062723c751e8b465ee728b)
Start importing Assets/Prefabs/UI/ItemInfo.prefab using Guid(695506f7a2a30a34289c41534a71bdd8) Importer(815301076,1909f56bfc062723c751e8b465ee728b) (PreviewImporter) -> (artifact id: '8c3283f6bc5f6c1217608ad7891dabdd') in 0.1604444 seconds
Number of updated asset objects reloaded before import = 0Number of asset objects unloaded after import = 88

========================================================================
Received Import Request.
  Time since last request: 32.869076 seconds.
  path: Assets/Prefabs/UI/ItemInfo.prefab
  artifactKey: Guid(695506f7a2a30a34289c41534a71bdd8) Importer(815301076,1909f56bfc062723c751e8b465ee728b)
Start importing Assets/Prefabs/UI/ItemInfo.prefab using Guid(695506f7a2a30a34289c41534a71bdd8) Importer(815301076,1909f56bfc062723c751e8b465ee728b) (PreviewImporter) -> (artifact id: 'dfef7af7641be6e1aa1ef9149ac5cfa7') in 0.1275807 seconds
Number of updated asset objects reloaded before import = 0Number of asset objects unloaded after import = 88

========================================================================
Received Import Request.
  Time since last request: 5.132867 seconds.
  path: Assets/Prefabs/UI/ItemInfo.prefab
  artifactKey: Guid(695506f7a2a30a34289c41534a71bdd8) Importer(815301076,1909f56bfc062723c751e8b465ee728b)
Start importing Assets/Prefabs/UI/ItemInfo.prefab using Guid(695506f7a2a30a34289c41534a71bdd8) Importer(815301076,1909f56bfc062723c751e8b465ee728b) (PreviewImporter) -> (artifact id: '13c3b30fb757e5be29af978feff70b31') in 0.1321212 seconds
Number of updated asset objects reloaded before import = 0Number of asset objects unloaded after import = 92

========================================================================
Received Import Request.
  Time since last request: 0.311669 seconds.
  path: Assets/Prefabs/UI/ItemInfo.prefab
  artifactKey: Guid(695506f7a2a30a34289c41534a71bdd8) Importer(815301076,1909f56bfc062723c751e8b465ee728b)
Start importing Assets/Prefabs/UI/ItemInfo.prefab using Guid(695506f7a2a30a34289c41534a71bdd8) Importer(815301076,1909f56bfc062723c751e8b465ee728b) (PreviewImporter) -> (artifact id: '00000000000000000000000000000000') in 0.1300738 seconds
Import Error Code:(4)
Message: Build asset version error: assets/prefabs/ui/iteminfo.prefab in SourceAssetDB has modification time of '2025-11-17T12:52:26.506906Z' while content on disk has modification time of '2025-11-17T12:52:26.7092478Z'
  ERROR: Build asset version error: assets/prefabs/ui/iteminfo.prefab in SourceAssetDB has modification time of '2025-11-17T12:52:26.506906Z' while content on disk has modification time of '2025-11-17T12:52:26.7092478Z'
Number of updated asset objects reloaded before import = 0Number of asset objects unloaded after import = 15

========================================================================
Received Import Request.
  Time since last request: 0.025804 seconds.
  path: Assets/Prefabs/UI/ItemInfo.prefab
  artifactKey: Guid(695506f7a2a30a34289c41534a71bdd8) Importer(815301076,1909f56bfc062723c751e8b465ee728b)
Start importing Assets/Prefabs/UI/ItemInfo.prefab using Guid(695506f7a2a30a34289c41534a71bdd8) Importer(815301076,1909f56bfc062723c751e8b465ee728b) (PreviewImporter) -> (artifact id: '1ddfe5ab661c7951134e066645df0993') in 0.1227909 seconds
Number of updated asset objects reloaded before import = 0Number of asset objects unloaded after import = 104

========================================================================
Received Import Request.
  Time since last request: 0.054807 seconds.
  path: Assets/Prefabs/UI/ItemInfo.prefab
  artifactKey: Guid(695506f7a2a30a34289c41534a71bdd8) Importer(815301076,1909f56bfc062723c751e8b465ee728b)
Start importing Assets/Prefabs/UI/ItemInfo.prefab using Guid(695506f7a2a30a34289c41534a71bdd8) Importer(815301076,1909f56bfc062723c751e8b465ee728b) (PreviewImporter) -> (artifact id: 'c268a50c610f3a7a3f2ff81abc98f5cc') in 0.1281527 seconds
Number of updated asset objects reloaded before import = 0Number of asset objects unloaded after import = 108

========================================================================
Received Import Request.
  Time since last request: 0.050297 seconds.
  path: Assets/Prefabs/UI/ItemInfo.prefab
  artifactKey: Guid(695506f7a2a30a34289c41534a71bdd8) Importer(815301076,1909f56bfc062723c751e8b465ee728b)
Start importing Assets/Prefabs/UI/ItemInfo.prefab using Guid(695506f7a2a30a34289c41534a71bdd8) Importer(815301076,1909f56bfc062723c751e8b465ee728b) (PreviewImporter) -> (artifact id: '58b7019510b22ca89c38dc856e6d6c5d') in 0.121987 seconds
Number of updated asset objects reloaded before import = 0Number of asset objects unloaded after import = 112

========================================================================
Received Import Request.
  Time since last request: 0.092397 seconds.
  path: Assets/Prefabs/UI/ItemInfo.prefab
  artifactKey: Guid(695506f7a2a30a34289c41534a71bdd8) Importer(815301076,1909f56bfc062723c751e8b465ee728b)
Start importing Assets/Prefabs/UI/ItemInfo.prefab using Guid(695506f7a2a30a34289c41534a71bdd8) Importer(815301076,1909f56bfc062723c751e8b465ee728b) (PreviewImporter) -> (artifact id: '4c095d5ac34a28cc9a70b749b2aa6aa2') in 0.1223448 seconds
Number of updated asset objects reloaded before import = 0Number of asset objects unloaded after import = 120

========================================================================
Received Import Request.
  Time since last request: 0.065638 seconds.
  path: Assets/Prefabs/UI/ItemInfo.prefab
  artifactKey: Guid(695506f7a2a30a34289c41534a71bdd8) Importer(815301076,1909f56bfc062723c751e8b465ee728b)
Start importing Assets/Prefabs/UI/ItemInfo.prefab using Guid(695506f7a2a30a34289c41534a71bdd8) Importer(815301076,1909f56bfc062723c751e8b465ee728b) (PreviewImporter) -> (artifact id: '00000000000000000000000000000000') in 0.1286649 seconds
Import Error Code:(4)
Message: Build asset version error: assets/prefabs/ui/iteminfo.prefab in SourceAssetDB has modification time of '2025-11-17T12:52:27.5611068Z' while content on disk has modification time of '2025-11-17T12:52:27.7630283Z'
  ERROR: Build asset version error: assets/prefabs/ui/iteminfo.prefab in SourceAssetDB has modification time of '2025-11-17T12:52:27.5611068Z' while content on disk has modification time of '2025-11-17T12:52:27.7630283Z'
Number of updated asset objects reloaded before import = 0Number of asset objects unloaded after import = 15

========================================================================
Received Import Request.
  Time since last request: 0.035040 seconds.
  path: Assets/Prefabs/UI/ItemInfo.prefab
  artifactKey: Guid(695506f7a2a30a34289c41534a71bdd8) Importer(815301076,1909f56bfc062723c751e8b465ee728b)
Start importing Assets/Prefabs/UI/ItemInfo.prefab using Guid(695506f7a2a30a34289c41534a71bdd8) Importer(815301076,1909f56bfc062723c751e8b465ee728b) (PreviewImporter) -> (artifact id: '5fc85dff4a6191a4d1326a74ad2cfefb') in 0.1212252 seconds
Number of updated asset objects reloaded before import = 0Number of asset objects unloaded after import = 128

========================================================================
Received Import Request.
  Time since last request: 0.066868 seconds.
  path: Assets/Prefabs/UI/ItemInfo.prefab
  artifactKey: Guid(695506f7a2a30a34289c41534a71bdd8) Importer(815301076,1909f56bfc062723c751e8b465ee728b)
Start importing Assets/Prefabs/UI/ItemInfo.prefab using Guid(695506f7a2a30a34289c41534a71bdd8) Importer(815301076,1909f56bfc062723c751e8b465ee728b) (PreviewImporter) -> (artifact id: 'd24ffa44331a85f49b60c247c7fa4fd5') in 0.1234886 seconds
Number of updated asset objects reloaded before import = 0Number of asset objects unloaded after import = 132

========================================================================
Received Import Request.
  Time since last request: 0.100779 seconds.
  path: Assets/Prefabs/UI/ItemInfo.prefab
  artifactKey: Guid(695506f7a2a30a34289c41534a71bdd8) Importer(815301076,1909f56bfc062723c751e8b465ee728b)
Start importing Assets/Prefabs/UI/ItemInfo.prefab using Guid(695506f7a2a30a34289c41534a71bdd8) Importer(815301076,1909f56bfc062723c751e8b465ee728b) (PreviewImporter) -> (artifact id: '0fbe7e7d48cbc17331fb5860b82b5419') in 0.1265499 seconds
Number of updated asset objects reloaded before import = 0Number of asset objects unloaded after import = 140

========================================================================
Received Import Request.
  Time since last request: 0.059339 seconds.
  path: Assets/Prefabs/UI/ItemInfo.prefab
  artifactKey: Guid(695506f7a2a30a34289c41534a71bdd8) Importer(815301076,1909f56bfc062723c751e8b465ee728b)
Start importing Assets/Prefabs/UI/ItemInfo.prefab using Guid(695506f7a2a30a34289c41534a71bdd8) Importer(815301076,1909f56bfc062723c751e8b465ee728b) (PreviewImporter) -> (artifact id: '59a24cad226ae44d1970bd61b1e38a25') in 0.1229943 seconds
Number of updated asset objects reloaded before import = 0Number of asset objects unloaded after import = 144

========================================================================
Received Import Request.
  Time since last request: 0.061292 seconds.
  path: Assets/Prefabs/UI/ItemInfo.prefab
  artifactKey: Guid(695506f7a2a30a34289c41534a71bdd8) Importer(815301076,1909f56bfc062723c751e8b465ee728b)
Start importing Assets/Prefabs/UI/ItemInfo.prefab using Guid(695506f7a2a30a34289c41534a71bdd8) Importer(815301076,1909f56bfc062723c751e8b465ee728b) (PreviewImporter) -> (artifact id: '04c5de876fb68ccab09de63adeef3748') in 0.1277816 seconds
Number of updated asset objects reloaded before import = 0Number of asset objects unloaded after import = 148

========================================================================
Received Import Request.
  Time since last request: 0.045449 seconds.
  path: Assets/Prefabs/UI/ItemInfo.prefab
  artifactKey: Guid(695506f7a2a30a34289c41534a71bdd8) Importer(815301076,1909f56bfc062723c751e8b465ee728b)
Start importing Assets/Prefabs/UI/ItemInfo.prefab using Guid(695506f7a2a30a34289c41534a71bdd8) Importer(815301076,1909f56bfc062723c751e8b465ee728b) (PreviewImporter) -> (artifact id: '24613586aa4b973d4f400ab6f2a13c2d') in 0.1243992 seconds
Number of updated asset objects reloaded before import = 0Number of asset objects unloaded after import = 152

========================================================================
Received Import Request.
  Time since last request: 0.058436 seconds.
  path: Assets/Prefabs/UI/ItemInfo.prefab
  artifactKey: Guid(695506f7a2a30a34289c41534a71bdd8) Importer(815301076,1909f56bfc062723c751e8b465ee728b)
Start importing Assets/Prefabs/UI/ItemInfo.prefab using Guid(695506f7a2a30a34289c41534a71bdd8) Importer(815301076,1909f56bfc062723c751e8b465ee728b) (PreviewImporter) -> (artifact id: 'ae892c543a14d866892253652d9b4280') in 0.1268609 seconds
Number of updated asset objects reloaded before import = 0Number of asset objects unloaded after import = 156

========================================================================
Received Import Request.
  Time since last request: 0.049355 seconds.
  path: Assets/Prefabs/UI/ItemInfo.prefab
  artifactKey: Guid(695506f7a2a30a34289c41534a71bdd8) Importer(815301076,1909f56bfc062723c751e8b465ee728b)
Start importing Assets/Prefabs/UI/ItemInfo.prefab using Guid(695506f7a2a30a34289c41534a71bdd8) Importer(815301076,1909f56bfc062723c751e8b465ee728b) (PreviewImporter) -> (artifact id: '30005fb2fef7a54720f7ae15f7f33c56') in 0.1254156 seconds
Number of updated asset objects reloaded before import = 0Number of asset objects unloaded after import = 160

========================================================================
Received Import Request.
  Time since last request: 0.043393 seconds.
  path: Assets/Prefabs/UI/ItemInfo.prefab
  artifactKey: Guid(695506f7a2a30a34289c41534a71bdd8) Importer(815301076,1909f56bfc062723c751e8b465ee728b)
Start importing Assets/Prefabs/UI/ItemInfo.prefab using Guid(695506f7a2a30a34289c41534a71bdd8) Importer(815301076,1909f56bfc062723c751e8b465ee728b) (PreviewImporter) -> (artifact id: 'cb2135f5f08a8117ac80b38012402f40') in 0.1234242 seconds
Number of updated asset objects reloaded before import = 0Number of asset objects unloaded after import = 164

========================================================================
Received Import Request.
  Time since last request: 30.924392 seconds.
  path: Assets/Prefabs/UI/ItemInfo.prefab
  artifactKey: Guid(695506f7a2a30a34289c41534a71bdd8) Importer(815301076,1909f56bfc062723c751e8b465ee728b)
Start importing Assets/Prefabs/UI/ItemInfo.prefab using Guid(695506f7a2a30a34289c41534a71bdd8) Importer(815301076,1909f56bfc062723c751e8b465ee728b) (PreviewImporter) -> (artifact id: 'ad2a04ac16fe470c975858809579a5d8') in 0.1300365 seconds
Number of updated asset objects reloaded before import = 0Number of asset objects unloaded after import = 165

========================================================================
Received Import Request.
  Time since last request: 3.771953 seconds.
  path: Assets/Prefabs/UI/ItemInfo.prefab
  artifactKey: Guid(695506f7a2a30a34289c41534a71bdd8) Importer(815301076,1909f56bfc062723c751e8b465ee728b)
Start importing Assets/Prefabs/UI/ItemInfo.prefab using Guid(695506f7a2a30a34289c41534a71bdd8) Importer(815301076,1909f56bfc062723c751e8b465ee728b) (PreviewImporter) -> (artifact id: '6971967b7e3d27ff1800e3cfebe8d196') in 0.1334089 seconds
Number of updated asset objects reloaded before import = 0Number of asset objects unloaded after import = 165

========================================================================
Received Import Request.
  Time since last request: 16.472904 seconds.
  path: Assets/Prefabs/UI/ItemInfo.prefab
  artifactKey: Guid(695506f7a2a30a34289c41534a71bdd8) Importer(815301076,1909f56bfc062723c751e8b465ee728b)
Start importing Assets/Prefabs/UI/ItemInfo.prefab using Guid(695506f7a2a30a34289c41534a71bdd8) Importer(815301076,1909f56bfc062723c751e8b465ee728b) (PreviewImporter) -> (artifact id: 'c00c78e518e212c4ad5b692a80391370') in 0.129824 seconds
Number of updated asset objects reloaded before import = 0Number of asset objects unloaded after import = 169

========================================================================
Received Import Request.
  Time since last request: 2.669729 seconds.
  path: Assets/Prefabs/UI/ItemInfo.prefab
  artifactKey: Guid(695506f7a2a30a34289c41534a71bdd8) Importer(815301076,1909f56bfc062723c751e8b465ee728b)
Start importing Assets/Prefabs/UI/ItemInfo.prefab using Guid(695506f7a2a30a34289c41534a71bdd8) Importer(815301076,1909f56bfc062723c751e8b465ee728b) (PreviewImporter) -> (artifact id: '380a95f38cbea4d53778fd2d179d1ca4') in 0.1301076 seconds
Number of updated asset objects reloaded before import = 0Number of asset objects unloaded after import = 169

========================================================================
Received Import Request.
  Time since last request: 1750.616706 seconds.
  path: Assets/Prefabs/UI/ItemInfo.prefab
  artifactKey: Guid(695506f7a2a30a34289c41534a71bdd8) Importer(815301076,1909f56bfc062723c751e8b465ee728b)
Start importing Assets/Prefabs/UI/ItemInfo.prefab using Guid(695506f7a2a30a34289c41534a71bdd8) Importer(815301076,1909f56bfc062723c751e8b465ee728b) (PreviewImporter) -> (artifact id: '4fa405977cc5fa1be9ec9dfd9eef4ad2') in 0.1358262 seconds
Number of updated asset objects reloaded before import = 0Number of asset objects unloaded after import = 169

========================================================================
Received Import Request.
  Time since last request: 42.597878 seconds.
  path: Assets/Prefabs/UI/ItemInfo.prefab
  artifactKey: Guid(695506f7a2a30a34289c41534a71bdd8) Importer(815301076,1909f56bfc062723c751e8b465ee728b)
Start importing Assets/Prefabs/UI/ItemInfo.prefab using Guid(695506f7a2a30a34289c41534a71bdd8) Importer(815301076,1909f56bfc062723c751e8b465ee728b) (PreviewImporter) -> (artifact id: 'ea92fa43ea3d1b97af3d57774683560b') in 0.1292472 seconds
Number of updated asset objects reloaded before import = 0Number of asset objects unloaded after import = 169

========================================================================
Received Import Request.
  Time since last request: 9.105475 seconds.
  path: Assets/Prefabs/UI/ItemInfo.prefab
  artifactKey: Guid(695506f7a2a30a34289c41534a71bdd8) Importer(815301076,1909f56bfc062723c751e8b465ee728b)
Start importing Assets/Prefabs/UI/ItemInfo.prefab using Guid(695506f7a2a30a34289c41534a71bdd8) Importer(815301076,1909f56bfc062723c751e8b465ee728b) (PreviewImporter) -> (artifact id: '1667365bf45c4522a4cf0ea93a9c41e0') in 0.12928 seconds
Number of updated asset objects reloaded before import = 0Number of asset objects unloaded after import = 169

========================================================================
Received Import Request.
  Time since last request: 12.166924 seconds.
  path: Assets/Prefabs/UI/ItemInfo.prefab
  artifactKey: Guid(695506f7a2a30a34289c41534a71bdd8) Importer(815301076,1909f56bfc062723c751e8b465ee728b)
Start importing Assets/Prefabs/UI/ItemInfo.prefab using Guid(695506f7a2a30a34289c41534a71bdd8) Importer(815301076,1909f56bfc062723c751e8b465ee728b) (PreviewImporter) -> (artifact id: '48d02684f607cdf30972bf61f62536b1') in 0.1315815 seconds
Number of updated asset objects reloaded before import = 0Number of asset objects unloaded after import = 169

========================================================================
Received Import Request.
  Time since last request: 75.682168 seconds.
  path: Assets/Prefabs/UI/ItemInfo.prefab
  artifactKey: Guid(695506f7a2a30a34289c41534a71bdd8) Importer(815301076,1909f56bfc062723c751e8b465ee728b)
Start importing Assets/Prefabs/UI/ItemInfo.prefab using Guid(695506f7a2a30a34289c41534a71bdd8) Importer(815301076,1909f56bfc062723c751e8b465ee728b) (PreviewImporter) -> (artifact id: '839ab50b01290fd77ab949c1fec582ae') in 0.1302444 seconds
Number of updated asset objects reloaded before import = 0Number of asset objects unloaded after import = 169

========================================================================
Received Import Request.
  Time since last request: 8.330146 seconds.
  path: Assets/Prefabs/UI/ItemInfo.prefab
  artifactKey: Guid(695506f7a2a30a34289c41534a71bdd8) Importer(815301076,1909f56bfc062723c751e8b465ee728b)
Start importing Assets/Prefabs/UI/ItemInfo.prefab using Guid(695506f7a2a30a34289c41534a71bdd8) Importer(815301076,1909f56bfc062723c751e8b465ee728b) (PreviewImporter) -> (artifact id: '16065b7a7c437d1141052d7b4c719a93') in 0.1286744 seconds
Number of updated asset objects reloaded before import = 0Number of asset objects unloaded after import = 169

========================================================================
Received Import Request.
  Time since last request: 66.035072 seconds.
  path: Assets/Prefabs/UI/ItemInfo.prefab
  artifactKey: Guid(695506f7a2a30a34289c41534a71bdd8) Importer(815301076,1909f56bfc062723c751e8b465ee728b)
Start importing Assets/Prefabs/UI/ItemInfo.prefab using Guid(695506f7a2a30a34289c41534a71bdd8) Importer(815301076,1909f56bfc062723c751e8b465ee728b) (PreviewImporter) -> (artifact id: 'e0901501d917714ea1aec6abf8b4b74d') in 0.1326746 seconds
Number of updated asset objects reloaded before import = 0Number of asset objects unloaded after import = 169

========================================================================
Received Import Request.
  Time since last request: 191.455697 seconds.
  path: Assets/Prefabs/UI/ItemInfo.prefab
  artifactKey: Guid(695506f7a2a30a34289c41534a71bdd8) Importer(815301076,1909f56bfc062723c751e8b465ee728b)
Start importing Assets/Prefabs/UI/ItemInfo.prefab using Guid(695506f7a2a30a34289c41534a71bdd8) Importer(815301076,1909f56bfc062723c751e8b465ee728b) (PreviewImporter) -> (artifact id: '9fcdc585ce0d99d602445a5c08fac5cb') in 0.132127 seconds
Number of updated asset objects reloaded before import = 0Number of asset objects unloaded after import = 169

========================================================================
Received Import Request.
  Time since last request: 20.219760 seconds.
  path: Assets/Prefabs/UI/ItemInfo.prefab
  artifactKey: Guid(695506f7a2a30a34289c41534a71bdd8) Importer(815301076,1909f56bfc062723c751e8b465ee728b)
Start importing Assets/Prefabs/UI/ItemInfo.prefab using Guid(695506f7a2a30a34289c41534a71bdd8) Importer(815301076,1909f56bfc062723c751e8b465ee728b) (PreviewImporter) -> (artifact id: '877cbd10d2e19b8072b1e622881c848c') in 0.1328673 seconds
Number of updated asset objects reloaded before import = 0Number of asset objects unloaded after import = 169

========================================================================
Received Import Request.
  Time since last request: 70.622198 seconds.
  path: Assets/Prefabs/UI/ItemInfo.prefab
  artifactKey: Guid(695506f7a2a30a34289c41534a71bdd8) Importer(815301076,1909f56bfc062723c751e8b465ee728b)
Start importing Assets/Prefabs/UI/ItemInfo.prefab using Guid(695506f7a2a30a34289c41534a71bdd8) Importer(815301076,1909f56bfc062723c751e8b465ee728b) (PreviewImporter) -> (artifact id: '45a6b0134764b7f33f3b5206efa5d2bb') in 0.1324152 seconds
Number of updated asset objects reloaded before import = 0Number of asset objects unloaded after import = 169

========================================================================
Received Import Request.
  Time since last request: 97.286232 seconds.
  path: Assets/Prefabs/UI/ItemInfo.prefab
  artifactKey: Guid(695506f7a2a30a34289c41534a71bdd8) Importer(815301076,1909f56bfc062723c751e8b465ee728b)
Start importing Assets/Prefabs/UI/ItemInfo.prefab using Guid(695506f7a2a30a34289c41534a71bdd8) Importer(815301076,1909f56bfc062723c751e8b465ee728b) (PreviewImporter) -> (artifact id: 'eda26299e8c0c4915f9ffe48ae161593') in 0.1314284 seconds
Number of updated asset objects reloaded before import = 0Number of asset objects unloaded after import = 169

========================================================================
Received Import Request.
  Time since last request: 437.624820 seconds.
  path: Assets/Prefabs/UI/ItemInfo.prefab
  artifactKey: Guid(695506f7a2a30a34289c41534a71bdd8) Importer(815301076,1909f56bfc062723c751e8b465ee728b)
Start importing Assets/Prefabs/UI/ItemInfo.prefab using Guid(695506f7a2a30a34289c41534a71bdd8) Importer(815301076,1909f56bfc062723c751e8b465ee728b) (PreviewImporter) -> (artifact id: 'b84630c070c34eb9bd5ff65419ed74fc') in 0.1342756 seconds
Number of updated asset objects reloaded before import = 0Number of asset objects unloaded after import = 169

========================================================================
Received Import Request.
  Time since last request: 17.411488 seconds.
  path: Assets/Prefabs/UI/ItemInfo.prefab
  artifactKey: Guid(695506f7a2a30a34289c41534a71bdd8) Importer(815301076,1909f56bfc062723c751e8b465ee728b)
Start importing Assets/Prefabs/UI/ItemInfo.prefab using Guid(695506f7a2a30a34289c41534a71bdd8) Importer(815301076,1909f56bfc062723c751e8b465ee728b) (PreviewImporter) -> (artifact id: '58e9c15ce7dfedae34ec7130d9e079ee') in 0.1327565 seconds
Number of updated asset objects reloaded before import = 0Number of asset objects unloaded after import = 169

========================================================================
Received Import Request.
  Time since last request: 5.872989 seconds.
  path: Assets/Prefabs/UI/ItemInfo.prefab
  artifactKey: Guid(695506f7a2a30a34289c41534a71bdd8) Importer(815301076,1909f56bfc062723c751e8b465ee728b)
Start importing Assets/Prefabs/UI/ItemInfo.prefab using Guid(695506f7a2a30a34289c41534a71bdd8) Importer(815301076,1909f56bfc062723c751e8b465ee728b) (PreviewImporter) -> (artifact id: 'c32a7e86c8da19e5c260d6bbe74cd4bc') in 0.1367459 seconds
Number of updated asset objects reloaded before import = 0Number of asset objects unloaded after import = 169

========================================================================
Received Import Request.
  Time since last request: 3.881634 seconds.
  path: Assets/Prefabs/UI/ItemInfo.prefab
  artifactKey: Guid(695506f7a2a30a34289c41534a71bdd8) Importer(815301076,1909f56bfc062723c751e8b465ee728b)
Start importing Assets/Prefabs/UI/ItemInfo.prefab using Guid(695506f7a2a30a34289c41534a71bdd8) Importer(815301076,1909f56bfc062723c751e8b465ee728b) (PreviewImporter) -> (artifact id: '7c9f2334e7387933dea7563f60b5c8d4') in 0.1314653 seconds
Number of updated asset objects reloaded before import = 0Number of asset objects unloaded after import = 169

========================================================================
Received Import Request.
  Time since last request: 19.605078 seconds.
  path: Assets/Prefabs/UI/ItemInfo.prefab
  artifactKey: Guid(695506f7a2a30a34289c41534a71bdd8) Importer(815301076,1909f56bfc062723c751e8b465ee728b)
Start importing Assets/Prefabs/UI/ItemInfo.prefab using Guid(695506f7a2a30a34289c41534a71bdd8) Importer(815301076,1909f56bfc062723c751e8b465ee728b) (PreviewImporter) -> (artifact id: '2e11f0c23abb59ecb0154d411fed641e') in 0.136483 seconds
Number of updated asset objects reloaded before import = 0Number of asset objects unloaded after import = 169

========================================================================
Received Import Request.
  Time since last request: 12.929647 seconds.
  path: Assets/Prefabs/UI/ItemInfo.prefab
  artifactKey: Guid(695506f7a2a30a34289c41534a71bdd8) Importer(815301076,1909f56bfc062723c751e8b465ee728b)
Start importing Assets/Prefabs/UI/ItemInfo.prefab using Guid(695506f7a2a30a34289c41534a71bdd8) Importer(815301076,1909f56bfc062723c751e8b465ee728b) (PreviewImporter) -> (artifact id: 'd1ff24296c95817bfd4f4bb5e25b1ce9') in 0.1313865 seconds
Number of updated asset objects reloaded before import = 0Number of asset objects unloaded after import = 169

========================================================================
Received Import Request.
  Time since last request: 14.942543 seconds.
  path: Assets/Prefabs/UI/ItemInfo.prefab
  artifactKey: Guid(695506f7a2a30a34289c41534a71bdd8) Importer(815301076,1909f56bfc062723c751e8b465ee728b)
Start importing Assets/Prefabs/UI/ItemInfo.prefab using Guid(695506f7a2a30a34289c41534a71bdd8) Importer(815301076,1909f56bfc062723c751e8b465ee728b) (PreviewImporter) -> (artifact id: '2df36b210c20d20107905e0778a9148a') in 0.1583132 seconds
Number of updated asset objects reloaded before import = 0Number of asset objects unloaded after import = 169

========================================================================
Received Import Request.
  Time since last request: 24.822924 seconds.
  path: Assets/Prefabs/UI/ItemInfo.prefab
  artifactKey: Guid(695506f7a2a30a34289c41534a71bdd8) Importer(815301076,1909f56bfc062723c751e8b465ee728b)
Start importing Assets/Prefabs/UI/ItemInfo.prefab using Guid(695506f7a2a30a34289c41534a71bdd8) Importer(815301076,1909f56bfc062723c751e8b465ee728b) (PreviewImporter) -> (artifact id: 'c49e6ebd3d5d9d637831d8cba16feaa6') in 0.131561 seconds
Number of updated asset objects reloaded before import = 0Number of asset objects unloaded after import = 169

========================================================================
Received Import Request.
  Time since last request: 19.086171 seconds.
  path: Assets/Prefabs/UI/ItemInfo.prefab
  artifactKey: Guid(695506f7a2a30a34289c41534a71bdd8) Importer(815301076,1909f56bfc062723c751e8b465ee728b)
Start importing Assets/Prefabs/UI/ItemInfo.prefab using Guid(695506f7a2a30a34289c41534a71bdd8) Importer(815301076,1909f56bfc062723c751e8b465ee728b) (PreviewImporter) -> (artifact id: '431c0b58c63ddc95892e51362f407a2b') in 0.1323549 seconds
Number of updated asset objects reloaded before import = 0Number of asset objects unloaded after import = 169

========================================================================
Received Import Request.
  Time since last request: 8.466024 seconds.
  path: Assets/Prefabs/UI/ItemInfo.prefab
  artifactKey: Guid(695506f7a2a30a34289c41534a71bdd8) Importer(815301076,1909f56bfc062723c751e8b465ee728b)
Start importing Assets/Prefabs/UI/ItemInfo.prefab using Guid(695506f7a2a30a34289c41534a71bdd8) Importer(815301076,1909f56bfc062723c751e8b465ee728b) (PreviewImporter) -> (artifact id: 'ca962bfaab0181cd33daf2d8cf907612') in 0.1301634 seconds
Number of updated asset objects reloaded before import = 0Number of asset objects unloaded after import = 169

========================================================================
Received Import Request.
  Time since last request: 8.142811 seconds.
  path: Assets/Prefabs/UI/ItemInfo.prefab
  artifactKey: Guid(695506f7a2a30a34289c41534a71bdd8) Importer(815301076,1909f56bfc062723c751e8b465ee728b)
Start importing Assets/Prefabs/UI/ItemInfo.prefab using Guid(695506f7a2a30a34289c41534a71bdd8) Importer(815301076,1909f56bfc062723c751e8b465ee728b) (PreviewImporter) -> (artifact id: 'f3b4294caa4aa28014926e7e82623438') in 0.1357941 seconds
Number of updated asset objects reloaded before import = 0Number of asset objects unloaded after import = 169

========================================================================
Received Import Request.
  Time since last request: 27.640216 seconds.
  path: Assets/Prefabs/UI/ItemInfo.prefab
  artifactKey: Guid(695506f7a2a30a34289c41534a71bdd8) Importer(815301076,1909f56bfc062723c751e8b465ee728b)
Start importing Assets/Prefabs/UI/ItemInfo.prefab using Guid(695506f7a2a30a34289c41534a71bdd8) Importer(815301076,1909f56bfc062723c751e8b465ee728b) (PreviewImporter) -> (artifact id: '82de82e6bd92561c1167cf762ad39d8e') in 0.1312916 seconds
Number of updated asset objects reloaded before import = 0Number of asset objects unloaded after import = 169

========================================================================
Received Import Request.
  Time since last request: 175.227705 seconds.
  path: Assets/Prefabs/UI/ItemInfo.prefab
  artifactKey: Guid(695506f7a2a30a34289c41534a71bdd8) Importer(815301076,1909f56bfc062723c751e8b465ee728b)
Start importing Assets/Prefabs/UI/ItemInfo.prefab using Guid(695506f7a2a30a34289c41534a71bdd8) Importer(815301076,1909f56bfc062723c751e8b465ee728b) (PreviewImporter) -> (artifact id: '1b4f39e5a5a986e2cd10cf32f68f02a6') in 0.135513 seconds
Number of updated asset objects reloaded before import = 0Number of asset objects unloaded after import = 169

========================================================================
Received Import Request.
  Time since last request: 9.235824 seconds.
  path: Assets/Prefabs/UI/ItemInfo.prefab
  artifactKey: Guid(695506f7a2a30a34289c41534a71bdd8) Importer(815301076,1909f56bfc062723c751e8b465ee728b)
Start importing Assets/Prefabs/UI/ItemInfo.prefab using Guid(695506f7a2a30a34289c41534a71bdd8) Importer(815301076,1909f56bfc062723c751e8b465ee728b) (PreviewImporter) -> (artifact id: 'd14a82f83805a604842c49a2bbe0243d') in 0.1342393 seconds
Number of updated asset objects reloaded before import = 0Number of asset objects unloaded after import = 169

========================================================================
Received Import Request.
  Time since last request: 7.000051 seconds.
  path: Assets/Prefabs/UI/ItemInfo.prefab
  artifactKey: Guid(695506f7a2a30a34289c41534a71bdd8) Importer(815301076,1909f56bfc062723c751e8b465ee728b)
Start importing Assets/Prefabs/UI/ItemInfo.prefab using Guid(695506f7a2a30a34289c41534a71bdd8) Importer(815301076,1909f56bfc062723c751e8b465ee728b) (PreviewImporter) -> (artifact id: '830deb2a0c27ae03a010829ca59480f9') in 0.1460506 seconds
Number of updated asset objects reloaded before import = 0Number of asset objects unloaded after import = 169

========================================================================
Received Import Request.
  Time since last request: 14.081923 seconds.
  path: Assets/Prefabs/UI/ItemInfo.prefab
  artifactKey: Guid(695506f7a2a30a34289c41534a71bdd8) Importer(815301076,1909f56bfc062723c751e8b465ee728b)
Start importing Assets/Prefabs/UI/ItemInfo.prefab using Guid(695506f7a2a30a34289c41534a71bdd8) Importer(815301076,1909f56bfc062723c751e8b465ee728b) (PreviewImporter) -> (artifact id: '308052c1472a258ce46e6c7318ec3981') in 0.1472285 seconds
Number of updated asset objects reloaded before import = 0Number of asset objects unloaded after import = 169

========================================================================
Received Prepare
Begin MonoManager ReloadAssembly
[Licensing::Client] Successfully resolved entitlement details
- Loaded All Assemblies, in  2.087 seconds
Refreshing native plugins compatible for Editor in 1.18 ms, found 4 plugins.
Native extension for WindowsStandalone target not found
[Package Manager] Failed to launch server process. Reason: Unity was launched with the -noUpm command-line argument
[Package Manager] Unable to send message (not connected to server process).
[Package Manager] Cannot connect to Unity Package Manager local server
Mono: successfully reloaded assembly
- Finished resetting the current domain, in  0.548 seconds
Domain Reload Profiling: 2637ms
	BeginReloadAssembly (368ms)
		ExecutionOrderSort (0ms)
		DisableScriptedObjects (17ms)
		BackupInstance (0ms)
		ReleaseScriptingObjects (0ms)
		CreateAndSetChildDomain (65ms)
	RebuildCommonClasses (97ms)
	RebuildNativeTypeToScriptingClass (9ms)
	initialDomainReloadingComplete (21ms)
	LoadAllAssembliesAndSetupDomain (1593ms)
		LoadAssemblies (1657ms)
		RebuildTransferFunctionScriptingTraits (0ms)
		AnalyzeDomain (171ms)
			TypeCache.Refresh (5ms)
				TypeCache.ScanAssembly (0ms)
			BuildScriptInfoCaches (155ms)
			ResolveRequiredComponents (7ms)
	FinalizeReload (548ms)
		ReleaseScriptCaches (0ms)
		RebuildScriptCaches (0ms)
		SetupLoadedEditorAssemblies (425ms)
			LogAssemblyErrors (0ms)
			InitializePlatformSupportModulesInManaged (1ms)
			SetLoadedEditorAssemblies (3ms)
			BeforeProcessingInitializeOnLoad (101ms)
			ProcessInitializeOnLoadAttributes (272ms)
			ProcessInitializeOnLoadMethodAttributes (43ms)
			AfterProcessingInitializeOnLoad (4ms)
			EditorAssembliesLoaded (0ms)
		ExecutionOrderSort2 (0ms)
		AwakeInstancesAfterBackupRestoration (11ms)
Refreshing native plugins compatible for Editor in 1.17 ms, found 4 plugins.
Preloading 0 native plugins for Editor in 0.00 ms.
Unloading 13 Unused Serialized files (Serialized files now loaded: 0)
Unloading 6773 unused Assets / (4.4 MB). Loaded Objects now: 7561.
Memory consumption went from 149.5 MB to 145.1 MB.
Total: 8.638200 ms (FindLiveObjects: 0.805300 ms CreateObjectMapping: 0.733100 ms MarkObjects: 4.547300 ms  DeleteObjects: 2.551600 ms)

Prepare: number of updated asset objects reloaded= 0
========================================================================
Received Import Request.
  Time since last request: 3658.308805 seconds.
  path: Assets/Prefabs/UI/ItemInfo.prefab
  artifactKey: Guid(695506f7a2a30a34289c41534a71bdd8) Importer(815301076,1909f56bfc062723c751e8b465ee728b)
Start importing Assets/Prefabs/UI/ItemInfo.prefab using Guid(695506f7a2a30a34289c41534a71bdd8) Importer(815301076,1909f56bfc062723c751e8b465ee728b) (PreviewImporter) -> (artifact id: 'b3d0ac96940ee0563dfb2346f91e5601') in 0.2353851 seconds
Number of updated asset objects reloaded before import = 0Number of asset objects unloaded after import = 169

========================================================================
Received Import Request.
  Time since last request: 2.848489 seconds.
  path: Assets/Prefabs/UI/StatLine.prefab
  artifactKey: Guid(fbd7f7b63445bc5408d3fc7572077685) Importer(815301076,1909f56bfc062723c751e8b465ee728b)
Start importing Assets/Prefabs/UI/StatLine.prefab using Guid(fbd7f7b63445bc5408d3fc7572077685) Importer(815301076,1909f56bfc062723c751e8b465ee728b) (PreviewImporter) -> (artifact id: '696bf74b1f31e26de2bb6e9e59496a10') in 0.1186384 seconds
Number of updated asset objects reloaded before import = 0Number of asset objects unloaded after import = 10

========================================================================
Received Prepare
Refreshing native plugins compatible for Editor in 2.01 ms, found 4 plugins.
Preloading 0 native plugins for Editor in 0.00 ms.
Unloading 13 Unused Serialized files (Serialized files now loaded: 0)
Unloading 6763 unused Assets / (4.4 MB). Loaded Objects now: 7562.
Memory consumption went from 150.0 MB to 145.5 MB.
Total: 12.924300 ms (FindLiveObjects: 1.466900 ms CreateObjectMapping: 1.284600 ms MarkObjects: 7.001300 ms  DeleteObjects: 3.170200 ms)

Prepare: number of updated asset objects reloaded= 0
========================================================================
Received Import Request.
  Time since last request: 70.096176 seconds.
  path: Assets/Scripts/UI/Iteminfo.cs
  artifactKey: Guid(ad47d1b9e7b23974eb7a7c7b02420a75) Importer(815301076,1909f56bfc062723c751e8b465ee728b)
Start importing Assets/Scripts/UI/Iteminfo.cs using Guid(ad47d1b9e7b23974eb7a7c7b02420a75) Importer(815301076,1909f56bfc062723c751e8b465ee728b) (PreviewImporter) -> (artifact id: '9932a5abf7e8b75330bb0cd630ad23dd') in 0.0050281 seconds
Number of updated asset objects reloaded before import = 0Number of asset objects unloaded after import = 0

========================================================================
Received Prepare
Begin MonoManager ReloadAssembly
[Licensing::Client] Successfully resolved entitlement details
- Loaded All Assemblies, in  0.511 seconds
Refreshing native plugins compatible for Editor in 1.03 ms, found 4 plugins.
Native extension for WindowsStandalone target not found
[Package Manager] Failed to launch server process. Reason: Unity was launched with the -noUpm command-line argument
[Package Manager] Unable to send message (not connected to server process).
[Package Manager] Cannot connect to Unity Package Manager local server
Mono: successfully reloaded assembly
- Finished resetting the current domain, in  0.525 seconds
Domain Reload Profiling: 1038ms
	BeginReloadAssembly (161ms)
		ExecutionOrderSort (0ms)
		DisableScriptedObjects (10ms)
		BackupInstance (0ms)
		ReleaseScriptingObjects (0ms)
		CreateAndSetChildDomain (41ms)
	RebuildCommonClasses (24ms)
	RebuildNativeTypeToScriptingClass (9ms)
	initialDomainReloadingComplete (19ms)
	LoadAllAssembliesAndSetupDomain (299ms)
		LoadAssemblies (229ms)
		RebuildTransferFunctionScriptingTraits (0ms)
		AnalyzeDomain (134ms)
			TypeCache.Refresh (7ms)
				TypeCache.ScanAssembly (0ms)
			BuildScriptInfoCaches (118ms)
			ResolveRequiredComponents (6ms)
	FinalizeReload (525ms)
		ReleaseScriptCaches (0ms)
		RebuildScriptCaches (0ms)
		SetupLoadedEditorAssemblies (416ms)
			LogAssemblyErrors (0ms)
			InitializePlatformSupportModulesInManaged (1ms)
			SetLoadedEditorAssemblies (3ms)
			BeforeProcessingInitializeOnLoad (93ms)
			ProcessInitializeOnLoadAttributes (258ms)
			ProcessInitializeOnLoadMethodAttributes (56ms)
			AfterProcessingInitializeOnLoad (5ms)
			EditorAssembliesLoaded (0ms)
		ExecutionOrderSort2 (0ms)
		AwakeInstancesAfterBackupRestoration (15ms)
Refreshing native plugins compatible for Editor in 2.12 ms, found 4 plugins.
Preloading 0 native plugins for Editor in 0.00 ms.
Unloading 13 Unused Serialized files (Serialized files now loaded: 0)
Unloading 6772 unused Assets / (4.6 MB). Loaded Objects now: 7565.
Memory consumption went from 149.6 MB to 145.0 MB.
Total: 12.961400 ms (FindLiveObjects: 1.212100 ms CreateObjectMapping: 1.156200 ms MarkObjects: 7.191100 ms  DeleteObjects: 3.400800 ms)

Prepare: number of updated asset objects reloaded= 0
========================================================================
Received Prepare
Refreshing native plugins compatible for Editor in 2.33 ms, found 4 plugins.
Preloading 0 native plugins for Editor in 0.00 ms.
Unloading 13 Unused Serialized files (Serialized files now loaded: 0)
Unloading 6762 unused Assets / (4.8 MB). Loaded Objects now: 7565.
Memory consumption went from 149.7 MB to 144.9 MB.
Total: 15.843100 ms (FindLiveObjects: 1.533300 ms CreateObjectMapping: 1.260800 ms MarkObjects: 8.725100 ms  DeleteObjects: 4.322200 ms)

Prepare: number of updated asset objects reloaded= 0
========================================================================
Received Prepare
Refreshing native plugins compatible for Editor in 2.19 ms, found 4 plugins.
Preloading 0 native plugins for Editor in 0.00 ms.
Unloading 13 Unused Serialized files (Serialized files now loaded: 0)
Unloading 6762 unused Assets / (4.4 MB). Loaded Objects now: 7565.
Memory consumption went from 149.7 MB to 145.4 MB.
Total: 15.576000 ms (FindLiveObjects: 1.248200 ms CreateObjectMapping: 1.355800 ms MarkObjects: 9.788200 ms  DeleteObjects: 3.182300 ms)

Prepare: number of updated asset objects reloaded= 0
========================================================================
Received Import Request.
  Time since last request: 1885.829139 seconds.
  path: Assets/Scripts/UI/Iteminfo.cs
  artifactKey: Guid(ad47d1b9e7b23974eb7a7c7b02420a75) Importer(815301076,1909f56bfc062723c751e8b465ee728b)
Start importing Assets/Scripts/UI/Iteminfo.cs using Guid(ad47d1b9e7b23974eb7a7c7b02420a75) Importer(815301076,1909f56bfc062723c751e8b465ee728b) (PreviewImporter) -> (artifact id: '3f314f00ebb8cf9d4dac97f76bd40dc2') in 0.0194356 seconds
Number of updated asset objects reloaded before import = 0Number of asset objects unloaded after import = 0

========================================================================
Received Prepare
Refreshing native plugins compatible for Editor in 2.79 ms, found 4 plugins.
Preloading 0 native plugins for Editor in 0.00 ms.
Unloading 13 Unused Serialized files (Serialized files now loaded: 0)
Unloading 6762 unused Assets / (4.5 MB). Loaded Objects now: 7565.
Memory consumption went from 149.7 MB to 145.3 MB.
Total: 14.788500 ms (FindLiveObjects: 1.191200 ms CreateObjectMapping: 1.382900 ms MarkObjects: 8.319000 ms  DeleteObjects: 3.894000 ms)

Prepare: number of updated asset objects reloaded= 0
========================================================================
Received Prepare
Refreshing native plugins compatible for Editor in 1.77 ms, found 4 plugins.
Preloading 0 native plugins for Editor in 0.00 ms.
Unloading 13 Unused Serialized files (Serialized files now loaded: 0)
Unloading 6762 unused Assets / (4.5 MB). Loaded Objects now: 7565.
Memory consumption went from 149.7 MB to 145.3 MB.
Total: 12.261900 ms (FindLiveObjects: 1.222400 ms CreateObjectMapping: 1.225100 ms MarkObjects: 6.801900 ms  DeleteObjects: 3.011200 ms)

Prepare: number of updated asset objects reloaded= 0
========================================================================
Received Prepare
Refreshing native plugins compatible for Editor in 1.89 ms, found 4 plugins.
Preloading 0 native plugins for Editor in 0.00 ms.
Unloading 13 Unused Serialized files (Serialized files now loaded: 0)
Unloading 6762 unused Assets / (4.3 MB). Loaded Objects now: 7565.
Memory consumption went from 149.7 MB to 145.5 MB.
Total: 12.077300 ms (FindLiveObjects: 1.148800 ms CreateObjectMapping: 1.115900 ms MarkObjects: 6.647600 ms  DeleteObjects: 3.164100 ms)

Prepare: number of updated asset objects reloaded= 0
========================================================================
Received Prepare
Refreshing native plugins compatible for Editor in 1.94 ms, found 4 plugins.
Preloading 0 native plugins for Editor in 0.00 ms.
Unloading 13 Unused Serialized files (Serialized files now loaded: 0)
Unloading 6762 unused Assets / (4.0 MB). Loaded Objects now: 7565.
Memory consumption went from 149.7 MB to 145.7 MB.
Total: 10.773000 ms (FindLiveObjects: 1.144900 ms CreateObjectMapping: 1.158400 ms MarkObjects: 5.863700 ms  DeleteObjects: 2.605100 ms)

Prepare: number of updated asset objects reloaded= 0
========================================================================
Received Prepare
Refreshing native plugins compatible for Editor in 1.93 ms, found 4 plugins.
Preloading 0 native plugins for Editor in 0.00 ms.
Unloading 13 Unused Serialized files (Serialized files now loaded: 0)
Unloading 6762 unused Assets / (4.5 MB). Loaded Objects now: 7565.
Memory consumption went from 149.7 MB to 145.2 MB.
Total: 12.177000 ms (FindLiveObjects: 1.201100 ms CreateObjectMapping: 1.169600 ms MarkObjects: 6.562400 ms  DeleteObjects: 3.242900 ms)

Prepare: number of updated asset objects reloaded= 0
========================================================================
Received Prepare
Refreshing native plugins compatible for Editor in 1.69 ms, found 4 plugins.
Preloading 0 native plugins for Editor in 0.00 ms.
Unloading 13 Unused Serialized files (Serialized files now loaded: 0)
Unloading 6762 unused Assets / (4.5 MB). Loaded Objects now: 7565.
Memory consumption went from 149.7 MB to 145.2 MB.
Total: 12.592600 ms (FindLiveObjects: 1.344500 ms CreateObjectMapping: 1.220100 ms MarkObjects: 6.231700 ms  DeleteObjects: 3.794800 ms)

Prepare: number of updated asset objects reloaded= 0
========================================================================
Received Prepare
Refreshing native plugins compatible for Editor in 1.95 ms, found 4 plugins.
Preloading 0 native plugins for Editor in 0.00 ms.
Unloading 13 Unused Serialized files (Serialized files now loaded: 0)
Unloading 6762 unused Assets / (4.6 MB). Loaded Objects now: 7565.
Memory consumption went from 149.7 MB to 145.1 MB.
Total: 12.825800 ms (FindLiveObjects: 1.330500 ms CreateObjectMapping: 1.262600 ms MarkObjects: 6.775400 ms  DeleteObjects: 3.455900 ms)

Prepare: number of updated asset objects reloaded= 0
========================================================================
Received Prepare
Refreshing native plugins compatible for Editor in 1.61 ms, found 4 plugins.
Preloading 0 native plugins for Editor in 0.00 ms.
Unloading 13 Unused Serialized files (Serialized files now loaded: 0)
Unloading 6762 unused Assets / (4.3 MB). Loaded Objects now: 7565.
Memory consumption went from 149.7 MB to 145.4 MB.
Total: 12.003200 ms (FindLiveObjects: 1.132700 ms CreateObjectMapping: 1.300900 ms MarkObjects: 6.407200 ms  DeleteObjects: 3.161400 ms)

Prepare: number of updated asset objects reloaded= 0
