[Licensing::Module] Trying to connect to existing licensing client channel...
Built from '6000.2/staging' branch; Version is '6000.2.10f1 (d3d30d158480) revision 13882125'; Using compiler version '194234433'; Build Type 'Release'
OS: 'Windows 11  (10.0.26100) 64bit Core' Language: 'ko' Physical Memory: 32373 MB
[Licensing::IpcConnector] Successfully connected to: "LicenseClient-lands" at "2025-11-18T06:06:50.3124724Z"
BatchMode: 1, IsHumanControllingUs: 0, StartBugReporterOnCrash: 0, Is64bit: 1
Date: 2025-11-18T06:06:50Z

COMMAND LINE ARGUMENTS:
C:\Program Files\Unity\Hub\Editor\6000.2.10f1\Editor\Unity.exe
-adb2
-batchMode
-noUpm
-name
AssetImportWorker0
-projectPath
C:/Users/lands/Desktop/Unity/Enchant
-logFile
Logs/AssetImportWorker0.log
-srvPort
53038
-licensingIpc
LicenseClient-lands
-job-worker-count
5
-background-job-worker-count
8
-gc-helper-count
1
-name
AssetImport
Successfully changed project path to: C:/Users/lands/Desktop/Unity/Enchant
C:/Users/lands/Desktop/Unity/Enchant
[UnityMemory] Configuration Parameters - Can be set up in boot.config
    "memorysetup-allocator-temp-initial-block-size-main=262144"
    "memorysetup-allocator-temp-initial-block-size-worker=262144"
    "memorysetup-bucket-allocator-granularity=16"
    "memorysetup-bucket-allocator-bucket-count=8"
    "memorysetup-bucket-allocator-block-size=33554432"
    "memorysetup-bucket-allocator-block-count=8"
    "memorysetup-main-allocator-block-size=16777216"
    "memorysetup-thread-allocator-block-size=16777216"
    "memorysetup-gfx-main-allocator-block-size=16777216"
    "memorysetup-gfx-thread-allocator-block-size=16777216"
    "memorysetup-cache-allocator-block-size=4194304"
    "memorysetup-typetree-allocator-block-size=2097152"
    "memorysetup-profiler-bucket-allocator-granularity=16"
    "memorysetup-profiler-bucket-allocator-bucket-count=8"
    "memorysetup-profiler-bucket-allocator-block-size=33554432"
    "memorysetup-profiler-bucket-allocator-block-count=8"
    "memorysetup-profiler-allocator-block-size=16777216"
    "memorysetup-profiler-editor-allocator-block-size=1048576"
    "memorysetup-temp-allocator-size-main=16777216"
    "memorysetup-job-temp-allocator-block-size=2097152"
    "memorysetup-job-temp-allocator-block-size-background=1048576"
    "memorysetup-job-temp-allocator-reduction-small-platforms=262144"
    "memorysetup-temp-allocator-size-background-worker=32768"
    "memorysetup-temp-allocator-size-job-worker=262144"
    "memorysetup-temp-allocator-size-preload-manager=33554432"
    "memorysetup-temp-allocator-size-nav-mesh-worker=65536"
    "memorysetup-temp-allocator-size-audio-worker=65536"
    "memorysetup-temp-allocator-size-cloud-worker=32768"
    "memorysetup-temp-allocator-size-gi-baking-worker=262144"
    "memorysetup-temp-allocator-size-gi-baking-worker=262144"
    "memorysetup-temp-allocator-size-gi-baking-worker=262144"
    "memorysetup-temp-allocator-size-gi-baking-worker=262144"
    "memorysetup-temp-allocator-size-gi-baking-worker=262144"
    "memorysetup-temp-allocator-size-gfx=262144"
Player connection [31196]  Target information:

Player connection [31196]  * "[IP] 192.168.0.6 [Port] 0 [Flags] 2 [Guid] 2212125641 [EditorId] 2212125641 [Version] 1048832 [Id] WindowsEditor(7,DESKTOP-CDJNT19) [Debug] 1 [PackageName] WindowsEditor [ProjectName] Editor" 

Player connection [31196] Host joined multi-casting on [225.0.0.222:54997]...
Player connection [31196] Host joined alternative multi-casting on [225.0.0.222:34997]...
JobSystem: Creating JobQueue using job-worker-count value 5
Input System module state changed to: Initialized.
[Physics::Module] Initialized fallback backend.
[Physics::Module] Id: 0xdecafbad
[Licensing::Client] Code 10 while verifying Licensing Client signature (process Id: 19340, path: "C:/Program Files/Unity Hub/UnityLicensingClient_V1/Unity.Licensing.Client.exe")
[Licensing::Module] LicensingClient has failed validation; ignoring
[Licensing::Client] Handshaking with LicensingClient:
  Version:                 1.17.3+a4e98f1
  Session Id:              99c4fa10687042c9a085ab7b36e372e0
  Correlation Id:          3282ed64d8f18f655b3a71e51475e2e5
  External correlation Id: 6853345421876348028
  Machine Id:              49qchL2vnkiwi53mgKNqBKkeaUA=
[Licensing::Module] Successfully connected to LicensingClient on channel: "LicenseClient-lands" (connect: 0.00s, validation: 0.00s, handshake: 0.02s)
[Licensing::IpcConnector] Successfully connected to: "LicenseClient-lands-notifications" at "2025-11-18T06:06:50.3361508Z"
[Licensing::Module] Licensing Background thread has ended after 0.02s
Library Redirect Path: Library/
[Physics::Module] Selected backend.
[Physics::Module] Name: PhysX
[Physics::Module] Id: 0xf2b8ea05
[Physics::Module] SDK Version: 4.1.2
[Physics::Module] Integration Version: 1.0.0
[Physics::Module] Threading Mode: Multi-Threaded
Refreshing native plugins compatible for Editor in 2.33 ms, found 4 plugins.
Preloading 0 native plugins for Editor in 0.00 ms.
Initialize engine version: 6000.2.10f1 (d3d30d158480)
[Subsystems] Discovering subsystems at path C:/Program Files/Unity/Hub/Editor/6000.2.10f1/Editor/Data/Resources/UnitySubsystems
[Subsystems] Discovering subsystems at path C:/Users/lands/Desktop/Unity/Enchant/Assets
GfxDevice: creating device client; kGfxThreadingModeNonThreaded
Direct3D:
    Version:  Direct3D 11.0 [level 11.1]
    Renderer: NVIDIA GeForce RTX 4060 Ti (ID=0x2803)
    Vendor:   NVIDIA
    VRAM:     7949 MB
    Driver:   32.0.15.7216
Initialize mono
Mono path[0] = 'C:/Program Files/Unity/Hub/Editor/6000.2.10f1/Editor/Data/Managed'
Mono path[1] = 'C:/Program Files/Unity/Hub/Editor/6000.2.10f1/Editor/Data/MonoBleedingEdge/lib/mono/unityjit-win32'
Mono config path = 'C:/Program Files/Unity/Hub/Editor/6000.2.10f1/Editor/Data/MonoBleedingEdge/etc'
Using monoOptions --debugger-agent=transport=dt_socket,embedding=1,server=y,suspend=n,address=127.0.0.1:56456
Begin MonoManager ReloadAssembly
Registering precompiled unity dll's ...
Register platform support module: C:/Program Files/Unity/Hub/Editor/6000.2.10f1/Editor/Data/PlaybackEngines/WindowsStandaloneSupport/UnityEditor.WindowsStandalone.Extensions.dll
Registered in 0.001067 seconds.
- Loaded All Assemblies, in  0.275 seconds
Native extension for WindowsStandalone target not found
Mono: successfully reloaded assembly
- Finished resetting the current domain, in  0.232 seconds
Domain Reload Profiling: 505ms
	BeginReloadAssembly (93ms)
		ExecutionOrderSort (0ms)
		DisableScriptedObjects (0ms)
		BackupInstance (0ms)
		ReleaseScriptingObjects (0ms)
		CreateAndSetChildDomain (0ms)
	RebuildCommonClasses (28ms)
	RebuildNativeTypeToScriptingClass (9ms)
	initialDomainReloadingComplete (33ms)
	LoadAllAssembliesAndSetupDomain (110ms)
		LoadAssemblies (91ms)
		RebuildTransferFunctionScriptingTraits (0ms)
		AnalyzeDomain (108ms)
			TypeCache.Refresh (107ms)
				TypeCache.ScanAssembly (98ms)
			BuildScriptInfoCaches (0ms)
			ResolveRequiredComponents (0ms)
	FinalizeReload (232ms)
		ReleaseScriptCaches (0ms)
		RebuildScriptCaches (0ms)
		SetupLoadedEditorAssemblies (194ms)
			LogAssemblyErrors (0ms)
			InitializePlatformSupportModulesInManaged (29ms)
			SetLoadedEditorAssemblies (2ms)
			BeforeProcessingInitializeOnLoad (44ms)
			ProcessInitializeOnLoadAttributes (85ms)
			ProcessInitializeOnLoadMethodAttributes (34ms)
			AfterProcessingInitializeOnLoad (0ms)
			EditorAssembliesLoaded (0ms)
		ExecutionOrderSort2 (0ms)
		AwakeInstancesAfterBackupRestoration (0ms)
========================================================================
Worker process is ready to serve import requests
Import Worker Mode flag is 0x00
Begin MonoManager ReloadAssembly
[Licensing::Client] Successfully resolved entitlement details
[Licensing::Module] License group:
  Id: 14568553265188-UnityPersXXXX
  Product: Unity Personal
  Type: Assigned
  Expiration: Unlimited
- Loaded All Assemblies, in  0.737 seconds
Refreshing native plugins compatible for Editor in 0.82 ms, found 4 plugins.
Native extension for WindowsStandalone target not found
Package Manager log level set to [2]
[Package Manager] Failed to launch server process. Reason: Unity was launched with the -noUpm command-line argument
[Package Manager] Unable to send message (not connected to server process).
[Package Manager] Cannot connect to Unity Package Manager local server
Mono: successfully reloaded assembly
- Finished resetting the current domain, in  0.543 seconds
Domain Reload Profiling: 1277ms
	BeginReloadAssembly (147ms)
		ExecutionOrderSort (0ms)
		DisableScriptedObjects (5ms)
		BackupInstance (0ms)
		ReleaseScriptingObjects (0ms)
		CreateAndSetChildDomain (28ms)
	RebuildCommonClasses (31ms)
	RebuildNativeTypeToScriptingClass (9ms)
	initialDomainReloadingComplete (25ms)
	LoadAllAssembliesAndSetupDomain (522ms)
		LoadAssemblies (415ms)
		RebuildTransferFunctionScriptingTraits (0ms)
		AnalyzeDomain (179ms)
			TypeCache.Refresh (131ms)
				TypeCache.ScanAssembly (119ms)
			BuildScriptInfoCaches (39ms)
			ResolveRequiredComponents (7ms)
	FinalizeReload (543ms)
		ReleaseScriptCaches (0ms)
		RebuildScriptCaches (0ms)
		SetupLoadedEditorAssemblies (444ms)
			LogAssemblyErrors (0ms)
			InitializePlatformSupportModulesInManaged (1ms)
			SetLoadedEditorAssemblies (2ms)
			BeforeProcessingInitializeOnLoad (91ms)
			ProcessInitializeOnLoadAttributes (257ms)
			ProcessInitializeOnLoadMethodAttributes (89ms)
			AfterProcessingInitializeOnLoad (3ms)
			EditorAssembliesLoaded (0ms)
		ExecutionOrderSort2 (0ms)
		AwakeInstancesAfterBackupRestoration (4ms)
Launched and connected shader compiler UnityShaderCompiler.exe after 0.01 seconds
Refreshing native plugins compatible for Editor in 2.08 ms, found 4 plugins.
Preloading 0 native plugins for Editor in 0.00 ms.
Unloading 13 Unused Serialized files (Serialized files now loaded: 0)
Unloading 6774 unused Assets / (4.5 MB). Loaded Objects now: 7505.
Memory consumption went from 142.5 MB to 138.0 MB.
Total: 11.242500 ms (FindLiveObjects: 1.184400 ms CreateObjectMapping: 1.029400 ms MarkObjects: 6.164400 ms  DeleteObjects: 2.863100 ms)

========================================================================
Received Import Request.
  Time since last request: 394880.740828 seconds.
  path: Assets/Prefabs/UI/ItemInfo.prefab
  artifactKey: Guid(695506f7a2a30a34289c41534a71bdd8) Importer(815301076,1909f56bfc062723c751e8b465ee728b)
Start importing Assets/Prefabs/UI/ItemInfo.prefab using Guid(695506f7a2a30a34289c41534a71bdd8) Importer(815301076,1909f56bfc062723c751e8b465ee728b) (PreviewImporter) -> (artifact id: '36ce9fa26a8f218fd9a4b86c4ef75190') in 0.2695068 seconds
Number of updated asset objects reloaded before import = 0Number of asset objects unloaded after import = 171

========================================================================
Received Import Request.
  Time since last request: 98.946618 seconds.
  path: Assets/Prefabs/UI/ItemInfo.prefab
  artifactKey: Guid(695506f7a2a30a34289c41534a71bdd8) Importer(815301076,1909f56bfc062723c751e8b465ee728b)
Start importing Assets/Prefabs/UI/ItemInfo.prefab using Guid(695506f7a2a30a34289c41534a71bdd8) Importer(815301076,1909f56bfc062723c751e8b465ee728b) (PreviewImporter) -> (artifact id: 'b1c602e5adb09825a71e9a039ad4a800') in 0.1305575 seconds
Number of updated asset objects reloaded before import = 0Number of asset objects unloaded after import = 171

========================================================================
Received Import Request.
  Time since last request: 6.277154 seconds.
  path: Assets/Prefabs/UI/ItemInfo.prefab
  artifactKey: Guid(695506f7a2a30a34289c41534a71bdd8) Importer(815301076,1909f56bfc062723c751e8b465ee728b)
Start importing Assets/Prefabs/UI/ItemInfo.prefab using Guid(695506f7a2a30a34289c41534a71bdd8) Importer(815301076,1909f56bfc062723c751e8b465ee728b) (PreviewImporter) -> (artifact id: '7c28f6dd4b029812c708bfd05e877202') in 0.1359034 seconds
Number of updated asset objects reloaded before import = 0Number of asset objects unloaded after import = 171

========================================================================
Received Import Request.
  Time since last request: 23.767417 seconds.
  path: Assets/Prefabs/UI/ItemInfo.prefab
  artifactKey: Guid(695506f7a2a30a34289c41534a71bdd8) Importer(815301076,1909f56bfc062723c751e8b465ee728b)
Start importing Assets/Prefabs/UI/ItemInfo.prefab using Guid(695506f7a2a30a34289c41534a71bdd8) Importer(815301076,1909f56bfc062723c751e8b465ee728b) (PreviewImporter) -> (artifact id: '80c1aa5a269318c326f306df37549ee3') in 0.1288473 seconds
Number of updated asset objects reloaded before import = 0Number of asset objects unloaded after import = 171

========================================================================
Received Import Request.
  Time since last request: 0.239618 seconds.
  path: Assets/Prefabs/UI/ItemInfo.prefab
  artifactKey: Guid(695506f7a2a30a34289c41534a71bdd8) Importer(815301076,1909f56bfc062723c751e8b465ee728b)
Start importing Assets/Prefabs/UI/ItemInfo.prefab using Guid(695506f7a2a30a34289c41534a71bdd8) Importer(815301076,1909f56bfc062723c751e8b465ee728b) (PreviewImporter) -> (artifact id: '0f05a0a1f84ed39f407801eefa9f53ab') in 0.130394 seconds
Number of updated asset objects reloaded before import = 0Number of asset objects unloaded after import = 171

========================================================================
Received Import Request.
  Time since last request: 2.461941 seconds.
  path: Assets/Prefabs/UI/ItemInfo.prefab
  artifactKey: Guid(695506f7a2a30a34289c41534a71bdd8) Importer(815301076,1909f56bfc062723c751e8b465ee728b)
Start importing Assets/Prefabs/UI/ItemInfo.prefab using Guid(695506f7a2a30a34289c41534a71bdd8) Importer(815301076,1909f56bfc062723c751e8b465ee728b) (PreviewImporter) -> (artifact id: 'cd4e57eaaa6e8811fd09816786fbc756') in 0.130026 seconds
Number of updated asset objects reloaded before import = 0Number of asset objects unloaded after import = 171

========================================================================
Received Import Request.
  Time since last request: 28.694377 seconds.
  path: Assets/Prefabs/UI/ItemInfo.prefab
  artifactKey: Guid(695506f7a2a30a34289c41534a71bdd8) Importer(815301076,1909f56bfc062723c751e8b465ee728b)
Start importing Assets/Prefabs/UI/ItemInfo.prefab using Guid(695506f7a2a30a34289c41534a71bdd8) Importer(815301076,1909f56bfc062723c751e8b465ee728b) (PreviewImporter) -> (artifact id: 'f83fc70f526647574b40c7a8b9fa2268') in 0.131263 seconds
Number of updated asset objects reloaded before import = 0Number of asset objects unloaded after import = 171

========================================================================
Received Import Request.
  Time since last request: 2.265207 seconds.
  path: Assets/Prefabs/UI/ItemInfo.prefab
  artifactKey: Guid(695506f7a2a30a34289c41534a71bdd8) Importer(815301076,1909f56bfc062723c751e8b465ee728b)
Start importing Assets/Prefabs/UI/ItemInfo.prefab using Guid(695506f7a2a30a34289c41534a71bdd8) Importer(815301076,1909f56bfc062723c751e8b465ee728b) (PreviewImporter) -> (artifact id: '04eac6bcef365028c5b056cfddee6187') in 0.1324461 seconds
Number of updated asset objects reloaded before import = 0Number of asset objects unloaded after import = 171

========================================================================
Received Import Request.
  Time since last request: 1.056269 seconds.
  path: Assets/Prefabs/UI/ItemInfo.prefab
  artifactKey: Guid(695506f7a2a30a34289c41534a71bdd8) Importer(815301076,1909f56bfc062723c751e8b465ee728b)
Start importing Assets/Prefabs/UI/ItemInfo.prefab using Guid(695506f7a2a30a34289c41534a71bdd8) Importer(815301076,1909f56bfc062723c751e8b465ee728b) (PreviewImporter) -> (artifact id: 'a01659d18a588b67bcfec96c5da0aa53') in 0.1273001 seconds
Number of updated asset objects reloaded before import = 0Number of asset objects unloaded after import = 171

========================================================================
Received Import Request.
  Time since last request: 14.448781 seconds.
  path: Assets/Prefabs/UI/ItemInfo.prefab
  artifactKey: Guid(695506f7a2a30a34289c41534a71bdd8) Importer(815301076,1909f56bfc062723c751e8b465ee728b)
Start importing Assets/Prefabs/UI/ItemInfo.prefab using Guid(695506f7a2a30a34289c41534a71bdd8) Importer(815301076,1909f56bfc062723c751e8b465ee728b) (PreviewImporter) -> (artifact id: '42030078be5725a1c6fb7534a0fb98be') in 0.1297949 seconds
Number of updated asset objects reloaded before import = 0Number of asset objects unloaded after import = 171

========================================================================
Received Import Request.
  Time since last request: 2.486490 seconds.
  path: Assets/Prefabs/UI/ItemInfo.prefab
  artifactKey: Guid(695506f7a2a30a34289c41534a71bdd8) Importer(815301076,1909f56bfc062723c751e8b465ee728b)
Start importing Assets/Prefabs/UI/ItemInfo.prefab using Guid(695506f7a2a30a34289c41534a71bdd8) Importer(815301076,1909f56bfc062723c751e8b465ee728b) (PreviewImporter) -> (artifact id: '4a7592cad3c346caa3d27903316c7265') in 0.1323228 seconds
Number of updated asset objects reloaded before import = 0Number of asset objects unloaded after import = 171

========================================================================
Received Import Request.
  Time since last request: 8.986023 seconds.
  path: Assets/Prefabs/UI/ItemInfo.prefab
  artifactKey: Guid(695506f7a2a30a34289c41534a71bdd8) Importer(815301076,1909f56bfc062723c751e8b465ee728b)
Start importing Assets/Prefabs/UI/ItemInfo.prefab using Guid(695506f7a2a30a34289c41534a71bdd8) Importer(815301076,1909f56bfc062723c751e8b465ee728b) (PreviewImporter) -> (artifact id: 'eb34f25b886ab44b562ebb83d128e020') in 0.1283551 seconds
Number of updated asset objects reloaded before import = 0Number of asset objects unloaded after import = 171

========================================================================
Received Import Request.
  Time since last request: 2.484905 seconds.
  path: Assets/Prefabs/UI/ItemInfo.prefab
  artifactKey: Guid(695506f7a2a30a34289c41534a71bdd8) Importer(815301076,1909f56bfc062723c751e8b465ee728b)
Start importing Assets/Prefabs/UI/ItemInfo.prefab using Guid(695506f7a2a30a34289c41534a71bdd8) Importer(815301076,1909f56bfc062723c751e8b465ee728b) (PreviewImporter) -> (artifact id: '6df89ffb007194e72172b38c98cc117c') in 0.1300716 seconds
Number of updated asset objects reloaded before import = 0Number of asset objects unloaded after import = 171

========================================================================
Received Import Request.
  Time since last request: 6.771956 seconds.
  path: Assets/Prefabs/UI/ItemInfo.prefab
  artifactKey: Guid(695506f7a2a30a34289c41534a71bdd8) Importer(815301076,1909f56bfc062723c751e8b465ee728b)
Start importing Assets/Prefabs/UI/ItemInfo.prefab using Guid(695506f7a2a30a34289c41534a71bdd8) Importer(815301076,1909f56bfc062723c751e8b465ee728b) (PreviewImporter) -> (artifact id: '0be6f51417a75e627893f9c33bf9b043') in 0.1290798 seconds
Number of updated asset objects reloaded before import = 0Number of asset objects unloaded after import = 171

========================================================================
Received Import Request.
  Time since last request: 12.743284 seconds.
  path: Assets/Prefabs/UI/ItemInfo.prefab
  artifactKey: Guid(695506f7a2a30a34289c41534a71bdd8) Importer(815301076,1909f56bfc062723c751e8b465ee728b)
Start importing Assets/Prefabs/UI/ItemInfo.prefab using Guid(695506f7a2a30a34289c41534a71bdd8) Importer(815301076,1909f56bfc062723c751e8b465ee728b) (PreviewImporter) -> (artifact id: 'df735af004c9ee52e84a1a82134316a7') in 0.1285088 seconds
Number of updated asset objects reloaded before import = 0Number of asset objects unloaded after import = 171

========================================================================
Received Import Request.
  Time since last request: 14.988119 seconds.
  path: Assets/Prefabs/UI/ItemInfo.prefab
  artifactKey: Guid(695506f7a2a30a34289c41534a71bdd8) Importer(815301076,1909f56bfc062723c751e8b465ee728b)
Start importing Assets/Prefabs/UI/ItemInfo.prefab using Guid(695506f7a2a30a34289c41534a71bdd8) Importer(815301076,1909f56bfc062723c751e8b465ee728b) (PreviewImporter) -> (artifact id: '41625fce4f8af19a775a02238cdf6be4') in 0.1299029 seconds
Number of updated asset objects reloaded before import = 0Number of asset objects unloaded after import = 175

========================================================================
Received Import Request.
  Time since last request: 16.224539 seconds.
  path: Assets/Prefabs/UI/ItemInfo.prefab
  artifactKey: Guid(695506f7a2a30a34289c41534a71bdd8) Importer(815301076,1909f56bfc062723c751e8b465ee728b)
Start importing Assets/Prefabs/UI/ItemInfo.prefab using Guid(695506f7a2a30a34289c41534a71bdd8) Importer(815301076,1909f56bfc062723c751e8b465ee728b) (PreviewImporter) -> (artifact id: '9648840ef0f51886768b01ec4177623f') in 0.1284833 seconds
Number of updated asset objects reloaded before import = 0Number of asset objects unloaded after import = 175

========================================================================
Received Import Request.
  Time since last request: 3.073625 seconds.
  path: Assets/Prefabs/UI/ItemInfo.prefab
  artifactKey: Guid(695506f7a2a30a34289c41534a71bdd8) Importer(815301076,1909f56bfc062723c751e8b465ee728b)
Start importing Assets/Prefabs/UI/ItemInfo.prefab using Guid(695506f7a2a30a34289c41534a71bdd8) Importer(815301076,1909f56bfc062723c751e8b465ee728b) (PreviewImporter) -> (artifact id: '429d320237ae01d919502410cf9739ea') in 0.1297056 seconds
Number of updated asset objects reloaded before import = 0Number of asset objects unloaded after import = 175

========================================================================
Received Import Request.
  Time since last request: 8.726272 seconds.
  path: Assets/Prefabs/UI/ItemInfo.prefab
  artifactKey: Guid(695506f7a2a30a34289c41534a71bdd8) Importer(815301076,1909f56bfc062723c751e8b465ee728b)
Start importing Assets/Prefabs/UI/ItemInfo.prefab using Guid(695506f7a2a30a34289c41534a71bdd8) Importer(815301076,1909f56bfc062723c751e8b465ee728b) (PreviewImporter) -> (artifact id: '096fe7616aa3478060f7fb0057a8da62') in 0.129346 seconds
Number of updated asset objects reloaded before import = 0Number of asset objects unloaded after import = 175

========================================================================
Received Import Request.
  Time since last request: 10.926659 seconds.
  path: Assets/Prefabs/UI/ItemInfo.prefab
  artifactKey: Guid(695506f7a2a30a34289c41534a71bdd8) Importer(815301076,1909f56bfc062723c751e8b465ee728b)
Start importing Assets/Prefabs/UI/ItemInfo.prefab using Guid(695506f7a2a30a34289c41534a71bdd8) Importer(815301076,1909f56bfc062723c751e8b465ee728b) (PreviewImporter) -> (artifact id: '570f61ceff7ede2288336534dd29ccdb') in 0.1215666 seconds
Number of updated asset objects reloaded before import = 0Number of asset objects unloaded after import = 175

========================================================================
Received Import Request.
  Time since last request: 2.887112 seconds.
  path: Assets/Prefabs/UI/ItemInfo.prefab
  artifactKey: Guid(695506f7a2a30a34289c41534a71bdd8) Importer(815301076,1909f56bfc062723c751e8b465ee728b)
Start importing Assets/Prefabs/UI/ItemInfo.prefab using Guid(695506f7a2a30a34289c41534a71bdd8) Importer(815301076,1909f56bfc062723c751e8b465ee728b) (PreviewImporter) -> (artifact id: '84202e0ed83b8153434c770b01cd2991') in 0.1272197 seconds
Number of updated asset objects reloaded before import = 0Number of asset objects unloaded after import = 175

========================================================================
Received Import Request.
  Time since last request: 3.241025 seconds.
  path: Assets/Prefabs/UI/ItemInfo.prefab
  artifactKey: Guid(695506f7a2a30a34289c41534a71bdd8) Importer(815301076,1909f56bfc062723c751e8b465ee728b)
Start importing Assets/Prefabs/UI/ItemInfo.prefab using Guid(695506f7a2a30a34289c41534a71bdd8) Importer(815301076,1909f56bfc062723c751e8b465ee728b) (PreviewImporter) -> (artifact id: 'e8e8e118ce1fa862dd706534cbf5d7cb') in 0.169139 seconds
Number of updated asset objects reloaded before import = 0Number of asset objects unloaded after import = 175

========================================================================
Received Import Request.
  Time since last request: 19.288642 seconds.
  path: Assets/Prefabs/UI/ItemInfo.prefab
  artifactKey: Guid(695506f7a2a30a34289c41534a71bdd8) Importer(815301076,1909f56bfc062723c751e8b465ee728b)
Start importing Assets/Prefabs/UI/ItemInfo.prefab using Guid(695506f7a2a30a34289c41534a71bdd8) Importer(815301076,1909f56bfc062723c751e8b465ee728b) (PreviewImporter) -> (artifact id: '4de9218d05caaf7bf83ad4ff29f1e58a') in 0.1776159 seconds
Number of updated asset objects reloaded before import = 0Number of asset objects unloaded after import = 175

========================================================================
Received Import Request.
  Time since last request: 7.356241 seconds.
  path: Assets/Prefabs/UI/ItemInfo.prefab
  artifactKey: Guid(695506f7a2a30a34289c41534a71bdd8) Importer(815301076,1909f56bfc062723c751e8b465ee728b)
Start importing Assets/Prefabs/UI/ItemInfo.prefab using Guid(695506f7a2a30a34289c41534a71bdd8) Importer(815301076,1909f56bfc062723c751e8b465ee728b) (PreviewImporter) -> (artifact id: 'b8cfbbc1e229df0e7c1774a9153f659c') in 0.1332091 seconds
Number of updated asset objects reloaded before import = 0Number of asset objects unloaded after import = 175

========================================================================
Received Import Request.
  Time since last request: 1.854346 seconds.
  path: Assets/Prefabs/UI/ItemInfo.prefab
  artifactKey: Guid(695506f7a2a30a34289c41534a71bdd8) Importer(815301076,1909f56bfc062723c751e8b465ee728b)
Start importing Assets/Prefabs/UI/ItemInfo.prefab using Guid(695506f7a2a30a34289c41534a71bdd8) Importer(815301076,1909f56bfc062723c751e8b465ee728b) (PreviewImporter) -> (artifact id: '388044457ca862f1707a109973f6a004') in 0.1282044 seconds
Number of updated asset objects reloaded before import = 0Number of asset objects unloaded after import = 175

========================================================================
Received Import Request.
  Time since last request: 8.527504 seconds.
  path: Assets/Prefabs/UI/ItemInfo.prefab
  artifactKey: Guid(695506f7a2a30a34289c41534a71bdd8) Importer(815301076,1909f56bfc062723c751e8b465ee728b)
Start importing Assets/Prefabs/UI/ItemInfo.prefab using Guid(695506f7a2a30a34289c41534a71bdd8) Importer(815301076,1909f56bfc062723c751e8b465ee728b) (PreviewImporter) -> (artifact id: '93e1da92586b10bdd226f58a1df726d8') in 0.1328631 seconds
Number of updated asset objects reloaded before import = 0Number of asset objects unloaded after import = 175

========================================================================
Received Import Request.
  Time since last request: 4.262230 seconds.
  path: Assets/Prefabs/UI/ItemInfo.prefab
  artifactKey: Guid(695506f7a2a30a34289c41534a71bdd8) Importer(815301076,1909f56bfc062723c751e8b465ee728b)
Start importing Assets/Prefabs/UI/ItemInfo.prefab using Guid(695506f7a2a30a34289c41534a71bdd8) Importer(815301076,1909f56bfc062723c751e8b465ee728b) (PreviewImporter) -> (artifact id: 'cba4b78208d6f74ff13795e6e2c0223f') in 0.1323624 seconds
Number of updated asset objects reloaded before import = 0Number of asset objects unloaded after import = 175

========================================================================
Received Import Request.
  Time since last request: 1.450152 seconds.
  path: Assets/Prefabs/UI/ItemInfo.prefab
  artifactKey: Guid(695506f7a2a30a34289c41534a71bdd8) Importer(815301076,1909f56bfc062723c751e8b465ee728b)
Start importing Assets/Prefabs/UI/ItemInfo.prefab using Guid(695506f7a2a30a34289c41534a71bdd8) Importer(815301076,1909f56bfc062723c751e8b465ee728b) (PreviewImporter) -> (artifact id: '9755d8d5051077c3645c9e5e6aa71106') in 0.1308997 seconds
Number of updated asset objects reloaded before import = 0Number of asset objects unloaded after import = 175

========================================================================
Received Import Request.
  Time since last request: 19.059380 seconds.
  path: Assets/Prefabs/UI/ItemInfo.prefab
  artifactKey: Guid(695506f7a2a30a34289c41534a71bdd8) Importer(815301076,1909f56bfc062723c751e8b465ee728b)
Start importing Assets/Prefabs/UI/ItemInfo.prefab using Guid(695506f7a2a30a34289c41534a71bdd8) Importer(815301076,1909f56bfc062723c751e8b465ee728b) (PreviewImporter) -> (artifact id: 'e69bf56f4f2891af0df264ad23f96923') in 0.1770141 seconds
Number of updated asset objects reloaded before import = 0Number of asset objects unloaded after import = 175

========================================================================
Received Import Request.
  Time since last request: 2.426075 seconds.
  path: Assets/Prefabs/UI/ItemInfo.prefab
  artifactKey: Guid(695506f7a2a30a34289c41534a71bdd8) Importer(815301076,1909f56bfc062723c751e8b465ee728b)
Start importing Assets/Prefabs/UI/ItemInfo.prefab using Guid(695506f7a2a30a34289c41534a71bdd8) Importer(815301076,1909f56bfc062723c751e8b465ee728b) (PreviewImporter) -> (artifact id: '29230834ff1519b9ee39149205cf1f85') in 0.1325401 seconds
Number of updated asset objects reloaded before import = 0Number of asset objects unloaded after import = 175

========================================================================
Received Import Request.
  Time since last request: 10.734305 seconds.
  path: Assets/Prefabs/UI/ItemInfo.prefab
  artifactKey: Guid(695506f7a2a30a34289c41534a71bdd8) Importer(815301076,1909f56bfc062723c751e8b465ee728b)
Start importing Assets/Prefabs/UI/ItemInfo.prefab using Guid(695506f7a2a30a34289c41534a71bdd8) Importer(815301076,1909f56bfc062723c751e8b465ee728b) (PreviewImporter) -> (artifact id: '213d26d6a1a3fd61d3be4cede598d26e') in 0.1309464 seconds
Number of updated asset objects reloaded before import = 0Number of asset objects unloaded after import = 175

========================================================================
Received Import Request.
  Time since last request: 3.876015 seconds.
  path: Assets/Prefabs/UI/ItemInfo.prefab
  artifactKey: Guid(695506f7a2a30a34289c41534a71bdd8) Importer(815301076,1909f56bfc062723c751e8b465ee728b)
Start importing Assets/Prefabs/UI/ItemInfo.prefab using Guid(695506f7a2a30a34289c41534a71bdd8) Importer(815301076,1909f56bfc062723c751e8b465ee728b) (PreviewImporter) -> (artifact id: '9ea45f47ae1ce1eedc6b68ce71573571') in 0.1318973 seconds
Number of updated asset objects reloaded before import = 0Number of asset objects unloaded after import = 175

========================================================================
Received Import Request.
  Time since last request: 20.229976 seconds.
  path: Assets/Prefabs/UI/ItemInfo.prefab
  artifactKey: Guid(695506f7a2a30a34289c41534a71bdd8) Importer(815301076,1909f56bfc062723c751e8b465ee728b)
Start importing Assets/Prefabs/UI/ItemInfo.prefab using Guid(695506f7a2a30a34289c41534a71bdd8) Importer(815301076,1909f56bfc062723c751e8b465ee728b) (PreviewImporter) -> (artifact id: 'f9883a64ae7add2f4c8e77dcfb3bb4b3') in 0.1306746 seconds
Number of updated asset objects reloaded before import = 0Number of asset objects unloaded after import = 175

========================================================================
Received Import Request.
  Time since last request: 1.473524 seconds.
  path: Assets/Prefabs/UI/ItemInfo.prefab
  artifactKey: Guid(695506f7a2a30a34289c41534a71bdd8) Importer(815301076,1909f56bfc062723c751e8b465ee728b)
Start importing Assets/Prefabs/UI/ItemInfo.prefab using Guid(695506f7a2a30a34289c41534a71bdd8) Importer(815301076,1909f56bfc062723c751e8b465ee728b) (PreviewImporter) -> (artifact id: 'b6be2075dd271d78d845797f83e99801') in 0.130163 seconds
Number of updated asset objects reloaded before import = 0Number of asset objects unloaded after import = 175

========================================================================
Received Import Request.
  Time since last request: 7.694131 seconds.
  path: Assets/Prefabs/UI/ItemInfo.prefab
  artifactKey: Guid(695506f7a2a30a34289c41534a71bdd8) Importer(815301076,1909f56bfc062723c751e8b465ee728b)
Start importing Assets/Prefabs/UI/ItemInfo.prefab using Guid(695506f7a2a30a34289c41534a71bdd8) Importer(815301076,1909f56bfc062723c751e8b465ee728b) (PreviewImporter) -> (artifact id: 'a5c86e3eea9aa0b21f273c38d2cd95d4') in 0.1317439 seconds
Number of updated asset objects reloaded before import = 0Number of asset objects unloaded after import = 175

========================================================================
Received Import Request.
  Time since last request: 6.095423 seconds.
  path: Assets/Prefabs/UI/ItemInfo.prefab
  artifactKey: Guid(695506f7a2a30a34289c41534a71bdd8) Importer(815301076,1909f56bfc062723c751e8b465ee728b)
Start importing Assets/Prefabs/UI/ItemInfo.prefab using Guid(695506f7a2a30a34289c41534a71bdd8) Importer(815301076,1909f56bfc062723c751e8b465ee728b) (PreviewImporter) -> (artifact id: '9dace1ad2342485cd0e45752e326eb3c') in 0.1286944 seconds
Number of updated asset objects reloaded before import = 0Number of asset objects unloaded after import = 175

========================================================================
Received Import Request.
  Time since last request: 19.600617 seconds.
  path: Assets/Prefabs/UI/ItemInfo.prefab
  artifactKey: Guid(695506f7a2a30a34289c41534a71bdd8) Importer(815301076,1909f56bfc062723c751e8b465ee728b)
Start importing Assets/Prefabs/UI/ItemInfo.prefab using Guid(695506f7a2a30a34289c41534a71bdd8) Importer(815301076,1909f56bfc062723c751e8b465ee728b) (PreviewImporter) -> (artifact id: 'b718ea6fbcd17b684218e2e44f01892a') in 0.1323029 seconds
Number of updated asset objects reloaded before import = 0Number of asset objects unloaded after import = 175

========================================================================
Received Import Request.
  Time since last request: 5.675597 seconds.
  path: Assets/Prefabs/UI/ItemInfo.prefab
  artifactKey: Guid(695506f7a2a30a34289c41534a71bdd8) Importer(815301076,1909f56bfc062723c751e8b465ee728b)
Start importing Assets/Prefabs/UI/ItemInfo.prefab using Guid(695506f7a2a30a34289c41534a71bdd8) Importer(815301076,1909f56bfc062723c751e8b465ee728b) (PreviewImporter) -> (artifact id: 'b21c2842dbad3a9a2a3eda2eef2c100b') in 0.1304683 seconds
Number of updated asset objects reloaded before import = 0Number of asset objects unloaded after import = 175

========================================================================
Received Import Request.
  Time since last request: 6.924038 seconds.
  path: Assets/Prefabs/UI/ItemInfo.prefab
  artifactKey: Guid(695506f7a2a30a34289c41534a71bdd8) Importer(815301076,1909f56bfc062723c751e8b465ee728b)
Start importing Assets/Prefabs/UI/ItemInfo.prefab using Guid(695506f7a2a30a34289c41534a71bdd8) Importer(815301076,1909f56bfc062723c751e8b465ee728b) (PreviewImporter) -> (artifact id: 'd73db18999450780c688b5870340be92') in 0.1287122 seconds
Number of updated asset objects reloaded before import = 0Number of asset objects unloaded after import = 175

========================================================================
Received Import Request.
  Time since last request: 35.767634 seconds.
  path: Assets/Prefabs/UI/ItemInfo.prefab
  artifactKey: Guid(695506f7a2a30a34289c41534a71bdd8) Importer(815301076,1909f56bfc062723c751e8b465ee728b)
Start importing Assets/Prefabs/UI/ItemInfo.prefab using Guid(695506f7a2a30a34289c41534a71bdd8) Importer(815301076,1909f56bfc062723c751e8b465ee728b) (PreviewImporter) -> (artifact id: '9d2e35b87cbd125bbb56a57b49da766b') in 0.1331436 seconds
Number of updated asset objects reloaded before import = 0Number of asset objects unloaded after import = 175

========================================================================
Received Import Request.
  Time since last request: 5.894243 seconds.
  path: Assets/Prefabs/UI/ItemInfo.prefab
  artifactKey: Guid(695506f7a2a30a34289c41534a71bdd8) Importer(815301076,1909f56bfc062723c751e8b465ee728b)
Start importing Assets/Prefabs/UI/ItemInfo.prefab using Guid(695506f7a2a30a34289c41534a71bdd8) Importer(815301076,1909f56bfc062723c751e8b465ee728b) (PreviewImporter) -> (artifact id: '3f31803e3ccd99afd3c6e921ddae9c55') in 0.1273137 seconds
Number of updated asset objects reloaded before import = 0Number of asset objects unloaded after import = 175

========================================================================
Received Import Request.
  Time since last request: 14.379722 seconds.
  path: Assets/Prefabs/UI/ItemInfo.prefab
  artifactKey: Guid(695506f7a2a30a34289c41534a71bdd8) Importer(815301076,1909f56bfc062723c751e8b465ee728b)
Start importing Assets/Prefabs/UI/ItemInfo.prefab using Guid(695506f7a2a30a34289c41534a71bdd8) Importer(815301076,1909f56bfc062723c751e8b465ee728b) (PreviewImporter) -> (artifact id: '2ee04a2d82c6401244c21c0edf8a7c3f') in 0.1278282 seconds
Number of updated asset objects reloaded before import = 0Number of asset objects unloaded after import = 175

========================================================================
Received Import Request.
  Time since last request: 97.140176 seconds.
  path: Assets/Prefabs/UI/ItemInfo.prefab
  artifactKey: Guid(695506f7a2a30a34289c41534a71bdd8) Importer(815301076,1909f56bfc062723c751e8b465ee728b)
Start importing Assets/Prefabs/UI/ItemInfo.prefab using Guid(695506f7a2a30a34289c41534a71bdd8) Importer(815301076,1909f56bfc062723c751e8b465ee728b) (PreviewImporter) -> (artifact id: '3224b3b85441a3a1e6580a844bac4958') in 0.1347112 seconds
Number of updated asset objects reloaded before import = 0Number of asset objects unloaded after import = 175

========================================================================
Received Import Request.
  Time since last request: 15.754361 seconds.
  path: Assets/Prefabs/UI/ItemInfo.prefab
  artifactKey: Guid(695506f7a2a30a34289c41534a71bdd8) Importer(815301076,1909f56bfc062723c751e8b465ee728b)
Start importing Assets/Prefabs/UI/ItemInfo.prefab using Guid(695506f7a2a30a34289c41534a71bdd8) Importer(815301076,1909f56bfc062723c751e8b465ee728b) (PreviewImporter) -> (artifact id: '5ec058749ed5529ced43ebde069d03d6') in 0.1287603 seconds
Number of updated asset objects reloaded before import = 0Number of asset objects unloaded after import = 175

========================================================================
Received Import Request.
  Time since last request: 9.334972 seconds.
  path: Assets/Prefabs/UI/ItemInfo.prefab
  artifactKey: Guid(695506f7a2a30a34289c41534a71bdd8) Importer(815301076,1909f56bfc062723c751e8b465ee728b)
Start importing Assets/Prefabs/UI/ItemInfo.prefab using Guid(695506f7a2a30a34289c41534a71bdd8) Importer(815301076,1909f56bfc062723c751e8b465ee728b) (PreviewImporter) -> (artifact id: 'e94b69f36c4b0145b1452cb260651979') in 0.1314752 seconds
Number of updated asset objects reloaded before import = 0Number of asset objects unloaded after import = 175

========================================================================
Received Import Request.
  Time since last request: 41.423395 seconds.
  path: Assets/Prefabs/UI/ItemInfo.prefab
  artifactKey: Guid(695506f7a2a30a34289c41534a71bdd8) Importer(815301076,1909f56bfc062723c751e8b465ee728b)
Start importing Assets/Prefabs/UI/ItemInfo.prefab using Guid(695506f7a2a30a34289c41534a71bdd8) Importer(815301076,1909f56bfc062723c751e8b465ee728b) (PreviewImporter) -> (artifact id: 'a1cdbd10062f0da3984cd4ffba0b40c4') in 0.1364264 seconds
Number of updated asset objects reloaded before import = 0Number of asset objects unloaded after import = 175

========================================================================
Received Import Request.
  Time since last request: 10.929406 seconds.
  path: Assets/Prefabs/UI/ItemInfo.prefab
  artifactKey: Guid(695506f7a2a30a34289c41534a71bdd8) Importer(815301076,1909f56bfc062723c751e8b465ee728b)
Start importing Assets/Prefabs/UI/ItemInfo.prefab using Guid(695506f7a2a30a34289c41534a71bdd8) Importer(815301076,1909f56bfc062723c751e8b465ee728b) (PreviewImporter) -> (artifact id: '9e0fbf24d0586d8a7962847e708d906e') in 0.1299474 seconds
Number of updated asset objects reloaded before import = 0Number of asset objects unloaded after import = 175

========================================================================
Received Import Request.
  Time since last request: 27.308985 seconds.
  path: Assets/Prefabs/UI/ItemInfo.prefab
  artifactKey: Guid(695506f7a2a30a34289c41534a71bdd8) Importer(815301076,1909f56bfc062723c751e8b465ee728b)
Start importing Assets/Prefabs/UI/ItemInfo.prefab using Guid(695506f7a2a30a34289c41534a71bdd8) Importer(815301076,1909f56bfc062723c751e8b465ee728b) (PreviewImporter) -> (artifact id: '73c6690dd1d9b9add77182911ecff79e') in 0.1314339 seconds
Number of updated asset objects reloaded before import = 0Number of asset objects unloaded after import = 175

========================================================================
Received Import Request.
  Time since last request: 55.431066 seconds.
  path: Assets/Prefabs/UI/ItemInfo.prefab
  artifactKey: Guid(695506f7a2a30a34289c41534a71bdd8) Importer(815301076,1909f56bfc062723c751e8b465ee728b)
Start importing Assets/Prefabs/UI/ItemInfo.prefab using Guid(695506f7a2a30a34289c41534a71bdd8) Importer(815301076,1909f56bfc062723c751e8b465ee728b) (PreviewImporter) -> (artifact id: '3e807f31dca0ce98c0ef091122c6783e') in 0.133871 seconds
Number of updated asset objects reloaded before import = 0Number of asset objects unloaded after import = 175

========================================================================
Received Import Request.
  Time since last request: 29.083510 seconds.
  path: Assets/Prefabs/UI/ItemInfo.prefab
  artifactKey: Guid(695506f7a2a30a34289c41534a71bdd8) Importer(815301076,1909f56bfc062723c751e8b465ee728b)
Start importing Assets/Prefabs/UI/ItemInfo.prefab using Guid(695506f7a2a30a34289c41534a71bdd8) Importer(815301076,1909f56bfc062723c751e8b465ee728b) (PreviewImporter) -> (artifact id: 'fd8f0bb42c31322c63fe162f01cb56df') in 0.1311187 seconds
Number of updated asset objects reloaded before import = 0Number of asset objects unloaded after import = 175

========================================================================
Received Import Request.
  Time since last request: 21.408244 seconds.
  path: Assets/Prefabs/UI/ItemInfo.prefab
  artifactKey: Guid(695506f7a2a30a34289c41534a71bdd8) Importer(815301076,1909f56bfc062723c751e8b465ee728b)
Start importing Assets/Prefabs/UI/ItemInfo.prefab using Guid(695506f7a2a30a34289c41534a71bdd8) Importer(815301076,1909f56bfc062723c751e8b465ee728b) (PreviewImporter) -> (artifact id: '6c9b71fa77fb24e072c8096445de5a4c') in 0.1335642 seconds
Number of updated asset objects reloaded before import = 0Number of asset objects unloaded after import = 175

========================================================================
Received Import Request.
  Time since last request: 40.658078 seconds.
  path: Assets/Prefabs/UI/ItemInfo.prefab
  artifactKey: Guid(695506f7a2a30a34289c41534a71bdd8) Importer(815301076,1909f56bfc062723c751e8b465ee728b)
Start importing Assets/Prefabs/UI/ItemInfo.prefab using Guid(695506f7a2a30a34289c41534a71bdd8) Importer(815301076,1909f56bfc062723c751e8b465ee728b) (PreviewImporter) -> (artifact id: 'bb47622f8f3ebfa6ada122d1813c77f8') in 0.1327253 seconds
Number of updated asset objects reloaded before import = 0Number of asset objects unloaded after import = 175

========================================================================
Received Import Request.
  Time since last request: 2.238708 seconds.
  path: Assets/Prefabs/UI/ItemInfo.prefab
  artifactKey: Guid(695506f7a2a30a34289c41534a71bdd8) Importer(815301076,1909f56bfc062723c751e8b465ee728b)
Start importing Assets/Prefabs/UI/ItemInfo.prefab using Guid(695506f7a2a30a34289c41534a71bdd8) Importer(815301076,1909f56bfc062723c751e8b465ee728b) (PreviewImporter) -> (artifact id: 'c2abc6372c9fa7ce50601046b3ce8775') in 0.1298095 seconds
Number of updated asset objects reloaded before import = 0Number of asset objects unloaded after import = 175

========================================================================
Received Import Request.
  Time since last request: 3.266862 seconds.
  path: Assets/Prefabs/UI/ItemInfo.prefab
  artifactKey: Guid(695506f7a2a30a34289c41534a71bdd8) Importer(815301076,1909f56bfc062723c751e8b465ee728b)
Start importing Assets/Prefabs/UI/ItemInfo.prefab using Guid(695506f7a2a30a34289c41534a71bdd8) Importer(815301076,1909f56bfc062723c751e8b465ee728b) (PreviewImporter) -> (artifact id: '35a30167931222d0b62e4cd4a0cff441') in 0.1319409 seconds
Number of updated asset objects reloaded before import = 0Number of asset objects unloaded after import = 175

========================================================================
Received Import Request.
  Time since last request: 5.287398 seconds.
  path: Assets/Prefabs/UI/ItemInfo.prefab
  artifactKey: Guid(695506f7a2a30a34289c41534a71bdd8) Importer(815301076,1909f56bfc062723c751e8b465ee728b)
Start importing Assets/Prefabs/UI/ItemInfo.prefab using Guid(695506f7a2a30a34289c41534a71bdd8) Importer(815301076,1909f56bfc062723c751e8b465ee728b) (PreviewImporter) -> (artifact id: '250221b32d1aa169749f389af3a4f461') in 0.1366461 seconds
Number of updated asset objects reloaded before import = 0Number of asset objects unloaded after import = 175

========================================================================
Received Import Request.
  Time since last request: 20.030146 seconds.
  path: Assets/Prefabs/UI/ItemInfo.prefab
  artifactKey: Guid(695506f7a2a30a34289c41534a71bdd8) Importer(815301076,1909f56bfc062723c751e8b465ee728b)
Start importing Assets/Prefabs/UI/ItemInfo.prefab using Guid(695506f7a2a30a34289c41534a71bdd8) Importer(815301076,1909f56bfc062723c751e8b465ee728b) (PreviewImporter) -> (artifact id: '6601955221e24023baa139ab8f705d27') in 0.1303768 seconds
Number of updated asset objects reloaded before import = 0Number of asset objects unloaded after import = 175

========================================================================
Received Import Request.
  Time since last request: 18.353347 seconds.
  path: Assets/Prefabs/UI/ItemInfo.prefab
  artifactKey: Guid(695506f7a2a30a34289c41534a71bdd8) Importer(815301076,1909f56bfc062723c751e8b465ee728b)
Start importing Assets/Prefabs/UI/ItemInfo.prefab using Guid(695506f7a2a30a34289c41534a71bdd8) Importer(815301076,1909f56bfc062723c751e8b465ee728b) (PreviewImporter) -> (artifact id: '8485b61c51ccba506816ce29f1940e08') in 0.1394079 seconds
Number of updated asset objects reloaded before import = 0Number of asset objects unloaded after import = 175

========================================================================
Received Import Request.
  Time since last request: 57.924333 seconds.
  path: Assets/Prefabs/UI/ItemInfo.prefab
  artifactKey: Guid(695506f7a2a30a34289c41534a71bdd8) Importer(815301076,1909f56bfc062723c751e8b465ee728b)
Start importing Assets/Prefabs/UI/ItemInfo.prefab using Guid(695506f7a2a30a34289c41534a71bdd8) Importer(815301076,1909f56bfc062723c751e8b465ee728b) (PreviewImporter) -> (artifact id: 'a5438fa8cffc08afaf8e74e502ab7fe1') in 0.1304916 seconds
Number of updated asset objects reloaded before import = 0Number of asset objects unloaded after import = 175

========================================================================
Received Import Request.
  Time since last request: 8.919411 seconds.
  path: Assets/Prefabs/UI/ItemInfo.prefab
  artifactKey: Guid(695506f7a2a30a34289c41534a71bdd8) Importer(815301076,1909f56bfc062723c751e8b465ee728b)
Start importing Assets/Prefabs/UI/ItemInfo.prefab using Guid(695506f7a2a30a34289c41534a71bdd8) Importer(815301076,1909f56bfc062723c751e8b465ee728b) (PreviewImporter) -> (artifact id: 'aecd99c82f221324e8367ea133cc3f25') in 0.1403954 seconds
Number of updated asset objects reloaded before import = 0Number of asset objects unloaded after import = 175

========================================================================
Received Import Request.
  Time since last request: 124.490435 seconds.
  path: Assets/Prefabs/UI/ItemInfo.prefab
  artifactKey: Guid(695506f7a2a30a34289c41534a71bdd8) Importer(815301076,1909f56bfc062723c751e8b465ee728b)
Start importing Assets/Prefabs/UI/ItemInfo.prefab using Guid(695506f7a2a30a34289c41534a71bdd8) Importer(815301076,1909f56bfc062723c751e8b465ee728b) (PreviewImporter) -> (artifact id: 'a634293b835d1e15003b8a5b7da93434') in 0.1298305 seconds
Number of updated asset objects reloaded before import = 0Number of asset objects unloaded after import = 175

========================================================================
Received Import Request.
  Time since last request: 1.512189 seconds.
  path: Assets/Prefabs/UI/ItemInfo.prefab
  artifactKey: Guid(695506f7a2a30a34289c41534a71bdd8) Importer(815301076,1909f56bfc062723c751e8b465ee728b)
Start importing Assets/Prefabs/UI/ItemInfo.prefab using Guid(695506f7a2a30a34289c41534a71bdd8) Importer(815301076,1909f56bfc062723c751e8b465ee728b) (PreviewImporter) -> (artifact id: 'c06fdaf54a49bbf46362064ac7613553') in 0.1331527 seconds
Number of updated asset objects reloaded before import = 0Number of asset objects unloaded after import = 175

========================================================================
Received Import Request.
  Time since last request: 2.222644 seconds.
  path: Assets/Prefabs/UI/ItemInfo.prefab
  artifactKey: Guid(695506f7a2a30a34289c41534a71bdd8) Importer(815301076,1909f56bfc062723c751e8b465ee728b)
Start importing Assets/Prefabs/UI/ItemInfo.prefab using Guid(695506f7a2a30a34289c41534a71bdd8) Importer(815301076,1909f56bfc062723c751e8b465ee728b) (PreviewImporter) -> (artifact id: 'e2dcc35f025383d1934275e73515cb1c') in 0.1335997 seconds
Number of updated asset objects reloaded before import = 0Number of asset objects unloaded after import = 175

========================================================================
Received Import Request.
  Time since last request: 2.866486 seconds.
  path: Assets/Prefabs/UI/ItemInfo.prefab
  artifactKey: Guid(695506f7a2a30a34289c41534a71bdd8) Importer(815301076,1909f56bfc062723c751e8b465ee728b)
Start importing Assets/Prefabs/UI/ItemInfo.prefab using Guid(695506f7a2a30a34289c41534a71bdd8) Importer(815301076,1909f56bfc062723c751e8b465ee728b) (PreviewImporter) -> (artifact id: '1b530e1aefc6d6655697043330f26d51') in 0.1298494 seconds
Number of updated asset objects reloaded before import = 0Number of asset objects unloaded after import = 175

========================================================================
Received Import Request.
  Time since last request: 8.115417 seconds.
  path: Assets/Prefabs/UI/ItemInfo.prefab
  artifactKey: Guid(695506f7a2a30a34289c41534a71bdd8) Importer(815301076,1909f56bfc062723c751e8b465ee728b)
Start importing Assets/Prefabs/UI/ItemInfo.prefab using Guid(695506f7a2a30a34289c41534a71bdd8) Importer(815301076,1909f56bfc062723c751e8b465ee728b) (PreviewImporter) -> (artifact id: 'a29c30471a528da85fa42748237b3e10') in 0.1365737 seconds
Number of updated asset objects reloaded before import = 0Number of asset objects unloaded after import = 175

========================================================================
Received Import Request.
  Time since last request: 102.623671 seconds.
  path: Assets/Prefabs/UI/ItemInfo.prefab
  artifactKey: Guid(695506f7a2a30a34289c41534a71bdd8) Importer(815301076,1909f56bfc062723c751e8b465ee728b)
Start importing Assets/Prefabs/UI/ItemInfo.prefab using Guid(695506f7a2a30a34289c41534a71bdd8) Importer(815301076,1909f56bfc062723c751e8b465ee728b) (PreviewImporter) -> (artifact id: 'aea51b0970541e0e1afff398fbb21775') in 0.1343674 seconds
Number of updated asset objects reloaded before import = 0Number of asset objects unloaded after import = 175

========================================================================
Received Import Request.
  Time since last request: 25.843772 seconds.
  path: Assets/Prefabs/UI/ItemInfo.prefab
  artifactKey: Guid(695506f7a2a30a34289c41534a71bdd8) Importer(815301076,1909f56bfc062723c751e8b465ee728b)
Start importing Assets/Prefabs/UI/ItemInfo.prefab using Guid(695506f7a2a30a34289c41534a71bdd8) Importer(815301076,1909f56bfc062723c751e8b465ee728b) (PreviewImporter) -> (artifact id: '5862657744eeabefc34d364c1e09e31a') in 0.1297602 seconds
Number of updated asset objects reloaded before import = 0Number of asset objects unloaded after import = 175

========================================================================
Received Import Request.
  Time since last request: 10.324846 seconds.
  path: Assets/Prefabs/UI/ItemInfo.prefab
  artifactKey: Guid(695506f7a2a30a34289c41534a71bdd8) Importer(815301076,1909f56bfc062723c751e8b465ee728b)
Start importing Assets/Prefabs/UI/ItemInfo.prefab using Guid(695506f7a2a30a34289c41534a71bdd8) Importer(815301076,1909f56bfc062723c751e8b465ee728b) (PreviewImporter) -> (artifact id: 'a33e3b1c90e1707cc9ee4a0f8f77d414') in 0.1305423 seconds
Number of updated asset objects reloaded before import = 0Number of asset objects unloaded after import = 175

========================================================================
Received Import Request.
  Time since last request: 5.289268 seconds.
  path: Assets/Prefabs/UI/ItemInfo.prefab
  artifactKey: Guid(695506f7a2a30a34289c41534a71bdd8) Importer(815301076,1909f56bfc062723c751e8b465ee728b)
Start importing Assets/Prefabs/UI/ItemInfo.prefab using Guid(695506f7a2a30a34289c41534a71bdd8) Importer(815301076,1909f56bfc062723c751e8b465ee728b) (PreviewImporter) -> (artifact id: '9839b1324fdc320106c7ec31e1a37122') in 0.1297839 seconds
Number of updated asset objects reloaded before import = 0Number of asset objects unloaded after import = 175

========================================================================
Received Import Request.
  Time since last request: 12.764371 seconds.
  path: Assets/Prefabs/UI/ItemInfo.prefab
  artifactKey: Guid(695506f7a2a30a34289c41534a71bdd8) Importer(815301076,1909f56bfc062723c751e8b465ee728b)
Start importing Assets/Prefabs/UI/ItemInfo.prefab using Guid(695506f7a2a30a34289c41534a71bdd8) Importer(815301076,1909f56bfc062723c751e8b465ee728b) (PreviewImporter) -> (artifact id: 'e2198c2628470bba98da9d84136ffe8e') in 0.1308035 seconds
Number of updated asset objects reloaded before import = 0Number of asset objects unloaded after import = 175

========================================================================
Received Import Request.
  Time since last request: 4.269295 seconds.
  path: Assets/Prefabs/UI/ItemInfo.prefab
  artifactKey: Guid(695506f7a2a30a34289c41534a71bdd8) Importer(815301076,1909f56bfc062723c751e8b465ee728b)
Start importing Assets/Prefabs/UI/ItemInfo.prefab using Guid(695506f7a2a30a34289c41534a71bdd8) Importer(815301076,1909f56bfc062723c751e8b465ee728b) (PreviewImporter) -> (artifact id: 'bf33e7166db20acba616c0d3b5952158') in 0.1335275 seconds
Number of updated asset objects reloaded before import = 0Number of asset objects unloaded after import = 175

========================================================================
Received Import Request.
  Time since last request: 42.176402 seconds.
  path: Assets/Prefabs/UI/ItemInfo.prefab
  artifactKey: Guid(695506f7a2a30a34289c41534a71bdd8) Importer(815301076,1909f56bfc062723c751e8b465ee728b)
Start importing Assets/Prefabs/UI/ItemInfo.prefab using Guid(695506f7a2a30a34289c41534a71bdd8) Importer(815301076,1909f56bfc062723c751e8b465ee728b) (PreviewImporter) -> (artifact id: '31bf0ac65b5957cb501493e7b5f831bc') in 0.1303833 seconds
Number of updated asset objects reloaded before import = 0Number of asset objects unloaded after import = 175

========================================================================
Received Import Request.
  Time since last request: 54.584559 seconds.
  path: Assets/Prefabs/UI/ItemInfo.prefab
  artifactKey: Guid(695506f7a2a30a34289c41534a71bdd8) Importer(815301076,1909f56bfc062723c751e8b465ee728b)
Start importing Assets/Prefabs/UI/ItemInfo.prefab using Guid(695506f7a2a30a34289c41534a71bdd8) Importer(815301076,1909f56bfc062723c751e8b465ee728b) (PreviewImporter) -> (artifact id: '354823eca8c481bbe3d9389e5cc63a1b') in 0.1201461 seconds
Number of updated asset objects reloaded before import = 0Number of asset objects unloaded after import = 175

========================================================================
Received Import Request.
  Time since last request: 2.080619 seconds.
  path: Assets/Prefabs/UI/ItemInfo.prefab
  artifactKey: Guid(695506f7a2a30a34289c41534a71bdd8) Importer(815301076,1909f56bfc062723c751e8b465ee728b)
Start importing Assets/Prefabs/UI/ItemInfo.prefab using Guid(695506f7a2a30a34289c41534a71bdd8) Importer(815301076,1909f56bfc062723c751e8b465ee728b) (PreviewImporter) -> (artifact id: '3941946ced23a29ea0ba8cb567d28ed1') in 0.133049 seconds
Number of updated asset objects reloaded before import = 0Number of asset objects unloaded after import = 175

========================================================================
Received Import Request.
  Time since last request: 1.673665 seconds.
  path: Assets/Prefabs/UI/ItemInfo.prefab
  artifactKey: Guid(695506f7a2a30a34289c41534a71bdd8) Importer(815301076,1909f56bfc062723c751e8b465ee728b)
Start importing Assets/Prefabs/UI/ItemInfo.prefab using Guid(695506f7a2a30a34289c41534a71bdd8) Importer(815301076,1909f56bfc062723c751e8b465ee728b) (PreviewImporter) -> (artifact id: 'd8409ca60f4487329c33f1dbe7701177') in 0.1202279 seconds
Number of updated asset objects reloaded before import = 0Number of asset objects unloaded after import = 175

========================================================================
Received Import Request.
  Time since last request: 1.323691 seconds.
  path: Assets/Prefabs/UI/ItemInfo.prefab
  artifactKey: Guid(695506f7a2a30a34289c41534a71bdd8) Importer(815301076,1909f56bfc062723c751e8b465ee728b)
Start importing Assets/Prefabs/UI/ItemInfo.prefab using Guid(695506f7a2a30a34289c41534a71bdd8) Importer(815301076,1909f56bfc062723c751e8b465ee728b) (PreviewImporter) -> (artifact id: '0e764627ed1119879e2f5e4f540e6781') in 0.1197645 seconds
Number of updated asset objects reloaded before import = 0Number of asset objects unloaded after import = 175

========================================================================
Received Import Request.
  Time since last request: 1.481221 seconds.
  path: Assets/Prefabs/UI/ItemInfo.prefab
  artifactKey: Guid(695506f7a2a30a34289c41534a71bdd8) Importer(815301076,1909f56bfc062723c751e8b465ee728b)
Start importing Assets/Prefabs/UI/ItemInfo.prefab using Guid(695506f7a2a30a34289c41534a71bdd8) Importer(815301076,1909f56bfc062723c751e8b465ee728b) (PreviewImporter) -> (artifact id: 'e62bc8c0c138b2060ad94396fe1ecee9') in 0.116621 seconds
Number of updated asset objects reloaded before import = 0Number of asset objects unloaded after import = 175

========================================================================
Received Import Request.
  Time since last request: 1.681760 seconds.
  path: Assets/Prefabs/UI/ItemInfo.prefab
  artifactKey: Guid(695506f7a2a30a34289c41534a71bdd8) Importer(815301076,1909f56bfc062723c751e8b465ee728b)
Start importing Assets/Prefabs/UI/ItemInfo.prefab using Guid(695506f7a2a30a34289c41534a71bdd8) Importer(815301076,1909f56bfc062723c751e8b465ee728b) (PreviewImporter) -> (artifact id: '20e9cc66f3d8b8862be6c6049f0097ff') in 0.1292134 seconds
Number of updated asset objects reloaded before import = 0Number of asset objects unloaded after import = 175

========================================================================
Received Import Request.
  Time since last request: 1.266550 seconds.
  path: Assets/Prefabs/UI/ItemInfo.prefab
  artifactKey: Guid(695506f7a2a30a34289c41534a71bdd8) Importer(815301076,1909f56bfc062723c751e8b465ee728b)
Start importing Assets/Prefabs/UI/ItemInfo.prefab using Guid(695506f7a2a30a34289c41534a71bdd8) Importer(815301076,1909f56bfc062723c751e8b465ee728b) (PreviewImporter) -> (artifact id: '1b9d18123e5f64332c9b19ecd728826d') in 0.1230681 seconds
Number of updated asset objects reloaded before import = 0Number of asset objects unloaded after import = 175

========================================================================
Received Import Request.
  Time since last request: 1.503883 seconds.
  path: Assets/Prefabs/UI/ItemInfo.prefab
  artifactKey: Guid(695506f7a2a30a34289c41534a71bdd8) Importer(815301076,1909f56bfc062723c751e8b465ee728b)
Start importing Assets/Prefabs/UI/ItemInfo.prefab using Guid(695506f7a2a30a34289c41534a71bdd8) Importer(815301076,1909f56bfc062723c751e8b465ee728b) (PreviewImporter) -> (artifact id: '617599ec2e9a3ed0e2e6bfbe349534c0') in 0.1230306 seconds
Number of updated asset objects reloaded before import = 0Number of asset objects unloaded after import = 175

========================================================================
Received Import Request.
  Time since last request: 4.477260 seconds.
  path: Assets/Prefabs/UI/ItemInfo.prefab
  artifactKey: Guid(695506f7a2a30a34289c41534a71bdd8) Importer(815301076,1909f56bfc062723c751e8b465ee728b)
Start importing Assets/Prefabs/UI/ItemInfo.prefab using Guid(695506f7a2a30a34289c41534a71bdd8) Importer(815301076,1909f56bfc062723c751e8b465ee728b) (PreviewImporter) -> (artifact id: '6136b8817b50f0fe86b6d4862a48fdad') in 0.1285185 seconds
Number of updated asset objects reloaded before import = 0Number of asset objects unloaded after import = 175

========================================================================
Received Import Request.
  Time since last request: 89.601709 seconds.
  path: Assets/Prefabs/UI/ItemInfo.prefab
  artifactKey: Guid(695506f7a2a30a34289c41534a71bdd8) Importer(815301076,1909f56bfc062723c751e8b465ee728b)
Start importing Assets/Prefabs/UI/ItemInfo.prefab using Guid(695506f7a2a30a34289c41534a71bdd8) Importer(815301076,1909f56bfc062723c751e8b465ee728b) (PreviewImporter) -> (artifact id: 'f36dd0858bc2f08cddbb5f3e24e639df') in 0.1328488 seconds
Number of updated asset objects reloaded before import = 0Number of asset objects unloaded after import = 175

========================================================================
Received Import Request.
  Time since last request: 8.541595 seconds.
  path: Assets/Prefabs/UI/ItemInfo.prefab
  artifactKey: Guid(695506f7a2a30a34289c41534a71bdd8) Importer(815301076,1909f56bfc062723c751e8b465ee728b)
Start importing Assets/Prefabs/UI/ItemInfo.prefab using Guid(695506f7a2a30a34289c41534a71bdd8) Importer(815301076,1909f56bfc062723c751e8b465ee728b) (PreviewImporter) -> (artifact id: 'c8d2b2a1ac7a8bf1e912fd09fc661391') in 0.1287163 seconds
Number of updated asset objects reloaded before import = 0Number of asset objects unloaded after import = 175

========================================================================
Received Import Request.
  Time since last request: 6.195749 seconds.
  path: Assets/Prefabs/UI/ItemInfo.prefab
  artifactKey: Guid(695506f7a2a30a34289c41534a71bdd8) Importer(815301076,1909f56bfc062723c751e8b465ee728b)
Start importing Assets/Prefabs/UI/ItemInfo.prefab using Guid(695506f7a2a30a34289c41534a71bdd8) Importer(815301076,1909f56bfc062723c751e8b465ee728b) (PreviewImporter) -> (artifact id: '6e15647e457dedafe24aa3206d3090a0') in 0.1337873 seconds
Number of updated asset objects reloaded before import = 0Number of asset objects unloaded after import = 175

========================================================================
Received Import Request.
  Time since last request: 25.274321 seconds.
  path: Assets/Prefabs/UI/ItemInfo.prefab
  artifactKey: Guid(695506f7a2a30a34289c41534a71bdd8) Importer(815301076,1909f56bfc062723c751e8b465ee728b)
Start importing Assets/Prefabs/UI/ItemInfo.prefab using Guid(695506f7a2a30a34289c41534a71bdd8) Importer(815301076,1909f56bfc062723c751e8b465ee728b) (PreviewImporter) -> (artifact id: '3a3915b86f515c5ba530c3c09a336e4d') in 0.1293757 seconds
Number of updated asset objects reloaded before import = 0Number of asset objects unloaded after import = 175

========================================================================
Received Import Request.
  Time since last request: 1.507473 seconds.
  path: Assets/Prefabs/UI/ItemInfo.prefab
  artifactKey: Guid(695506f7a2a30a34289c41534a71bdd8) Importer(815301076,1909f56bfc062723c751e8b465ee728b)
Start importing Assets/Prefabs/UI/ItemInfo.prefab using Guid(695506f7a2a30a34289c41534a71bdd8) Importer(815301076,1909f56bfc062723c751e8b465ee728b) (PreviewImporter) -> (artifact id: '10e654df20b80a4e9bea65d4faddb73b') in 0.1278246 seconds
Number of updated asset objects reloaded before import = 0Number of asset objects unloaded after import = 175

========================================================================
Received Prepare
Refreshing native plugins compatible for Editor in 1.56 ms, found 4 plugins.
Preloading 0 native plugins for Editor in 0.00 ms.
Unloading 13 Unused Serialized files (Serialized files now loaded: 0)
Unloading 6763 unused Assets / (4.9 MB). Loaded Objects now: 7508.
Memory consumption went from 141.3 MB to 136.3 MB.
Total: 11.842700 ms (FindLiveObjects: 1.070500 ms CreateObjectMapping: 0.699800 ms MarkObjects: 6.720100 ms  DeleteObjects: 3.351400 ms)

Prepare: number of updated asset objects reloaded= 0
========================================================================
Received Prepare
Begin MonoManager ReloadAssembly
[Licensing::Client] Successfully resolved entitlement details
- Loaded All Assemblies, in  1.851 seconds
Refreshing native plugins compatible for Editor in 2.00 ms, found 4 plugins.
Native extension for WindowsStandalone target not found
[Package Manager] Failed to launch server process. Reason: Unity was launched with the -noUpm command-line argument
[Package Manager] Unable to send message (not connected to server process).
[Package Manager] Cannot connect to Unity Package Manager local server
Mono: successfully reloaded assembly
- Finished resetting the current domain, in  0.553 seconds
Domain Reload Profiling: 2404ms
	BeginReloadAssembly (353ms)
		ExecutionOrderSort (0ms)
		DisableScriptedObjects (12ms)
		BackupInstance (0ms)
		ReleaseScriptingObjects (0ms)
		CreateAndSetChildDomain (48ms)
	RebuildCommonClasses (94ms)
	RebuildNativeTypeToScriptingClass (14ms)
	initialDomainReloadingComplete (26ms)
	LoadAllAssembliesAndSetupDomain (1364ms)
		LoadAssemblies (1469ms)
		RebuildTransferFunctionScriptingTraits (0ms)
		AnalyzeDomain (135ms)
			TypeCache.Refresh (7ms)
				TypeCache.ScanAssembly (0ms)
			BuildScriptInfoCaches (120ms)
			ResolveRequiredComponents (6ms)
	FinalizeReload (553ms)
		ReleaseScriptCaches (0ms)
		RebuildScriptCaches (0ms)
		SetupLoadedEditorAssemblies (427ms)
			LogAssemblyErrors (0ms)
			InitializePlatformSupportModulesInManaged (1ms)
			SetLoadedEditorAssemblies (2ms)
			BeforeProcessingInitializeOnLoad (122ms)
			ProcessInitializeOnLoadAttributes (253ms)
			ProcessInitializeOnLoadMethodAttributes (43ms)
			AfterProcessingInitializeOnLoad (5ms)
			EditorAssembliesLoaded (0ms)
		ExecutionOrderSort2 (0ms)
		AwakeInstancesAfterBackupRestoration (13ms)
Refreshing native plugins compatible for Editor in 1.73 ms, found 4 plugins.
Preloading 0 native plugins for Editor in 0.00 ms.
Unloading 13 Unused Serialized files (Serialized files now loaded: 0)
Unloading 6772 unused Assets / (4.1 MB). Loaded Objects now: 7512.
Memory consumption went from 144.1 MB to 140.0 MB.
Total: 10.958400 ms (FindLiveObjects: 1.296800 ms CreateObjectMapping: 1.155500 ms MarkObjects: 5.782100 ms  DeleteObjects: 2.723400 ms)

Prepare: number of updated asset objects reloaded= 0
========================================================================
Received Prepare
Refreshing native plugins compatible for Editor in 1.74 ms, found 4 plugins.
Preloading 0 native plugins for Editor in 0.00 ms.
Unloading 13 Unused Serialized files (Serialized files now loaded: 0)
Unloading 6762 unused Assets / (4.3 MB). Loaded Objects now: 7512.
Memory consumption went from 144.3 MB to 140.0 MB.
Total: 11.890400 ms (FindLiveObjects: 1.141600 ms CreateObjectMapping: 0.939700 ms MarkObjects: 6.797600 ms  DeleteObjects: 3.010600 ms)

Prepare: number of updated asset objects reloaded= 0
========================================================================
Received Prepare
Begin MonoManager ReloadAssembly
- Loaded All Assemblies, in  0.577 seconds
Refreshing native plugins compatible for Editor in 0.96 ms, found 4 plugins.
Native extension for WindowsStandalone target not found
[Package Manager] Failed to launch server process. Reason: Unity was launched with the -noUpm command-line argument
[Package Manager] Unable to send message (not connected to server process).
[Package Manager] Cannot connect to Unity Package Manager local server
Mono: successfully reloaded assembly
- Finished resetting the current domain, in  0.556 seconds
Domain Reload Profiling: 1135ms
	BeginReloadAssembly (183ms)
		ExecutionOrderSort (0ms)
		DisableScriptedObjects (13ms)
		BackupInstance (0ms)
		ReleaseScriptingObjects (0ms)
		CreateAndSetChildDomain (44ms)
	RebuildCommonClasses (23ms)
	RebuildNativeTypeToScriptingClass (9ms)
	initialDomainReloadingComplete (20ms)
	LoadAllAssembliesAndSetupDomain (344ms)
		LoadAssemblies (263ms)
		RebuildTransferFunctionScriptingTraits (0ms)
		AnalyzeDomain (155ms)
			TypeCache.Refresh (7ms)
				TypeCache.ScanAssembly (0ms)
			BuildScriptInfoCaches (135ms)
			ResolveRequiredComponents (10ms)
	FinalizeReload (556ms)
		ReleaseScriptCaches (0ms)
		RebuildScriptCaches (0ms)
		SetupLoadedEditorAssemblies (438ms)
			LogAssemblyErrors (0ms)
			InitializePlatformSupportModulesInManaged (1ms)
			SetLoadedEditorAssemblies (2ms)
			BeforeProcessingInitializeOnLoad (129ms)
			ProcessInitializeOnLoadAttributes (253ms)
			ProcessInitializeOnLoadMethodAttributes (47ms)
			AfterProcessingInitializeOnLoad (5ms)
			EditorAssembliesLoaded (0ms)
		ExecutionOrderSort2 (0ms)
		AwakeInstancesAfterBackupRestoration (13ms)
Refreshing native plugins compatible for Editor in 1.95 ms, found 4 plugins.
Preloading 0 native plugins for Editor in 0.00 ms.
Unloading 13 Unused Serialized files (Serialized files now loaded: 0)
Unloading 6772 unused Assets / (4.3 MB). Loaded Objects now: 7515.
Memory consumption went from 144.2 MB to 139.8 MB.
Total: 11.657900 ms (FindLiveObjects: 1.336400 ms CreateObjectMapping: 1.353100 ms MarkObjects: 5.945800 ms  DeleteObjects: 3.021800 ms)

Prepare: number of updated asset objects reloaded= 0
========================================================================
Received Prepare
Refreshing native plugins compatible for Editor in 1.79 ms, found 4 plugins.
Preloading 0 native plugins for Editor in 0.00 ms.
Unloading 13 Unused Serialized files (Serialized files now loaded: 0)
Unloading 6762 unused Assets / (5.1 MB). Loaded Objects now: 7515.
Memory consumption went from 144.3 MB to 139.2 MB.
Total: 14.461900 ms (FindLiveObjects: 1.234400 ms CreateObjectMapping: 1.320300 ms MarkObjects: 6.066600 ms  DeleteObjects: 5.839800 ms)

Prepare: number of updated asset objects reloaded= 0
========================================================================
Received Prepare
Begin MonoManager ReloadAssembly
[Licensing::Client] Successfully resolved entitlement details
- Loaded All Assemblies, in  0.631 seconds
Refreshing native plugins compatible for Editor in 0.96 ms, found 4 plugins.
Native extension for WindowsStandalone target not found
[Package Manager] Failed to launch server process. Reason: Unity was launched with the -noUpm command-line argument
[Package Manager] Unable to send message (not connected to server process).
[Package Manager] Cannot connect to Unity Package Manager local server
Mono: successfully reloaded assembly
- Finished resetting the current domain, in  0.577 seconds
Domain Reload Profiling: 1208ms
	BeginReloadAssembly (186ms)
		ExecutionOrderSort (0ms)
		DisableScriptedObjects (12ms)
		BackupInstance (0ms)
		ReleaseScriptingObjects (0ms)
		CreateAndSetChildDomain (47ms)
	RebuildCommonClasses (36ms)
	RebuildNativeTypeToScriptingClass (14ms)
	initialDomainReloadingComplete (24ms)
	LoadAllAssembliesAndSetupDomain (370ms)
		LoadAssemblies (272ms)
		RebuildTransferFunctionScriptingTraits (0ms)
		AnalyzeDomain (174ms)
			TypeCache.Refresh (9ms)
				TypeCache.ScanAssembly (0ms)
			BuildScriptInfoCaches (155ms)
			ResolveRequiredComponents (6ms)
	FinalizeReload (577ms)
		ReleaseScriptCaches (0ms)
		RebuildScriptCaches (0ms)
		SetupLoadedEditorAssemblies (457ms)
			LogAssemblyErrors (0ms)
			InitializePlatformSupportModulesInManaged (1ms)
			SetLoadedEditorAssemblies (2ms)
			BeforeProcessingInitializeOnLoad (120ms)
			ProcessInitializeOnLoadAttributes (281ms)
			ProcessInitializeOnLoadMethodAttributes (47ms)
			AfterProcessingInitializeOnLoad (5ms)
			EditorAssembliesLoaded (0ms)
		ExecutionOrderSort2 (0ms)
		AwakeInstancesAfterBackupRestoration (14ms)
Refreshing native plugins compatible for Editor in 1.80 ms, found 4 plugins.
Preloading 0 native plugins for Editor in 0.00 ms.
Unloading 13 Unused Serialized files (Serialized files now loaded: 0)
Unloading 6772 unused Assets / (4.0 MB). Loaded Objects now: 7518.
Memory consumption went from 144.2 MB to 140.2 MB.
Total: 10.836200 ms (FindLiveObjects: 1.169200 ms CreateObjectMapping: 1.120200 ms MarkObjects: 6.014800 ms  DeleteObjects: 2.531300 ms)

Prepare: number of updated asset objects reloaded= 0
========================================================================
Received Prepare
Refreshing native plugins compatible for Editor in 1.90 ms, found 4 plugins.
Preloading 0 native plugins for Editor in 0.00 ms.
Unloading 13 Unused Serialized files (Serialized files now loaded: 0)
Unloading 6762 unused Assets / (5.0 MB). Loaded Objects now: 7518.
Memory consumption went from 144.4 MB to 139.4 MB.
Total: 12.797900 ms (FindLiveObjects: 1.270800 ms CreateObjectMapping: 1.119500 ms MarkObjects: 6.726300 ms  DeleteObjects: 3.680500 ms)

Prepare: number of updated asset objects reloaded= 0
========================================================================
Received Prepare
Begin MonoManager ReloadAssembly
- Loaded All Assemblies, in  0.583 seconds
Refreshing native plugins compatible for Editor in 1.15 ms, found 4 plugins.
Native extension for WindowsStandalone target not found
[Package Manager] Failed to launch server process. Reason: Unity was launched with the -noUpm command-line argument
[Package Manager] Unable to send message (not connected to server process).
[Package Manager] Cannot connect to Unity Package Manager local server
Mono: successfully reloaded assembly
- Finished resetting the current domain, in  0.498 seconds
Domain Reload Profiling: 1080ms
	BeginReloadAssembly (175ms)
		ExecutionOrderSort (0ms)
		DisableScriptedObjects (13ms)
		BackupInstance (0ms)
		ReleaseScriptingObjects (0ms)
		CreateAndSetChildDomain (41ms)
	RebuildCommonClasses (31ms)
	RebuildNativeTypeToScriptingClass (14ms)
	initialDomainReloadingComplete (29ms)
	LoadAllAssembliesAndSetupDomain (332ms)
		LoadAssemblies (267ms)
		RebuildTransferFunctionScriptingTraits (0ms)
		AnalyzeDomain (142ms)
			TypeCache.Refresh (8ms)
				TypeCache.ScanAssembly (0ms)
			BuildScriptInfoCaches (124ms)
			ResolveRequiredComponents (7ms)
	FinalizeReload (499ms)
		ReleaseScriptCaches (0ms)
		RebuildScriptCaches (0ms)
		SetupLoadedEditorAssemblies (393ms)
			LogAssemblyErrors (0ms)
			InitializePlatformSupportModulesInManaged (1ms)
			SetLoadedEditorAssemblies (3ms)
			BeforeProcessingInitializeOnLoad (91ms)
			ProcessInitializeOnLoadAttributes (247ms)
			ProcessInitializeOnLoadMethodAttributes (47ms)
			AfterProcessingInitializeOnLoad (4ms)
			EditorAssembliesLoaded (0ms)
		ExecutionOrderSort2 (0ms)
		AwakeInstancesAfterBackupRestoration (11ms)
Refreshing native plugins compatible for Editor in 1.64 ms, found 4 plugins.
Preloading 0 native plugins for Editor in 0.00 ms.
Unloading 13 Unused Serialized files (Serialized files now loaded: 0)
Unloading 6772 unused Assets / (4.7 MB). Loaded Objects now: 7521.
Memory consumption went from 144.2 MB to 139.5 MB.
Total: 12.845100 ms (FindLiveObjects: 1.276300 ms CreateObjectMapping: 1.147900 ms MarkObjects: 6.330600 ms  DeleteObjects: 4.089500 ms)

Prepare: number of updated asset objects reloaded= 0
========================================================================
Received Prepare
Refreshing native plugins compatible for Editor in 1.58 ms, found 4 plugins.
Preloading 0 native plugins for Editor in 0.00 ms.
Unloading 13 Unused Serialized files (Serialized files now loaded: 0)
Unloading 6762 unused Assets / (4.0 MB). Loaded Objects now: 7521.
Memory consumption went from 144.4 MB to 140.4 MB.
Total: 14.599100 ms (FindLiveObjects: 1.227700 ms CreateObjectMapping: 1.173500 ms MarkObjects: 8.924800 ms  DeleteObjects: 3.272200 ms)

Prepare: number of updated asset objects reloaded= 0
========================================================================
Received Prepare
Begin MonoManager ReloadAssembly
[Licensing::Client] Successfully resolved entitlement details
- Loaded All Assemblies, in  0.608 seconds
Refreshing native plugins compatible for Editor in 0.78 ms, found 4 plugins.
Native extension for WindowsStandalone target not found
[Package Manager] Failed to launch server process. Reason: Unity was launched with the -noUpm command-line argument
[Package Manager] Unable to send message (not connected to server process).
[Package Manager] Cannot connect to Unity Package Manager local server
Mono: successfully reloaded assembly
- Finished resetting the current domain, in  0.587 seconds
Domain Reload Profiling: 1198ms
	BeginReloadAssembly (194ms)
		ExecutionOrderSort (0ms)
		DisableScriptedObjects (13ms)
		BackupInstance (0ms)
		ReleaseScriptingObjects (0ms)
		CreateAndSetChildDomain (46ms)
	RebuildCommonClasses (28ms)
	RebuildNativeTypeToScriptingClass (14ms)
	initialDomainReloadingComplete (29ms)
	LoadAllAssembliesAndSetupDomain (344ms)
		LoadAssemblies (240ms)
		RebuildTransferFunctionScriptingTraits (0ms)
		AnalyzeDomain (170ms)
			TypeCache.Refresh (7ms)
				TypeCache.ScanAssembly (0ms)
			BuildScriptInfoCaches (150ms)
			ResolveRequiredComponents (9ms)
	FinalizeReload (589ms)
		ReleaseScriptCaches (0ms)
		RebuildScriptCaches (0ms)
		SetupLoadedEditorAssemblies (446ms)
			LogAssemblyErrors (0ms)
			InitializePlatformSupportModulesInManaged (1ms)
			SetLoadedEditorAssemblies (4ms)
			BeforeProcessingInitializeOnLoad (124ms)
			ProcessInitializeOnLoadAttributes (268ms)
			ProcessInitializeOnLoadMethodAttributes (44ms)
			AfterProcessingInitializeOnLoad (5ms)
			EditorAssembliesLoaded (0ms)
		ExecutionOrderSort2 (0ms)
		AwakeInstancesAfterBackupRestoration (13ms)
Refreshing native plugins compatible for Editor in 1.70 ms, found 4 plugins.
Preloading 0 native plugins for Editor in 0.00 ms.
Unloading 13 Unused Serialized files (Serialized files now loaded: 0)
Unloading 6772 unused Assets / (4.2 MB). Loaded Objects now: 7524.
Memory consumption went from 144.2 MB to 140.0 MB.
Total: 11.005600 ms (FindLiveObjects: 1.200900 ms CreateObjectMapping: 1.097300 ms MarkObjects: 5.855300 ms  DeleteObjects: 2.851400 ms)

Prepare: number of updated asset objects reloaded= 0
========================================================================
Received Prepare
Refreshing native plugins compatible for Editor in 1.63 ms, found 4 plugins.
Preloading 0 native plugins for Editor in 0.00 ms.
Unloading 13 Unused Serialized files (Serialized files now loaded: 0)
Unloading 6762 unused Assets / (4.3 MB). Loaded Objects now: 7524.
Memory consumption went from 144.4 MB to 140.0 MB.
Total: 12.921700 ms (FindLiveObjects: 1.198800 ms CreateObjectMapping: 1.329100 ms MarkObjects: 7.301500 ms  DeleteObjects: 3.089000 ms)

Prepare: number of updated asset objects reloaded= 0
========================================================================
Received Prepare
Begin MonoManager ReloadAssembly
[Licensing::Client] Successfully resolved entitlement details
- Loaded All Assemblies, in  0.604 seconds
Refreshing native plugins compatible for Editor in 1.22 ms, found 4 plugins.
Native extension for WindowsStandalone target not found
[Package Manager] Failed to launch server process. Reason: Unity was launched with the -noUpm command-line argument
[Package Manager] Unable to send message (not connected to server process).
[Package Manager] Cannot connect to Unity Package Manager local server
Mono: successfully reloaded assembly
- Finished resetting the current domain, in  0.574 seconds
Domain Reload Profiling: 1178ms
	BeginReloadAssembly (178ms)
		ExecutionOrderSort (0ms)
		DisableScriptedObjects (13ms)
		BackupInstance (0ms)
		ReleaseScriptingObjects (0ms)
		CreateAndSetChildDomain (41ms)
	RebuildCommonClasses (34ms)
	RebuildNativeTypeToScriptingClass (9ms)
	initialDomainReloadingComplete (25ms)
	LoadAllAssembliesAndSetupDomain (357ms)
		LoadAssemblies (268ms)
		RebuildTransferFunctionScriptingTraits (0ms)
		AnalyzeDomain (160ms)
			TypeCache.Refresh (7ms)
				TypeCache.ScanAssembly (0ms)
			BuildScriptInfoCaches (145ms)
			ResolveRequiredComponents (6ms)
	FinalizeReload (574ms)
		ReleaseScriptCaches (0ms)
		RebuildScriptCaches (0ms)
		SetupLoadedEditorAssemblies (453ms)
			LogAssemblyErrors (0ms)
			InitializePlatformSupportModulesInManaged (1ms)
			SetLoadedEditorAssemblies (3ms)
			BeforeProcessingInitializeOnLoad (119ms)
			ProcessInitializeOnLoadAttributes (282ms)
			ProcessInitializeOnLoadMethodAttributes (43ms)
			AfterProcessingInitializeOnLoad (5ms)
			EditorAssembliesLoaded (0ms)
		ExecutionOrderSort2 (0ms)
		AwakeInstancesAfterBackupRestoration (13ms)
Refreshing native plugins compatible for Editor in 1.47 ms, found 4 plugins.
Preloading 0 native plugins for Editor in 0.00 ms.
Unloading 13 Unused Serialized files (Serialized files now loaded: 0)
Unloading 6772 unused Assets / (4.3 MB). Loaded Objects now: 7527.
Memory consumption went from 144.3 MB to 140.0 MB.
Total: 11.178600 ms (FindLiveObjects: 1.089500 ms CreateObjectMapping: 1.052000 ms MarkObjects: 6.124100 ms  DeleteObjects: 2.912000 ms)

Prepare: number of updated asset objects reloaded= 0
========================================================================
Received Prepare
Refreshing native plugins compatible for Editor in 2.27 ms, found 4 plugins.
Preloading 0 native plugins for Editor in 0.00 ms.
Unloading 13 Unused Serialized files (Serialized files now loaded: 0)
Unloading 6762 unused Assets / (4.4 MB). Loaded Objects now: 7527.
Memory consumption went from 144.5 MB to 140.1 MB.
Total: 12.045300 ms (FindLiveObjects: 1.328100 ms CreateObjectMapping: 1.091300 ms MarkObjects: 6.564600 ms  DeleteObjects: 3.060400 ms)

Prepare: number of updated asset objects reloaded= 0
========================================================================
Received Prepare
Begin MonoManager ReloadAssembly
- Loaded All Assemblies, in  0.604 seconds
Refreshing native plugins compatible for Editor in 1.33 ms, found 4 plugins.
Native extension for WindowsStandalone target not found
[Package Manager] Failed to launch server process. Reason: Unity was launched with the -noUpm command-line argument
[Package Manager] Unable to send message (not connected to server process).
[Package Manager] Cannot connect to Unity Package Manager local server
Mono: successfully reloaded assembly
- Finished resetting the current domain, in  0.571 seconds
Domain Reload Profiling: 1175ms
	BeginReloadAssembly (185ms)
		ExecutionOrderSort (0ms)
		DisableScriptedObjects (13ms)
		BackupInstance (0ms)
		ReleaseScriptingObjects (0ms)
		CreateAndSetChildDomain (47ms)
	RebuildCommonClasses (26ms)
	RebuildNativeTypeToScriptingClass (14ms)
	initialDomainReloadingComplete (23ms)
	LoadAllAssembliesAndSetupDomain (355ms)
		LoadAssemblies (267ms)
		RebuildTransferFunctionScriptingTraits (0ms)
		AnalyzeDomain (162ms)
			TypeCache.Refresh (8ms)
				TypeCache.ScanAssembly (0ms)
			BuildScriptInfoCaches (142ms)
			ResolveRequiredComponents (8ms)
	FinalizeReload (571ms)
		ReleaseScriptCaches (0ms)
		RebuildScriptCaches (0ms)
		SetupLoadedEditorAssemblies (458ms)
			LogAssemblyErrors (0ms)
			InitializePlatformSupportModulesInManaged (1ms)
			SetLoadedEditorAssemblies (2ms)
			BeforeProcessingInitializeOnLoad (119ms)
			ProcessInitializeOnLoadAttributes (288ms)
			ProcessInitializeOnLoadMethodAttributes (43ms)
			AfterProcessingInitializeOnLoad (5ms)
			EditorAssembliesLoaded (0ms)
		ExecutionOrderSort2 (0ms)
		AwakeInstancesAfterBackupRestoration (14ms)
Refreshing native plugins compatible for Editor in 1.84 ms, found 4 plugins.
Preloading 0 native plugins for Editor in 0.00 ms.
Unloading 13 Unused Serialized files (Serialized files now loaded: 0)
Unloading 6772 unused Assets / (4.4 MB). Loaded Objects now: 7530.
Memory consumption went from 144.4 MB to 140.0 MB.
Total: 11.408600 ms (FindLiveObjects: 1.142500 ms CreateObjectMapping: 1.196700 ms MarkObjects: 6.079700 ms  DeleteObjects: 2.988300 ms)

Prepare: number of updated asset objects reloaded= 0
========================================================================
Received Import Request.
  Time since last request: 2846.569544 seconds.
  path: Assets/Prefabs/UI/ItemInfo.prefab
  artifactKey: Guid(695506f7a2a30a34289c41534a71bdd8) Importer(815301076,1909f56bfc062723c751e8b465ee728b)
Start importing Assets/Prefabs/UI/ItemInfo.prefab using Guid(695506f7a2a30a34289c41534a71bdd8) Importer(815301076,1909f56bfc062723c751e8b465ee728b) (PreviewImporter) -> (artifact id: '314104155880ed6352fcc6a01815e7cc') in 0.2997694 seconds
Number of updated asset objects reloaded before import = 0Number of asset objects unloaded after import = 175

========================================================================
Received Prepare
Refreshing native plugins compatible for Editor in 2.19 ms, found 4 plugins.
Preloading 0 native plugins for Editor in 0.00 ms.
Unloading 13 Unused Serialized files (Serialized files now loaded: 0)
Unloading 6763 unused Assets / (4.6 MB). Loaded Objects now: 7530.
Memory consumption went from 144.8 MB to 140.2 MB.
Total: 13.363300 ms (FindLiveObjects: 1.132800 ms CreateObjectMapping: 1.118800 ms MarkObjects: 7.772400 ms  DeleteObjects: 3.338100 ms)

Prepare: number of updated asset objects reloaded= 0
========================================================================
Received Prepare
Refreshing native plugins compatible for Editor in 3.29 ms, found 4 plugins.
Preloading 0 native plugins for Editor in 0.00 ms.
Unloading 13 Unused Serialized files (Serialized files now loaded: 0)
Unloading 6762 unused Assets / (4.4 MB). Loaded Objects now: 7530.
Memory consumption went from 144.8 MB to 140.4 MB.
Total: 15.166500 ms (FindLiveObjects: 1.384200 ms CreateObjectMapping: 1.297300 ms MarkObjects: 9.111800 ms  DeleteObjects: 3.372000 ms)

Prepare: number of updated asset objects reloaded= 0
========================================================================
Received Prepare
Refreshing native plugins compatible for Editor in 1.65 ms, found 4 plugins.
Preloading 0 native plugins for Editor in 0.00 ms.
Unloading 13 Unused Serialized files (Serialized files now loaded: 0)
Unloading 6762 unused Assets / (7.3 MB). Loaded Objects now: 7530.
Memory consumption went from 144.8 MB to 137.4 MB.
Total: 54.498200 ms (FindLiveObjects: 4.246500 ms CreateObjectMapping: 23.670000 ms MarkObjects: 19.468600 ms  DeleteObjects: 7.111300 ms)

Prepare: number of updated asset objects reloaded= 0
========================================================================
Received Prepare
Refreshing native plugins compatible for Editor in 6.33 ms, found 4 plugins.
Preloading 0 native plugins for Editor in 0.00 ms.
Unloading 13 Unused Serialized files (Serialized files now loaded: 0)
Unloading 6762 unused Assets / (5.9 MB). Loaded Objects now: 7530.
Memory consumption went from 144.8 MB to 138.8 MB.
Total: 53.755700 ms (FindLiveObjects: 1.775000 ms CreateObjectMapping: 1.416300 ms MarkObjects: 42.619400 ms  DeleteObjects: 7.943800 ms)

Prepare: number of updated asset objects reloaded= 0
========================================================================
Received Prepare
Refreshing native plugins compatible for Editor in 1.72 ms, found 4 plugins.
Preloading 0 native plugins for Editor in 0.00 ms.
Unloading 13 Unused Serialized files (Serialized files now loaded: 0)
Unloading 6762 unused Assets / (4.2 MB). Loaded Objects now: 7530.
Memory consumption went from 144.8 MB to 140.6 MB.
Total: 11.763900 ms (FindLiveObjects: 1.140400 ms CreateObjectMapping: 1.084400 ms MarkObjects: 6.707400 ms  DeleteObjects: 2.830700 ms)

Prepare: number of updated asset objects reloaded= 0
========================================================================
Received Import Request.
  Time since last request: 3589.483068 seconds.
  path: Assets/Prefabs/UI/ItemInfo.prefab
  artifactKey: Guid(695506f7a2a30a34289c41534a71bdd8) Importer(815301076,1909f56bfc062723c751e8b465ee728b)
Start importing Assets/Prefabs/UI/ItemInfo.prefab using Guid(695506f7a2a30a34289c41534a71bdd8) Importer(815301076,1909f56bfc062723c751e8b465ee728b) (PreviewImporter) -> (artifact id: 'd44de88821f76ae79ed33c4eb26bbb82') in 0.1772166 seconds
Number of updated asset objects reloaded before import = 0Number of asset objects unloaded after import = 175

========================================================================
Received Import Request.
  Time since last request: 29.273875 seconds.
  path: Assets/Prefabs/UI/ItemInfo.prefab
  artifactKey: Guid(695506f7a2a30a34289c41534a71bdd8) Importer(815301076,1909f56bfc062723c751e8b465ee728b)
Start importing Assets/Prefabs/UI/ItemInfo.prefab using Guid(695506f7a2a30a34289c41534a71bdd8) Importer(815301076,1909f56bfc062723c751e8b465ee728b) (PreviewImporter) -> (artifact id: '705c5ce4fb8fc3cf6359f2e4a52d70fd') in 0.1283699 seconds
Number of updated asset objects reloaded before import = 0Number of asset objects unloaded after import = 175

========================================================================
Received Import Request.
  Time since last request: 93.901673 seconds.
  path: Assets/Prefabs/UI/ItemInfo.prefab
  artifactKey: Guid(695506f7a2a30a34289c41534a71bdd8) Importer(815301076,1909f56bfc062723c751e8b465ee728b)
Start importing Assets/Prefabs/UI/ItemInfo.prefab using Guid(695506f7a2a30a34289c41534a71bdd8) Importer(815301076,1909f56bfc062723c751e8b465ee728b) (PreviewImporter) -> (artifact id: '590d3a7a856a0117db96ba1cdfda942f') in 0.1318737 seconds
Number of updated asset objects reloaded before import = 0Number of asset objects unloaded after import = 175

========================================================================
Received Import Request.
  Time since last request: 8.295270 seconds.
  path: Assets/Prefabs/UI/ItemInfo.prefab
  artifactKey: Guid(695506f7a2a30a34289c41534a71bdd8) Importer(815301076,1909f56bfc062723c751e8b465ee728b)
Start importing Assets/Prefabs/UI/ItemInfo.prefab using Guid(695506f7a2a30a34289c41534a71bdd8) Importer(815301076,1909f56bfc062723c751e8b465ee728b) (PreviewImporter) -> (artifact id: '8a98f843ca44de76728aa81148720375') in 0.1356522 seconds
Number of updated asset objects reloaded before import = 0Number of asset objects unloaded after import = 175

========================================================================
Received Import Request.
  Time since last request: 47.610112 seconds.
  path: Assets/Prefabs/UI/ItemInfo.prefab
  artifactKey: Guid(695506f7a2a30a34289c41534a71bdd8) Importer(815301076,1909f56bfc062723c751e8b465ee728b)
Start importing Assets/Prefabs/UI/ItemInfo.prefab using Guid(695506f7a2a30a34289c41534a71bdd8) Importer(815301076,1909f56bfc062723c751e8b465ee728b) (PreviewImporter) -> (artifact id: 'f7777cae69b94358632b3291b6d2d14b') in 0.129507 seconds
Number of updated asset objects reloaded before import = 0Number of asset objects unloaded after import = 175

========================================================================
Received Import Request.
  Time since last request: 30.490374 seconds.
  path: Assets/Prefabs/UI/ItemInfo.prefab
  artifactKey: Guid(695506f7a2a30a34289c41534a71bdd8) Importer(815301076,1909f56bfc062723c751e8b465ee728b)
Start importing Assets/Prefabs/UI/ItemInfo.prefab using Guid(695506f7a2a30a34289c41534a71bdd8) Importer(815301076,1909f56bfc062723c751e8b465ee728b) (PreviewImporter) -> (artifact id: 'd97232b947ba76e5a941c5e7318a43f4') in 0.1299736 seconds
Number of updated asset objects reloaded before import = 0Number of asset objects unloaded after import = 175

========================================================================
Received Import Request.
  Time since last request: 37.784165 seconds.
  path: Assets/Prefabs/UI/ItemInfo.prefab
  artifactKey: Guid(695506f7a2a30a34289c41534a71bdd8) Importer(815301076,1909f56bfc062723c751e8b465ee728b)
Start importing Assets/Prefabs/UI/ItemInfo.prefab using Guid(695506f7a2a30a34289c41534a71bdd8) Importer(815301076,1909f56bfc062723c751e8b465ee728b) (PreviewImporter) -> (artifact id: '44b555662314d50499d4c52e9112d9f2') in 0.1294121 seconds
Number of updated asset objects reloaded before import = 0Number of asset objects unloaded after import = 175

========================================================================
Received Import Request.
  Time since last request: 27.896924 seconds.
  path: Assets/Prefabs/UI/ItemInfo.prefab
  artifactKey: Guid(695506f7a2a30a34289c41534a71bdd8) Importer(815301076,1909f56bfc062723c751e8b465ee728b)
Start importing Assets/Prefabs/UI/ItemInfo.prefab using Guid(695506f7a2a30a34289c41534a71bdd8) Importer(815301076,1909f56bfc062723c751e8b465ee728b) (PreviewImporter) -> (artifact id: '072bdb0a974d9635e216800db09fc227') in 0.1294416 seconds
Number of updated asset objects reloaded before import = 0Number of asset objects unloaded after import = 175

========================================================================
Received Import Request.
  Time since last request: 61.409928 seconds.
  path: Assets/Prefabs/UI/ItemInfo.prefab
  artifactKey: Guid(695506f7a2a30a34289c41534a71bdd8) Importer(815301076,1909f56bfc062723c751e8b465ee728b)
Start importing Assets/Prefabs/UI/ItemInfo.prefab using Guid(695506f7a2a30a34289c41534a71bdd8) Importer(815301076,1909f56bfc062723c751e8b465ee728b) (PreviewImporter) -> (artifact id: '469f64a1bae124ba0a5419f3fec9aa47') in 0.1436361 seconds
Number of updated asset objects reloaded before import = 0Number of asset objects unloaded after import = 175

========================================================================
Received Import Request.
  Time since last request: 93.619621 seconds.
  path: Assets/Prefabs/UI/ItemInfo.prefab
  artifactKey: Guid(695506f7a2a30a34289c41534a71bdd8) Importer(815301076,1909f56bfc062723c751e8b465ee728b)
Start importing Assets/Prefabs/UI/ItemInfo.prefab using Guid(695506f7a2a30a34289c41534a71bdd8) Importer(815301076,1909f56bfc062723c751e8b465ee728b) (PreviewImporter) -> (artifact id: '7cf4dbdc100c230dd693d74e3acd9ef8') in 0.1296753 seconds
Number of updated asset objects reloaded before import = 0Number of asset objects unloaded after import = 175

========================================================================
Received Import Request.
  Time since last request: 23.842219 seconds.
  path: Assets/Prefabs/UI/ItemInfo.prefab
  artifactKey: Guid(695506f7a2a30a34289c41534a71bdd8) Importer(815301076,1909f56bfc062723c751e8b465ee728b)
Start importing Assets/Prefabs/UI/ItemInfo.prefab using Guid(695506f7a2a30a34289c41534a71bdd8) Importer(815301076,1909f56bfc062723c751e8b465ee728b) (PreviewImporter) -> (artifact id: 'b619fbc154bf3de4cf477e5eca4728f8') in 0.132179 seconds
Number of updated asset objects reloaded before import = 0Number of asset objects unloaded after import = 175

========================================================================
Received Import Request.
  Time since last request: 7.098904 seconds.
  path: Assets/Prefabs/UI/ItemInfo.prefab
  artifactKey: Guid(695506f7a2a30a34289c41534a71bdd8) Importer(815301076,1909f56bfc062723c751e8b465ee728b)
Start importing Assets/Prefabs/UI/ItemInfo.prefab using Guid(695506f7a2a30a34289c41534a71bdd8) Importer(815301076,1909f56bfc062723c751e8b465ee728b) (PreviewImporter) -> (artifact id: '9d377f8dddcd7a7c75a38cf02d0f4dbe') in 0.137212 seconds
Number of updated asset objects reloaded before import = 0Number of asset objects unloaded after import = 175

========================================================================
Received Import Request.
  Time since last request: 16.191972 seconds.
  path: Assets/Prefabs/UI/ItemInfo.prefab
  artifactKey: Guid(695506f7a2a30a34289c41534a71bdd8) Importer(815301076,1909f56bfc062723c751e8b465ee728b)
Start importing Assets/Prefabs/UI/ItemInfo.prefab using Guid(695506f7a2a30a34289c41534a71bdd8) Importer(815301076,1909f56bfc062723c751e8b465ee728b) (PreviewImporter) -> (artifact id: '074e50541e15ef85f8792210bb9232b6') in 0.1298788 seconds
Number of updated asset objects reloaded before import = 0Number of asset objects unloaded after import = 175

========================================================================
Received Prepare
Refreshing native plugins compatible for Editor in 2.82 ms, found 4 plugins.
Preloading 0 native plugins for Editor in 0.00 ms.
Unloading 13 Unused Serialized files (Serialized files now loaded: 0)
Unloading 6763 unused Assets / (7.0 MB). Loaded Objects now: 7530.
Memory consumption went from 144.8 MB to 137.7 MB.
Total: 49.144400 ms (FindLiveObjects: 1.670700 ms CreateObjectMapping: 1.604200 ms MarkObjects: 35.121500 ms  DeleteObjects: 10.746200 ms)

Prepare: number of updated asset objects reloaded= 0
========================================================================
Received Prepare
Refreshing native plugins compatible for Editor in 2.06 ms, found 4 plugins.
Preloading 0 native plugins for Editor in 0.00 ms.
Unloading 13 Unused Serialized files (Serialized files now loaded: 0)
Unloading 6762 unused Assets / (6.7 MB). Loaded Objects now: 7530.
Memory consumption went from 144.8 MB to 138.1 MB.
Total: 15.494200 ms (FindLiveObjects: 1.188400 ms CreateObjectMapping: 1.129400 ms MarkObjects: 7.335400 ms  DeleteObjects: 5.839600 ms)

Prepare: number of updated asset objects reloaded= 0
========================================================================
Received Prepare
Begin MonoManager ReloadAssembly
[Licensing::Client] Successfully resolved entitlement details
- Loaded All Assemblies, in  0.660 seconds
Refreshing native plugins compatible for Editor in 1.46 ms, found 4 plugins.
Native extension for WindowsStandalone target not found
[Package Manager] Failed to launch server process. Reason: Unity was launched with the -noUpm command-line argument
[Package Manager] Unable to send message (not connected to server process).
[Package Manager] Cannot connect to Unity Package Manager local server
Mono: successfully reloaded assembly
- Finished resetting the current domain, in  0.632 seconds
Domain Reload Profiling: 1293ms
	BeginReloadAssembly (195ms)
		ExecutionOrderSort (0ms)
		DisableScriptedObjects (13ms)
		BackupInstance (0ms)
		ReleaseScriptingObjects (0ms)
		CreateAndSetChildDomain (50ms)
	RebuildCommonClasses (35ms)
	RebuildNativeTypeToScriptingClass (14ms)
	initialDomainReloadingComplete (25ms)
	LoadAllAssembliesAndSetupDomain (392ms)
		LoadAssemblies (291ms)
		RebuildTransferFunctionScriptingTraits (0ms)
		AnalyzeDomain (180ms)
			TypeCache.Refresh (8ms)
				TypeCache.ScanAssembly (0ms)
			BuildScriptInfoCaches (158ms)
			ResolveRequiredComponents (9ms)
	FinalizeReload (632ms)
		ReleaseScriptCaches (0ms)
		RebuildScriptCaches (0ms)
		SetupLoadedEditorAssemblies (493ms)
			LogAssemblyErrors (0ms)
			InitializePlatformSupportModulesInManaged (1ms)
			SetLoadedEditorAssemblies (3ms)
			BeforeProcessingInitializeOnLoad (118ms)
			ProcessInitializeOnLoadAttributes (318ms)
			ProcessInitializeOnLoadMethodAttributes (49ms)
			AfterProcessingInitializeOnLoad (4ms)
			EditorAssembliesLoaded (0ms)
		ExecutionOrderSort2 (0ms)
		AwakeInstancesAfterBackupRestoration (13ms)
Refreshing native plugins compatible for Editor in 1.89 ms, found 4 plugins.
Preloading 0 native plugins for Editor in 0.00 ms.
Unloading 13 Unused Serialized files (Serialized files now loaded: 0)
Unloading 6772 unused Assets / (4.4 MB). Loaded Objects now: 7533.
Memory consumption went from 144.4 MB to 140.0 MB.
Total: 11.812100 ms (FindLiveObjects: 1.272200 ms CreateObjectMapping: 1.338800 ms MarkObjects: 6.084600 ms  DeleteObjects: 3.115700 ms)

Prepare: number of updated asset objects reloaded= 0
========================================================================
Received Prepare
Refreshing native plugins compatible for Editor in 1.60 ms, found 4 plugins.
Preloading 0 native plugins for Editor in 0.00 ms.
Unloading 13 Unused Serialized files (Serialized files now loaded: 0)
Unloading 6762 unused Assets / (4.4 MB). Loaded Objects now: 7533.
Memory consumption went from 144.6 MB to 140.2 MB.
Total: 12.915200 ms (FindLiveObjects: 1.142500 ms CreateObjectMapping: 1.116100 ms MarkObjects: 7.467500 ms  DeleteObjects: 3.187400 ms)

Prepare: number of updated asset objects reloaded= 0
========================================================================
Received Prepare
Begin MonoManager ReloadAssembly
[Licensing::Client] Successfully resolved entitlement details
- Loaded All Assemblies, in  0.663 seconds
Refreshing native plugins compatible for Editor in 1.27 ms, found 4 plugins.
Native extension for WindowsStandalone target not found
[Package Manager] Failed to launch server process. Reason: Unity was launched with the -noUpm command-line argument
[Package Manager] Unable to send message (not connected to server process).
[Package Manager] Cannot connect to Unity Package Manager local server
Mono: successfully reloaded assembly
- Finished resetting the current domain, in  0.636 seconds
Domain Reload Profiling: 1299ms
	BeginReloadAssembly (196ms)
		ExecutionOrderSort (0ms)
		DisableScriptedObjects (13ms)
		BackupInstance (0ms)
		ReleaseScriptingObjects (0ms)
		CreateAndSetChildDomain (47ms)
	RebuildCommonClasses (35ms)
	RebuildNativeTypeToScriptingClass (14ms)
	initialDomainReloadingComplete (26ms)
	LoadAllAssembliesAndSetupDomain (391ms)
		LoadAssemblies (289ms)
		RebuildTransferFunctionScriptingTraits (0ms)
		AnalyzeDomain (185ms)
			TypeCache.Refresh (8ms)
				TypeCache.ScanAssembly (0ms)
			BuildScriptInfoCaches (164ms)
			ResolveRequiredComponents (9ms)
	FinalizeReload (636ms)
		ReleaseScriptCaches (0ms)
		RebuildScriptCaches (0ms)
		SetupLoadedEditorAssemblies (498ms)
			LogAssemblyErrors (0ms)
			InitializePlatformSupportModulesInManaged (1ms)
			SetLoadedEditorAssemblies (3ms)
			BeforeProcessingInitializeOnLoad (120ms)
			ProcessInitializeOnLoadAttributes (317ms)
			ProcessInitializeOnLoadMethodAttributes (50ms)
			AfterProcessingInitializeOnLoad (5ms)
			EditorAssembliesLoaded (0ms)
		ExecutionOrderSort2 (0ms)
		AwakeInstancesAfterBackupRestoration (13ms)
Refreshing native plugins compatible for Editor in 1.62 ms, found 4 plugins.
Preloading 0 native plugins for Editor in 0.00 ms.
Unloading 13 Unused Serialized files (Serialized files now loaded: 0)
Unloading 6772 unused Assets / (3.9 MB). Loaded Objects now: 7536.
Memory consumption went from 144.4 MB to 140.5 MB.
Total: 10.176100 ms (FindLiveObjects: 1.141700 ms CreateObjectMapping: 1.034400 ms MarkObjects: 5.432200 ms  DeleteObjects: 2.566200 ms)

Prepare: number of updated asset objects reloaded= 0
========================================================================
Received Prepare
Refreshing native plugins compatible for Editor in 1.84 ms, found 4 plugins.
Preloading 0 native plugins for Editor in 0.00 ms.
Unloading 13 Unused Serialized files (Serialized files now loaded: 0)
Unloading 6762 unused Assets / (4.4 MB). Loaded Objects now: 7536.
Memory consumption went from 144.6 MB to 140.2 MB.
Total: 14.591300 ms (FindLiveObjects: 1.150900 ms CreateObjectMapping: 1.093200 ms MarkObjects: 6.900300 ms  DeleteObjects: 5.445100 ms)

Prepare: number of updated asset objects reloaded= 0
========================================================================
Received Prepare
Begin MonoManager ReloadAssembly
[Licensing::Client] Successfully resolved entitlement details
- Loaded All Assemblies, in  0.594 seconds
Refreshing native plugins compatible for Editor in 1.57 ms, found 4 plugins.
Native extension for WindowsStandalone target not found
[Package Manager] Failed to launch server process. Reason: Unity was launched with the -noUpm command-line argument
[Package Manager] Unable to send message (not connected to server process).
[Package Manager] Cannot connect to Unity Package Manager local server
Mono: successfully reloaded assembly
- Finished resetting the current domain, in  0.558 seconds
Domain Reload Profiling: 1153ms
	BeginReloadAssembly (177ms)
		ExecutionOrderSort (0ms)
		DisableScriptedObjects (12ms)
		BackupInstance (0ms)
		ReleaseScriptingObjects (0ms)
		CreateAndSetChildDomain (47ms)
	RebuildCommonClasses (29ms)
	RebuildNativeTypeToScriptingClass (9ms)
	initialDomainReloadingComplete (21ms)
	LoadAllAssembliesAndSetupDomain (359ms)
		LoadAssemblies (258ms)
		RebuildTransferFunctionScriptingTraits (0ms)
		AnalyzeDomain (175ms)
			TypeCache.Refresh (9ms)
				TypeCache.ScanAssembly (0ms)
			BuildScriptInfoCaches (153ms)
			ResolveRequiredComponents (9ms)
	FinalizeReload (558ms)
		ReleaseScriptCaches (0ms)
		RebuildScriptCaches (0ms)
		SetupLoadedEditorAssemblies (452ms)
			LogAssemblyErrors (0ms)
			InitializePlatformSupportModulesInManaged (1ms)
			SetLoadedEditorAssemblies (3ms)
			BeforeProcessingInitializeOnLoad (129ms)
			ProcessInitializeOnLoadAttributes (272ms)
			ProcessInitializeOnLoadMethodAttributes (42ms)
			AfterProcessingInitializeOnLoad (5ms)
			EditorAssembliesLoaded (0ms)
		ExecutionOrderSort2 (0ms)
		AwakeInstancesAfterBackupRestoration (13ms)
Refreshing native plugins compatible for Editor in 1.66 ms, found 4 plugins.
Preloading 0 native plugins for Editor in 0.00 ms.
Unloading 13 Unused Serialized files (Serialized files now loaded: 0)
Unloading 6772 unused Assets / (4.6 MB). Loaded Objects now: 7539.
Memory consumption went from 144.4 MB to 139.8 MB.
Total: 11.520800 ms (FindLiveObjects: 1.161300 ms CreateObjectMapping: 1.130800 ms MarkObjects: 5.967500 ms  DeleteObjects: 3.260500 ms)

Prepare: number of updated asset objects reloaded= 0
========================================================================
Received Prepare
Refreshing native plugins compatible for Editor in 1.59 ms, found 4 plugins.
Preloading 0 native plugins for Editor in 0.00 ms.
Unloading 13 Unused Serialized files (Serialized files now loaded: 0)
Unloading 6762 unused Assets / (4.2 MB). Loaded Objects now: 7539.
Memory consumption went from 144.6 MB to 140.3 MB.
Total: 13.661200 ms (FindLiveObjects: 1.309200 ms CreateObjectMapping: 1.732800 ms MarkObjects: 7.450300 ms  DeleteObjects: 3.167100 ms)

Prepare: number of updated asset objects reloaded= 0
========================================================================
Received Prepare
Begin MonoManager ReloadAssembly
- Loaded All Assemblies, in  0.620 seconds
Refreshing native plugins compatible for Editor in 1.17 ms, found 4 plugins.
Native extension for WindowsStandalone target not found
[Package Manager] Failed to launch server process. Reason: Unity was launched with the -noUpm command-line argument
[Package Manager] Unable to send message (not connected to server process).
[Package Manager] Cannot connect to Unity Package Manager local server
Mono: successfully reloaded assembly
- Finished resetting the current domain, in  0.575 seconds
Domain Reload Profiling: 1192ms
	BeginReloadAssembly (179ms)
		ExecutionOrderSort (0ms)
		DisableScriptedObjects (9ms)
		BackupInstance (0ms)
		ReleaseScriptingObjects (0ms)
		CreateAndSetChildDomain (45ms)
	RebuildCommonClasses (37ms)
	RebuildNativeTypeToScriptingClass (14ms)
	initialDomainReloadingComplete (28ms)
	LoadAllAssembliesAndSetupDomain (359ms)
		LoadAssemblies (264ms)
		RebuildTransferFunctionScriptingTraits (0ms)
		AnalyzeDomain (170ms)
			TypeCache.Refresh (9ms)
				TypeCache.ScanAssembly (0ms)
			BuildScriptInfoCaches (153ms)
			ResolveRequiredComponents (6ms)
	FinalizeReload (575ms)
		ReleaseScriptCaches (0ms)
		RebuildScriptCaches (0ms)
		SetupLoadedEditorAssemblies (478ms)
			LogAssemblyErrors (0ms)
			InitializePlatformSupportModulesInManaged (1ms)
			SetLoadedEditorAssemblies (2ms)
			BeforeProcessingInitializeOnLoad (129ms)
			ProcessInitializeOnLoadAttributes (290ms)
			ProcessInitializeOnLoadMethodAttributes (51ms)
			AfterProcessingInitializeOnLoad (5ms)
			EditorAssembliesLoaded (0ms)
		ExecutionOrderSort2 (0ms)
		AwakeInstancesAfterBackupRestoration (10ms)
Refreshing native plugins compatible for Editor in 1.52 ms, found 4 plugins.
Preloading 0 native plugins for Editor in 0.00 ms.
Unloading 13 Unused Serialized files (Serialized files now loaded: 0)
Unloading 6772 unused Assets / (4.2 MB). Loaded Objects now: 7542.
Memory consumption went from 144.5 MB to 140.3 MB.
Total: 11.007700 ms (FindLiveObjects: 1.130000 ms CreateObjectMapping: 1.290800 ms MarkObjects: 5.749300 ms  DeleteObjects: 2.836800 ms)

Prepare: number of updated asset objects reloaded= 0
========================================================================
Received Prepare
Refreshing native plugins compatible for Editor in 1.78 ms, found 4 plugins.
Preloading 0 native plugins for Editor in 0.00 ms.
Unloading 13 Unused Serialized files (Serialized files now loaded: 0)
Unloading 6762 unused Assets / (4.9 MB). Loaded Objects now: 7542.
Memory consumption went from 144.7 MB to 139.8 MB.
Total: 31.389100 ms (FindLiveObjects: 1.174300 ms CreateObjectMapping: 2.350800 ms MarkObjects: 7.508400 ms  DeleteObjects: 20.354200 ms)

Prepare: number of updated asset objects reloaded= 0
========================================================================
Received Prepare
Begin MonoManager ReloadAssembly
[Licensing::Client] Successfully resolved entitlement details
- Loaded All Assemblies, in  0.612 seconds
Refreshing native plugins compatible for Editor in 1.16 ms, found 4 plugins.
Native extension for WindowsStandalone target not found
[Package Manager] Failed to launch server process. Reason: Unity was launched with the -noUpm command-line argument
[Package Manager] Unable to send message (not connected to server process).
[Package Manager] Cannot connect to Unity Package Manager local server
Mono: successfully reloaded assembly
- Finished resetting the current domain, in  0.595 seconds
Domain Reload Profiling: 1206ms
	BeginReloadAssembly (197ms)
		ExecutionOrderSort (0ms)
		DisableScriptedObjects (14ms)
		BackupInstance (0ms)
		ReleaseScriptingObjects (0ms)
		CreateAndSetChildDomain (48ms)
	RebuildCommonClasses (32ms)
	RebuildNativeTypeToScriptingClass (14ms)
	initialDomainReloadingComplete (22ms)
	LoadAllAssembliesAndSetupDomain (347ms)
		LoadAssemblies (254ms)
		RebuildTransferFunctionScriptingTraits (0ms)
		AnalyzeDomain (174ms)
			TypeCache.Refresh (7ms)
				TypeCache.ScanAssembly (0ms)
			BuildScriptInfoCaches (159ms)
			ResolveRequiredComponents (6ms)
	FinalizeReload (595ms)
		ReleaseScriptCaches (0ms)
		RebuildScriptCaches (0ms)
		SetupLoadedEditorAssemblies (460ms)
			LogAssemblyErrors (0ms)
			InitializePlatformSupportModulesInManaged (1ms)
			SetLoadedEditorAssemblies (2ms)
			BeforeProcessingInitializeOnLoad (120ms)
			ProcessInitializeOnLoadAttributes (284ms)
			ProcessInitializeOnLoadMethodAttributes (47ms)
			AfterProcessingInitializeOnLoad (5ms)
			EditorAssembliesLoaded (0ms)
		ExecutionOrderSort2 (0ms)
		AwakeInstancesAfterBackupRestoration (13ms)
Refreshing native plugins compatible for Editor in 1.64 ms, found 4 plugins.
Preloading 0 native plugins for Editor in 0.00 ms.
Unloading 13 Unused Serialized files (Serialized files now loaded: 0)
Unloading 6772 unused Assets / (4.3 MB). Loaded Objects now: 7545.
Memory consumption went from 144.6 MB to 140.3 MB.
Total: 12.214000 ms (FindLiveObjects: 1.182700 ms CreateObjectMapping: 1.066400 ms MarkObjects: 6.971400 ms  DeleteObjects: 2.992600 ms)

Prepare: number of updated asset objects reloaded= 0
========================================================================
Received Import Request.
  Time since last request: 2255.628389 seconds.
  path: Assets/Prefabs/UI/ItemInfo.prefab
  artifactKey: Guid(695506f7a2a30a34289c41534a71bdd8) Importer(815301076,1909f56bfc062723c751e8b465ee728b)
Start importing Assets/Prefabs/UI/ItemInfo.prefab using Guid(695506f7a2a30a34289c41534a71bdd8) Importer(815301076,1909f56bfc062723c751e8b465ee728b) (PreviewImporter) -> (artifact id: '593e3906c1a3bef3ef1ae512cc3fa9cd') in 0.2271103 seconds
Number of updated asset objects reloaded before import = 0Number of asset objects unloaded after import = 91

========================================================================
Received Import Request.
  Time since last request: 4.147248 seconds.
  path: Assets/Prefabs/UI/StatLine.prefab
  artifactKey: Guid(fbd7f7b63445bc5408d3fc7572077685) Importer(815301076,1909f56bfc062723c751e8b465ee728b)
Start importing Assets/Prefabs/UI/StatLine.prefab using Guid(fbd7f7b63445bc5408d3fc7572077685) Importer(815301076,1909f56bfc062723c751e8b465ee728b) (PreviewImporter) -> (artifact id: 'f4fdc7ef17fdd5f87ebc705f116ad736') in 0.1197466 seconds
Number of updated asset objects reloaded before import = 0Number of asset objects unloaded after import = 10

========================================================================
Received Import Request.
  Time since last request: 331.359264 seconds.
  path: Assets/Prefabs/UI/UIManager.prefab
  artifactKey: Guid(cf58ca26d69faf147be346f41138d592) Importer(815301076,1909f56bfc062723c751e8b465ee728b)
Start importing Assets/Prefabs/UI/UIManager.prefab using Guid(cf58ca26d69faf147be346f41138d592) Importer(815301076,1909f56bfc062723c751e8b465ee728b) (PreviewImporter) -> (artifact id: 'ba5231a274516c708ea3bd40567c7d22') in 0.0025814 seconds
Number of updated asset objects reloaded before import = 0Number of asset objects unloaded after import = 6

========================================================================
Received Import Request.
  Time since last request: 59.182187 seconds.
  path: Assets/Prefabs/UI/UIManager.prefab
  artifactKey: Guid(cf58ca26d69faf147be346f41138d592) Importer(815301076,1909f56bfc062723c751e8b465ee728b)
Start importing Assets/Prefabs/UI/UIManager.prefab using Guid(cf58ca26d69faf147be346f41138d592) Importer(815301076,1909f56bfc062723c751e8b465ee728b) (PreviewImporter) -> (artifact id: 'c494d36042c09cc92ba16d5a4d0889f4') in 0.0024257 seconds
Number of updated asset objects reloaded before import = 0Number of asset objects unloaded after import = 7

========================================================================
Received Import Request.
  Time since last request: 4.638627 seconds.
  path: Assets/Prefabs/UI/ItemInfo.prefab
  artifactKey: Guid(695506f7a2a30a34289c41534a71bdd8) Importer(815301076,1909f56bfc062723c751e8b465ee728b)
Start importing Assets/Prefabs/UI/ItemInfo.prefab using Guid(695506f7a2a30a34289c41534a71bdd8) Importer(815301076,1909f56bfc062723c751e8b465ee728b) (PreviewImporter) -> (artifact id: '66f6d3975c1bdf1a4c4b773b5359944a') in 0.1354343 seconds
Number of updated asset objects reloaded before import = 0Number of asset objects unloaded after import = 91

========================================================================
Received Import Request.
  Time since last request: 5.287446 seconds.
  path: Assets/Prefabs/UI/ItemInfo.prefab
  artifactKey: Guid(695506f7a2a30a34289c41534a71bdd8) Importer(815301076,1909f56bfc062723c751e8b465ee728b)
Start importing Assets/Prefabs/UI/ItemInfo.prefab using Guid(695506f7a2a30a34289c41534a71bdd8) Importer(815301076,1909f56bfc062723c751e8b465ee728b) (PreviewImporter) -> (artifact id: 'f39c30a6aa4a50a9cc04e47dcfd03569') in 0.1278388 seconds
Number of updated asset objects reloaded before import = 0Number of asset objects unloaded after import = 91

========================================================================
Received Import Request.
  Time since last request: 2.668570 seconds.
  path: Assets/Prefabs/UI/ItemInfo.prefab
  artifactKey: Guid(695506f7a2a30a34289c41534a71bdd8) Importer(815301076,1909f56bfc062723c751e8b465ee728b)
Start importing Assets/Prefabs/UI/ItemInfo.prefab using Guid(695506f7a2a30a34289c41534a71bdd8) Importer(815301076,1909f56bfc062723c751e8b465ee728b) (PreviewImporter) -> (artifact id: 'b19e8f9f31358bd82b7b29ae29e65b9a') in 0.1322224 seconds
Number of updated asset objects reloaded before import = 0Number of asset objects unloaded after import = 91

========================================================================
Received Import Request.
  Time since last request: 1.862367 seconds.
  path: Assets/Prefabs/UI/ItemInfo.prefab
  artifactKey: Guid(695506f7a2a30a34289c41534a71bdd8) Importer(815301076,1909f56bfc062723c751e8b465ee728b)
Start importing Assets/Prefabs/UI/ItemInfo.prefab using Guid(695506f7a2a30a34289c41534a71bdd8) Importer(815301076,1909f56bfc062723c751e8b465ee728b) (PreviewImporter) -> (artifact id: '4038180220b8d5229cc14045a2a1ce92') in 0.1268028 seconds
Number of updated asset objects reloaded before import = 0Number of asset objects unloaded after import = 91

========================================================================
Received Import Request.
  Time since last request: 2.264420 seconds.
  path: Assets/Prefabs/UI/ItemInfo.prefab
  artifactKey: Guid(695506f7a2a30a34289c41534a71bdd8) Importer(815301076,1909f56bfc062723c751e8b465ee728b)
Start importing Assets/Prefabs/UI/ItemInfo.prefab using Guid(695506f7a2a30a34289c41534a71bdd8) Importer(815301076,1909f56bfc062723c751e8b465ee728b) (PreviewImporter) -> (artifact id: 'f60c9ff7e9af2d96420b1f06fa367047') in 0.1263247 seconds
Number of updated asset objects reloaded before import = 0Number of asset objects unloaded after import = 91

========================================================================
Received Import Request.
  Time since last request: 120.645488 seconds.
  path: Assets/Prefabs/UI/ItemInfo.prefab
  artifactKey: Guid(695506f7a2a30a34289c41534a71bdd8) Importer(815301076,1909f56bfc062723c751e8b465ee728b)
Start importing Assets/Prefabs/UI/ItemInfo.prefab using Guid(695506f7a2a30a34289c41534a71bdd8) Importer(815301076,1909f56bfc062723c751e8b465ee728b) (PreviewImporter) -> (artifact id: '6534b3133cf5acd71ea095fd3a783519') in 0.1288036 seconds
Number of updated asset objects reloaded before import = 0Number of asset objects unloaded after import = 92

========================================================================
Received Prepare
Refreshing native plugins compatible for Editor in 2.07 ms, found 4 plugins.
Preloading 0 native plugins for Editor in 0.00 ms.
Unloading 13 Unused Serialized files (Serialized files now loaded: 0)
Unloading 6763 unused Assets / (4.3 MB). Loaded Objects now: 7545.
Memory consumption went from 145.0 MB to 140.7 MB.
Total: 13.839700 ms (FindLiveObjects: 1.314700 ms CreateObjectMapping: 1.206300 ms MarkObjects: 7.996500 ms  DeleteObjects: 3.320600 ms)

Prepare: number of updated asset objects reloaded= 0
========================================================================
Received Prepare
Begin MonoManager ReloadAssembly
[Licensing::Client] Successfully resolved entitlement details
- Loaded All Assemblies, in  0.640 seconds
Refreshing native plugins compatible for Editor in 0.75 ms, found 4 plugins.
Native extension for WindowsStandalone target not found
[Package Manager] Failed to launch server process. Reason: Unity was launched with the -noUpm command-line argument
[Package Manager] Unable to send message (not connected to server process).
[Package Manager] Cannot connect to Unity Package Manager local server
Mono: successfully reloaded assembly
- Finished resetting the current domain, in  0.468 seconds
Domain Reload Profiling: 1107ms
	BeginReloadAssembly (202ms)
		ExecutionOrderSort (0ms)
		DisableScriptedObjects (14ms)
		BackupInstance (0ms)
		ReleaseScriptingObjects (0ms)
		CreateAndSetChildDomain (53ms)
	RebuildCommonClasses (36ms)
	RebuildNativeTypeToScriptingClass (14ms)
	initialDomainReloadingComplete (29ms)
	LoadAllAssembliesAndSetupDomain (359ms)
		LoadAssemblies (288ms)
		RebuildTransferFunctionScriptingTraits (0ms)
		AnalyzeDomain (152ms)
			TypeCache.Refresh (9ms)
				TypeCache.ScanAssembly (0ms)
			BuildScriptInfoCaches (134ms)
			ResolveRequiredComponents (6ms)
	FinalizeReload (468ms)
		ReleaseScriptCaches (0ms)
		RebuildScriptCaches (0ms)
		SetupLoadedEditorAssemblies (366ms)
			LogAssemblyErrors (0ms)
			InitializePlatformSupportModulesInManaged (1ms)
			SetLoadedEditorAssemblies (2ms)
			BeforeProcessingInitializeOnLoad (92ms)
			ProcessInitializeOnLoadAttributes (231ms)
			ProcessInitializeOnLoadMethodAttributes (37ms)
			AfterProcessingInitializeOnLoad (3ms)
			EditorAssembliesLoaded (0ms)
		ExecutionOrderSort2 (0ms)
		AwakeInstancesAfterBackupRestoration (10ms)
Refreshing native plugins compatible for Editor in 1.50 ms, found 4 plugins.
Preloading 0 native plugins for Editor in 0.00 ms.
Unloading 13 Unused Serialized files (Serialized files now loaded: 0)
Unloading 6772 unused Assets / (4.4 MB). Loaded Objects now: 7548.
Memory consumption went from 144.6 MB to 140.2 MB.
Total: 11.817600 ms (FindLiveObjects: 1.209700 ms CreateObjectMapping: 1.154700 ms MarkObjects: 6.309400 ms  DeleteObjects: 3.142400 ms)

Prepare: number of updated asset objects reloaded= 0
========================================================================
Received Import Request.
  Time since last request: 646.445844 seconds.
  path: Assets/Scripts/Data/ItemInstance.cs
  artifactKey: Guid(df62d3d4acb71f34f9d06d6625f6310b) Importer(815301076,1909f56bfc062723c751e8b465ee728b)
Start importing Assets/Scripts/Data/ItemInstance.cs using Guid(df62d3d4acb71f34f9d06d6625f6310b) Importer(815301076,1909f56bfc062723c751e8b465ee728b) (PreviewImporter) -> (artifact id: '42f2b00e8cc99f44c7794f577cea6d52') in 0.0089458 seconds
Number of updated asset objects reloaded before import = 0Number of asset objects unloaded after import = 0

========================================================================
Received Import Request.
  Time since last request: 2.633653 seconds.
  path: Assets/Scripts/Data/ItemData.cs
  artifactKey: Guid(1a2fddc1240ee1a4ebf356df2b79a49a) Importer(815301076,1909f56bfc062723c751e8b465ee728b)
Start importing Assets/Scripts/Data/ItemData.cs using Guid(1a2fddc1240ee1a4ebf356df2b79a49a) Importer(815301076,1909f56bfc062723c751e8b465ee728b) (PreviewImporter) -> (artifact id: '2d5f3d47b5f7b153772917f28a87a881') in 0.0004877 seconds
Number of updated asset objects reloaded before import = 0Number of asset objects unloaded after import = 0

========================================================================
Received Import Request.
  Time since last request: 4.805669 seconds.
  path: Assets/Scripts/Data/EquipItems/Sword/PracticalSword.asset
  artifactKey: Guid(d13c915f408e67847983b6ff31d29bb9) Importer(815301076,1909f56bfc062723c751e8b465ee728b)
Start importing Assets/Scripts/Data/EquipItems/Sword/PracticalSword.asset using Guid(d13c915f408e67847983b6ff31d29bb9) Importer(815301076,1909f56bfc062723c751e8b465ee728b) (PreviewImporter) -> (artifact id: 'de667a9439acc094a7636171ed92d61c') in 0.0233322 seconds
Number of updated asset objects reloaded before import = 0Number of asset objects unloaded after import = 2

========================================================================
Received Prepare
Refreshing native plugins compatible for Editor in 2.48 ms, found 4 plugins.
Preloading 0 native plugins for Editor in 0.00 ms.
Unloading 13 Unused Serialized files (Serialized files now loaded: 0)
Unloading 6762 unused Assets / (3.9 MB). Loaded Objects now: 7548.
Memory consumption went from 144.8 MB to 140.8 MB.
Total: 12.955300 ms (FindLiveObjects: 1.358000 ms CreateObjectMapping: 1.268400 ms MarkObjects: 7.223300 ms  DeleteObjects: 3.104500 ms)

Prepare: number of updated asset objects reloaded= 0
========================================================================
Received Prepare
Begin MonoManager ReloadAssembly
[Licensing::Client] Successfully resolved entitlement details
- Loaded All Assemblies, in  0.595 seconds
Refreshing native plugins compatible for Editor in 1.01 ms, found 4 plugins.
Native extension for WindowsStandalone target not found
[Package Manager] Failed to launch server process. Reason: Unity was launched with the -noUpm command-line argument
[Package Manager] Unable to send message (not connected to server process).
[Package Manager] Cannot connect to Unity Package Manager local server
Mono: successfully reloaded assembly
- Finished resetting the current domain, in  0.460 seconds
Domain Reload Profiling: 1057ms
	BeginReloadAssembly (181ms)
		ExecutionOrderSort (0ms)
		DisableScriptedObjects (12ms)
		BackupInstance (0ms)
		ReleaseScriptingObjects (0ms)
		CreateAndSetChildDomain (49ms)
	RebuildCommonClasses (35ms)
	RebuildNativeTypeToScriptingClass (13ms)
	initialDomainReloadingComplete (24ms)
	LoadAllAssembliesAndSetupDomain (343ms)
		LoadAssemblies (257ms)
		RebuildTransferFunctionScriptingTraits (0ms)
		AnalyzeDomain (161ms)
			TypeCache.Refresh (6ms)
				TypeCache.ScanAssembly (0ms)
			BuildScriptInfoCaches (140ms)
			ResolveRequiredComponents (10ms)
	FinalizeReload (460ms)
		ReleaseScriptCaches (0ms)
		RebuildScriptCaches (0ms)
		SetupLoadedEditorAssemblies (353ms)
			LogAssemblyErrors (0ms)
			InitializePlatformSupportModulesInManaged (1ms)
			SetLoadedEditorAssemblies (3ms)
			BeforeProcessingInitializeOnLoad (85ms)
			ProcessInitializeOnLoadAttributes (224ms)
			ProcessInitializeOnLoadMethodAttributes (37ms)
			AfterProcessingInitializeOnLoad (3ms)
			EditorAssembliesLoaded (0ms)
		ExecutionOrderSort2 (0ms)
		AwakeInstancesAfterBackupRestoration (9ms)
Refreshing native plugins compatible for Editor in 1.71 ms, found 4 plugins.
Preloading 0 native plugins for Editor in 0.00 ms.
Unloading 13 Unused Serialized files (Serialized files now loaded: 0)
Unloading 6772 unused Assets / (4.6 MB). Loaded Objects now: 7551.
Memory consumption went from 144.6 MB to 140.0 MB.
Total: 12.372700 ms (FindLiveObjects: 1.132300 ms CreateObjectMapping: 1.141700 ms MarkObjects: 6.501700 ms  DeleteObjects: 3.595900 ms)

Prepare: number of updated asset objects reloaded= 0
========================================================================
Received Prepare
Refreshing native plugins compatible for Editor in 1.77 ms, found 4 plugins.
Preloading 0 native plugins for Editor in 0.00 ms.
Unloading 13 Unused Serialized files (Serialized files now loaded: 0)
Unloading 6762 unused Assets / (4.3 MB). Loaded Objects now: 7551.
Memory consumption went from 144.8 MB to 140.4 MB.
Total: 13.229900 ms (FindLiveObjects: 1.161400 ms CreateObjectMapping: 1.075500 ms MarkObjects: 7.761600 ms  DeleteObjects: 3.230500 ms)

Prepare: number of updated asset objects reloaded= 0
========================================================================
Received Prepare
Begin MonoManager ReloadAssembly
[Licensing::Client] Successfully resolved entitlement details
- Loaded All Assemblies, in  0.587 seconds
Refreshing native plugins compatible for Editor in 1.19 ms, found 4 plugins.
Native extension for WindowsStandalone target not found
[Package Manager] Failed to launch server process. Reason: Unity was launched with the -noUpm command-line argument
[Package Manager] Unable to send message (not connected to server process).
[Package Manager] Cannot connect to Unity Package Manager local server
Mono: successfully reloaded assembly
- Finished resetting the current domain, in  0.604 seconds
Domain Reload Profiling: 1192ms
	BeginReloadAssembly (175ms)
		ExecutionOrderSort (0ms)
		DisableScriptedObjects (11ms)
		BackupInstance (0ms)
		ReleaseScriptingObjects (0ms)
		CreateAndSetChildDomain (43ms)
	RebuildCommonClasses (34ms)
	RebuildNativeTypeToScriptingClass (14ms)
	initialDomainReloadingComplete (21ms)
	LoadAllAssembliesAndSetupDomain (344ms)
		LoadAssemblies (260ms)
		RebuildTransferFunctionScriptingTraits (0ms)
		AnalyzeDomain (152ms)
			TypeCache.Refresh (9ms)
				TypeCache.ScanAssembly (0ms)
			BuildScriptInfoCaches (133ms)
			ResolveRequiredComponents (6ms)
	FinalizeReload (604ms)
		ReleaseScriptCaches (0ms)
		RebuildScriptCaches (0ms)
		SetupLoadedEditorAssemblies (470ms)
			LogAssemblyErrors (0ms)
			InitializePlatformSupportModulesInManaged (2ms)
			SetLoadedEditorAssemblies (3ms)
			BeforeProcessingInitializeOnLoad (125ms)
			ProcessInitializeOnLoadAttributes (288ms)
			ProcessInitializeOnLoadMethodAttributes (48ms)
			AfterProcessingInitializeOnLoad (3ms)
			EditorAssembliesLoaded (0ms)
		ExecutionOrderSort2 (0ms)
		AwakeInstancesAfterBackupRestoration (10ms)
Refreshing native plugins compatible for Editor in 1.58 ms, found 4 plugins.
Preloading 0 native plugins for Editor in 0.00 ms.
Unloading 13 Unused Serialized files (Serialized files now loaded: 0)
Unloading 6772 unused Assets / (4.0 MB). Loaded Objects now: 7554.
Memory consumption went from 144.6 MB to 140.6 MB.
Total: 10.820600 ms (FindLiveObjects: 1.136600 ms CreateObjectMapping: 1.053800 ms MarkObjects: 5.858900 ms  DeleteObjects: 2.770000 ms)

Prepare: number of updated asset objects reloaded= 0
========================================================================
Received Import Request.
  Time since last request: 783.885725 seconds.
  path: Assets/Prefabs/UI/UIManager.prefab
  artifactKey: Guid(cf58ca26d69faf147be346f41138d592) Importer(815301076,1909f56bfc062723c751e8b465ee728b)
Start importing Assets/Prefabs/UI/UIManager.prefab using Guid(cf58ca26d69faf147be346f41138d592) Importer(815301076,1909f56bfc062723c751e8b465ee728b) (PreviewImporter) -> (artifact id: 'ce1002413da4cb5d0a1a08f02ef141bd') in 0.0428576 seconds
Number of updated asset objects reloaded before import = 0Number of asset objects unloaded after import = 7

========================================================================
Received Import Request.
  Time since last request: 12.745501 seconds.
  path: Assets/Prefabs/UI/UIManager.prefab
  artifactKey: Guid(cf58ca26d69faf147be346f41138d592) Importer(815301076,1909f56bfc062723c751e8b465ee728b)
Start importing Assets/Prefabs/UI/UIManager.prefab using Guid(cf58ca26d69faf147be346f41138d592) Importer(815301076,1909f56bfc062723c751e8b465ee728b) (PreviewImporter) -> (artifact id: 'f3f4f11f3a72bd88f2997cb2fa4e722f') in 0.0020437 seconds
Number of updated asset objects reloaded before import = 0Number of asset objects unloaded after import = 7

========================================================================
Received Import Request.
  Time since last request: 3.378722 seconds.
  path: Assets/Prefabs/UI/UIManager.prefab
  artifactKey: Guid(cf58ca26d69faf147be346f41138d592) Importer(815301076,1909f56bfc062723c751e8b465ee728b)
Start importing Assets/Prefabs/UI/UIManager.prefab using Guid(cf58ca26d69faf147be346f41138d592) Importer(815301076,1909f56bfc062723c751e8b465ee728b) (PreviewImporter) -> (artifact id: '8c48f528d03759a34652e08cfc42cc55') in 0.0015209 seconds
Number of updated asset objects reloaded before import = 0Number of asset objects unloaded after import = 7

========================================================================
Received Import Request.
  Time since last request: 0.168984 seconds.
  path: Assets/Prefabs/UI/UIManager.prefab
  artifactKey: Guid(cf58ca26d69faf147be346f41138d592) Importer(815301076,1909f56bfc062723c751e8b465ee728b)
Start importing Assets/Prefabs/UI/UIManager.prefab using Guid(cf58ca26d69faf147be346f41138d592) Importer(815301076,1909f56bfc062723c751e8b465ee728b) (PreviewImporter) -> (artifact id: 'eeee71bfed701ee67896cce185d164e8') in 0.0014686 seconds
Number of updated asset objects reloaded before import = 0Number of asset objects unloaded after import = 7

========================================================================
Received Import Request.
  Time since last request: 0.174605 seconds.
  path: Assets/Prefabs/UI/UIManager.prefab
  artifactKey: Guid(cf58ca26d69faf147be346f41138d592) Importer(815301076,1909f56bfc062723c751e8b465ee728b)
Start importing Assets/Prefabs/UI/UIManager.prefab using Guid(cf58ca26d69faf147be346f41138d592) Importer(815301076,1909f56bfc062723c751e8b465ee728b) (PreviewImporter) -> (artifact id: 'f041975a6ee49ef72917dba86054097b') in 0.0015881 seconds
Number of updated asset objects reloaded before import = 0Number of asset objects unloaded after import = 7

========================================================================
Received Import Request.
  Time since last request: 2.199402 seconds.
  path: Assets/Prefabs/UI/UIManager.prefab
  artifactKey: Guid(cf58ca26d69faf147be346f41138d592) Importer(815301076,1909f56bfc062723c751e8b465ee728b)
Start importing Assets/Prefabs/UI/UIManager.prefab using Guid(cf58ca26d69faf147be346f41138d592) Importer(815301076,1909f56bfc062723c751e8b465ee728b) (PreviewImporter) -> (artifact id: '4969b1d62d923a5f35bf35a79e709bc1') in 0.0014912 seconds
Number of updated asset objects reloaded before import = 0Number of asset objects unloaded after import = 7

========================================================================
Received Import Request.
  Time since last request: 0.375181 seconds.
  path: Assets/Prefabs/UI/UIManager.prefab
  artifactKey: Guid(cf58ca26d69faf147be346f41138d592) Importer(815301076,1909f56bfc062723c751e8b465ee728b)
Start importing Assets/Prefabs/UI/UIManager.prefab using Guid(cf58ca26d69faf147be346f41138d592) Importer(815301076,1909f56bfc062723c751e8b465ee728b) (PreviewImporter) -> (artifact id: '5e78934339a9434c38144a59847f31f7') in 0.0016888 seconds
Number of updated asset objects reloaded before import = 0Number of asset objects unloaded after import = 7

========================================================================
Received Import Request.
  Time since last request: 0.184933 seconds.
  path: Assets/Prefabs/UI/UIManager.prefab
  artifactKey: Guid(cf58ca26d69faf147be346f41138d592) Importer(815301076,1909f56bfc062723c751e8b465ee728b)
Start importing Assets/Prefabs/UI/UIManager.prefab using Guid(cf58ca26d69faf147be346f41138d592) Importer(815301076,1909f56bfc062723c751e8b465ee728b) (PreviewImporter) -> (artifact id: '50cd77163b9ceba8befe67798bc6597b') in 0.0015731 seconds
Number of updated asset objects reloaded before import = 0Number of asset objects unloaded after import = 7

========================================================================
Received Import Request.
  Time since last request: 0.157428 seconds.
  path: Assets/Prefabs/UI/UIManager.prefab
  artifactKey: Guid(cf58ca26d69faf147be346f41138d592) Importer(815301076,1909f56bfc062723c751e8b465ee728b)
Start importing Assets/Prefabs/UI/UIManager.prefab using Guid(cf58ca26d69faf147be346f41138d592) Importer(815301076,1909f56bfc062723c751e8b465ee728b) (PreviewImporter) -> (artifact id: '1b1dbb849816e6f34141594d2923d1cc') in 0.0016701 seconds
Number of updated asset objects reloaded before import = 0Number of asset objects unloaded after import = 7

========================================================================
Received Import Request.
  Time since last request: 0.172112 seconds.
  path: Assets/Prefabs/UI/UIManager.prefab
  artifactKey: Guid(cf58ca26d69faf147be346f41138d592) Importer(815301076,1909f56bfc062723c751e8b465ee728b)
Start importing Assets/Prefabs/UI/UIManager.prefab using Guid(cf58ca26d69faf147be346f41138d592) Importer(815301076,1909f56bfc062723c751e8b465ee728b) (PreviewImporter) -> (artifact id: 'db9ebb0b347cb8770c45f13beae620a7') in 0.001576 seconds
Number of updated asset objects reloaded before import = 0Number of asset objects unloaded after import = 7

========================================================================
Received Import Request.
  Time since last request: 0.173515 seconds.
  path: Assets/Prefabs/UI/UIManager.prefab
  artifactKey: Guid(cf58ca26d69faf147be346f41138d592) Importer(815301076,1909f56bfc062723c751e8b465ee728b)
Start importing Assets/Prefabs/UI/UIManager.prefab using Guid(cf58ca26d69faf147be346f41138d592) Importer(815301076,1909f56bfc062723c751e8b465ee728b) (PreviewImporter) -> (artifact id: '4615cc2bb7938afddacb6a18f2f3f1e5') in 0.0015796 seconds
Number of updated asset objects reloaded before import = 0Number of asset objects unloaded after import = 7

========================================================================
Received Import Request.
  Time since last request: 0.172896 seconds.
  path: Assets/Prefabs/UI/UIManager.prefab
  artifactKey: Guid(cf58ca26d69faf147be346f41138d592) Importer(815301076,1909f56bfc062723c751e8b465ee728b)
Start importing Assets/Prefabs/UI/UIManager.prefab using Guid(cf58ca26d69faf147be346f41138d592) Importer(815301076,1909f56bfc062723c751e8b465ee728b) (PreviewImporter) -> (artifact id: '0a6d93d4983c74ac606e5dec1ad16a70') in 0.0016548 seconds
Number of updated asset objects reloaded before import = 0Number of asset objects unloaded after import = 7

========================================================================
Received Import Request.
  Time since last request: 2.191419 seconds.
  path: Assets/Prefabs/UI/UIManager.prefab
  artifactKey: Guid(cf58ca26d69faf147be346f41138d592) Importer(815301076,1909f56bfc062723c751e8b465ee728b)
Start importing Assets/Prefabs/UI/UIManager.prefab using Guid(cf58ca26d69faf147be346f41138d592) Importer(815301076,1909f56bfc062723c751e8b465ee728b) (PreviewImporter) -> (artifact id: 'ebea7f8a86507b8ef572ef6feea728f1') in 0.0017022 seconds
Number of updated asset objects reloaded before import = 0Number of asset objects unloaded after import = 7

========================================================================
Received Import Request.
  Time since last request: 2.656690 seconds.
  path: Assets/Prefabs/UI/UIManager.prefab
  artifactKey: Guid(cf58ca26d69faf147be346f41138d592) Importer(815301076,1909f56bfc062723c751e8b465ee728b)
Start importing Assets/Prefabs/UI/UIManager.prefab using Guid(cf58ca26d69faf147be346f41138d592) Importer(815301076,1909f56bfc062723c751e8b465ee728b) (PreviewImporter) -> (artifact id: 'c08b439a1fda4519f14aaa92cda64b99') in 0.0016678 seconds
Number of updated asset objects reloaded before import = 0Number of asset objects unloaded after import = 7

========================================================================
Received Import Request.
  Time since last request: 1.776437 seconds.
  path: Assets/Prefabs/UI/UIManager.prefab
  artifactKey: Guid(cf58ca26d69faf147be346f41138d592) Importer(815301076,1909f56bfc062723c751e8b465ee728b)
Start importing Assets/Prefabs/UI/UIManager.prefab using Guid(cf58ca26d69faf147be346f41138d592) Importer(815301076,1909f56bfc062723c751e8b465ee728b) (PreviewImporter) -> (artifact id: '27f7b719b15ba5f1f3ad2c3ffcc149ad') in 0.001527 seconds
Number of updated asset objects reloaded before import = 0Number of asset objects unloaded after import = 7

========================================================================
Received Import Request.
  Time since last request: 0.171216 seconds.
  path: Assets/Prefabs/UI/UIManager.prefab
  artifactKey: Guid(cf58ca26d69faf147be346f41138d592) Importer(815301076,1909f56bfc062723c751e8b465ee728b)
Start importing Assets/Prefabs/UI/UIManager.prefab using Guid(cf58ca26d69faf147be346f41138d592) Importer(815301076,1909f56bfc062723c751e8b465ee728b) (PreviewImporter) -> (artifact id: 'ec8f73c038305bfe0b692b70564e1c5b') in 0.0016019 seconds
Number of updated asset objects reloaded before import = 0Number of asset objects unloaded after import = 7

========================================================================
Received Import Request.
  Time since last request: 0.577122 seconds.
  path: Assets/Prefabs/UI/UIManager.prefab
  artifactKey: Guid(cf58ca26d69faf147be346f41138d592) Importer(815301076,1909f56bfc062723c751e8b465ee728b)
Start importing Assets/Prefabs/UI/UIManager.prefab using Guid(cf58ca26d69faf147be346f41138d592) Importer(815301076,1909f56bfc062723c751e8b465ee728b) (PreviewImporter) -> (artifact id: '4895d6756f2a0b11ada75fdac749b0f6') in 0.0015657 seconds
Number of updated asset objects reloaded before import = 0Number of asset objects unloaded after import = 7

========================================================================
Received Import Request.
  Time since last request: 0.170682 seconds.
  path: Assets/Prefabs/UI/UIManager.prefab
  artifactKey: Guid(cf58ca26d69faf147be346f41138d592) Importer(815301076,1909f56bfc062723c751e8b465ee728b)
Start importing Assets/Prefabs/UI/UIManager.prefab using Guid(cf58ca26d69faf147be346f41138d592) Importer(815301076,1909f56bfc062723c751e8b465ee728b) (PreviewImporter) -> (artifact id: '87903f027595d8da2f8aa0d896e178e1') in 0.0015893 seconds
Number of updated asset objects reloaded before import = 0Number of asset objects unloaded after import = 7

========================================================================
Received Import Request.
  Time since last request: 0.377812 seconds.
  path: Assets/Prefabs/UI/UIManager.prefab
  artifactKey: Guid(cf58ca26d69faf147be346f41138d592) Importer(815301076,1909f56bfc062723c751e8b465ee728b)
Start importing Assets/Prefabs/UI/UIManager.prefab using Guid(cf58ca26d69faf147be346f41138d592) Importer(815301076,1909f56bfc062723c751e8b465ee728b) (PreviewImporter) -> (artifact id: '2e0fb474b1881d7e8129f59beab41cbc') in 0.0015486 seconds
Number of updated asset objects reloaded before import = 0Number of asset objects unloaded after import = 7

========================================================================
Received Import Request.
  Time since last request: 0.176394 seconds.
  path: Assets/Prefabs/UI/UIManager.prefab
  artifactKey: Guid(cf58ca26d69faf147be346f41138d592) Importer(815301076,1909f56bfc062723c751e8b465ee728b)
Start importing Assets/Prefabs/UI/UIManager.prefab using Guid(cf58ca26d69faf147be346f41138d592) Importer(815301076,1909f56bfc062723c751e8b465ee728b) (PreviewImporter) -> (artifact id: '67445e2fe6178870707c5ffbd1699fde') in 0.0016523 seconds
Number of updated asset objects reloaded before import = 0Number of asset objects unloaded after import = 7

========================================================================
Received Import Request.
  Time since last request: 2.592556 seconds.
  path: Assets/Prefabs/UI/UIManager.prefab
  artifactKey: Guid(cf58ca26d69faf147be346f41138d592) Importer(815301076,1909f56bfc062723c751e8b465ee728b)
Start importing Assets/Prefabs/UI/UIManager.prefab using Guid(cf58ca26d69faf147be346f41138d592) Importer(815301076,1909f56bfc062723c751e8b465ee728b) (PreviewImporter) -> (artifact id: '76acf1db942e680b26e68bd199b634eb') in 0.0015423 seconds
Number of updated asset objects reloaded before import = 0Number of asset objects unloaded after import = 7

========================================================================
Received Import Request.
  Time since last request: 3.722497 seconds.
  path: Assets/Prefabs/UI/UIManager.prefab
  artifactKey: Guid(cf58ca26d69faf147be346f41138d592) Importer(815301076,1909f56bfc062723c751e8b465ee728b)
Start importing Assets/Prefabs/UI/UIManager.prefab using Guid(cf58ca26d69faf147be346f41138d592) Importer(815301076,1909f56bfc062723c751e8b465ee728b) (PreviewImporter) -> (artifact id: '90b0f0363050ba61a01d613d074d6a72') in 0.0015421 seconds
Number of updated asset objects reloaded before import = 0Number of asset objects unloaded after import = 7

========================================================================
Received Import Request.
  Time since last request: 1.170520 seconds.
  path: Assets/Prefabs/UI/UIManager.prefab
  artifactKey: Guid(cf58ca26d69faf147be346f41138d592) Importer(815301076,1909f56bfc062723c751e8b465ee728b)
Start importing Assets/Prefabs/UI/UIManager.prefab using Guid(cf58ca26d69faf147be346f41138d592) Importer(815301076,1909f56bfc062723c751e8b465ee728b) (PreviewImporter) -> (artifact id: '0e7f6ade6cf4269e94684b9df38cc780') in 0.0015218 seconds
Number of updated asset objects reloaded before import = 0Number of asset objects unloaded after import = 7

========================================================================
Received Import Request.
  Time since last request: 0.779583 seconds.
  path: Assets/Prefabs/UI/UIManager.prefab
  artifactKey: Guid(cf58ca26d69faf147be346f41138d592) Importer(815301076,1909f56bfc062723c751e8b465ee728b)
Start importing Assets/Prefabs/UI/UIManager.prefab using Guid(cf58ca26d69faf147be346f41138d592) Importer(815301076,1909f56bfc062723c751e8b465ee728b) (PreviewImporter) -> (artifact id: 'e1f0c421ed962c6d93f0379cc637e8d3') in 0.001492 seconds
Number of updated asset objects reloaded before import = 0Number of asset objects unloaded after import = 7

========================================================================
Received Import Request.
  Time since last request: 0.174898 seconds.
  path: Assets/Prefabs/UI/UIManager.prefab
  artifactKey: Guid(cf58ca26d69faf147be346f41138d592) Importer(815301076,1909f56bfc062723c751e8b465ee728b)
Start importing Assets/Prefabs/UI/UIManager.prefab using Guid(cf58ca26d69faf147be346f41138d592) Importer(815301076,1909f56bfc062723c751e8b465ee728b) (PreviewImporter) -> (artifact id: '836e177b0541a8a2a5b62846bc464e4e') in 0.0015362 seconds
Number of updated asset objects reloaded before import = 0Number of asset objects unloaded after import = 7

========================================================================
Received Import Request.
  Time since last request: 0.173128 seconds.
  path: Assets/Prefabs/UI/UIManager.prefab
  artifactKey: Guid(cf58ca26d69faf147be346f41138d592) Importer(815301076,1909f56bfc062723c751e8b465ee728b)
Start importing Assets/Prefabs/UI/UIManager.prefab using Guid(cf58ca26d69faf147be346f41138d592) Importer(815301076,1909f56bfc062723c751e8b465ee728b) (PreviewImporter) -> (artifact id: '88ac628ce809ad74b0d63fb823db9ffc') in 0.001518 seconds
Number of updated asset objects reloaded before import = 0Number of asset objects unloaded after import = 7

========================================================================
Received Import Request.
  Time since last request: 1.600246 seconds.
  path: Assets/Prefabs/UI/UIManager.prefab
  artifactKey: Guid(cf58ca26d69faf147be346f41138d592) Importer(815301076,1909f56bfc062723c751e8b465ee728b)
Start importing Assets/Prefabs/UI/UIManager.prefab using Guid(cf58ca26d69faf147be346f41138d592) Importer(815301076,1909f56bfc062723c751e8b465ee728b) (PreviewImporter) -> (artifact id: '7ba32ea387104f4e9a2cda43f2f00e7f') in 0.001522 seconds
Number of updated asset objects reloaded before import = 0Number of asset objects unloaded after import = 7

========================================================================
Received Import Request.
  Time since last request: 1.179960 seconds.
  path: Assets/Prefabs/UI/UIManager.prefab
  artifactKey: Guid(cf58ca26d69faf147be346f41138d592) Importer(815301076,1909f56bfc062723c751e8b465ee728b)
Start importing Assets/Prefabs/UI/UIManager.prefab using Guid(cf58ca26d69faf147be346f41138d592) Importer(815301076,1909f56bfc062723c751e8b465ee728b) (PreviewImporter) -> (artifact id: '1c5c7341a2b35470c3a8ecc3aa4d2591') in 0.0015385 seconds
Number of updated asset objects reloaded before import = 0Number of asset objects unloaded after import = 7

========================================================================
Received Import Request.
  Time since last request: 0.574166 seconds.
  path: Assets/Prefabs/UI/UIManager.prefab
  artifactKey: Guid(cf58ca26d69faf147be346f41138d592) Importer(815301076,1909f56bfc062723c751e8b465ee728b)
Start importing Assets/Prefabs/UI/UIManager.prefab using Guid(cf58ca26d69faf147be346f41138d592) Importer(815301076,1909f56bfc062723c751e8b465ee728b) (PreviewImporter) -> (artifact id: 'a03adee0f8a60317cf30500f9340b593') in 0.0019384 seconds
Number of updated asset objects reloaded before import = 0Number of asset objects unloaded after import = 7

========================================================================
Received Import Request.
  Time since last request: 2.666471 seconds.
  path: Assets/Prefabs/UI/UIManager.prefab
  artifactKey: Guid(cf58ca26d69faf147be346f41138d592) Importer(815301076,1909f56bfc062723c751e8b465ee728b)
Start importing Assets/Prefabs/UI/UIManager.prefab using Guid(cf58ca26d69faf147be346f41138d592) Importer(815301076,1909f56bfc062723c751e8b465ee728b) (PreviewImporter) -> (artifact id: 'fb9077c816a15ab0a0efa2d97cc2bc59') in 0.0015812 seconds
Number of updated asset objects reloaded before import = 0Number of asset objects unloaded after import = 7

========================================================================
Received Import Request.
  Time since last request: 1.603319 seconds.
  path: Assets/Prefabs/UI/UIManager.prefab
  artifactKey: Guid(cf58ca26d69faf147be346f41138d592) Importer(815301076,1909f56bfc062723c751e8b465ee728b)
Start importing Assets/Prefabs/UI/UIManager.prefab using Guid(cf58ca26d69faf147be346f41138d592) Importer(815301076,1909f56bfc062723c751e8b465ee728b) (PreviewImporter) -> (artifact id: 'f312e6e87f2458c957a6a72d9d886338') in 0.0016591 seconds
Number of updated asset objects reloaded before import = 0Number of asset objects unloaded after import = 7

========================================================================
Received Import Request.
  Time since last request: 0.173235 seconds.
  path: Assets/Prefabs/UI/UIManager.prefab
  artifactKey: Guid(cf58ca26d69faf147be346f41138d592) Importer(815301076,1909f56bfc062723c751e8b465ee728b)
Start importing Assets/Prefabs/UI/UIManager.prefab using Guid(cf58ca26d69faf147be346f41138d592) Importer(815301076,1909f56bfc062723c751e8b465ee728b) (PreviewImporter) -> (artifact id: 'a2966481aca2fc21db4d8f1c5c211ba6') in 0.001651 seconds
Number of updated asset objects reloaded before import = 0Number of asset objects unloaded after import = 7

========================================================================
Received Import Request.
  Time since last request: 0.172393 seconds.
  path: Assets/Prefabs/UI/UIManager.prefab
  artifactKey: Guid(cf58ca26d69faf147be346f41138d592) Importer(815301076,1909f56bfc062723c751e8b465ee728b)
Start importing Assets/Prefabs/UI/UIManager.prefab using Guid(cf58ca26d69faf147be346f41138d592) Importer(815301076,1909f56bfc062723c751e8b465ee728b) (PreviewImporter) -> (artifact id: '234df39e8a25fb4b008c602ab273a226') in 0.0015848 seconds
Number of updated asset objects reloaded before import = 0Number of asset objects unloaded after import = 7

========================================================================
Received Import Request.
  Time since last request: 0.171212 seconds.
  path: Assets/Prefabs/UI/UIManager.prefab
  artifactKey: Guid(cf58ca26d69faf147be346f41138d592) Importer(815301076,1909f56bfc062723c751e8b465ee728b)
Start importing Assets/Prefabs/UI/UIManager.prefab using Guid(cf58ca26d69faf147be346f41138d592) Importer(815301076,1909f56bfc062723c751e8b465ee728b) (PreviewImporter) -> (artifact id: '993d88220467dda51320ae8297755b36') in 0.0017017 seconds
Number of updated asset objects reloaded before import = 0Number of asset objects unloaded after import = 7

========================================================================
Received Import Request.
  Time since last request: 0.175203 seconds.
  path: Assets/Prefabs/UI/UIManager.prefab
  artifactKey: Guid(cf58ca26d69faf147be346f41138d592) Importer(815301076,1909f56bfc062723c751e8b465ee728b)
Start importing Assets/Prefabs/UI/UIManager.prefab using Guid(cf58ca26d69faf147be346f41138d592) Importer(815301076,1909f56bfc062723c751e8b465ee728b) (PreviewImporter) -> (artifact id: 'f182b2e467414a95edeb60989687a97f') in 0.0016171 seconds
Number of updated asset objects reloaded before import = 0Number of asset objects unloaded after import = 7

========================================================================
Received Import Request.
  Time since last request: 0.390777 seconds.
  path: Assets/Prefabs/UI/UIManager.prefab
  artifactKey: Guid(cf58ca26d69faf147be346f41138d592) Importer(815301076,1909f56bfc062723c751e8b465ee728b)
Start importing Assets/Prefabs/UI/UIManager.prefab using Guid(cf58ca26d69faf147be346f41138d592) Importer(815301076,1909f56bfc062723c751e8b465ee728b) (PreviewImporter) -> (artifact id: '3cb684b8c14ee5240ae5abfc104313f7') in 0.0015793 seconds
Number of updated asset objects reloaded before import = 0Number of asset objects unloaded after import = 7

========================================================================
Received Import Request.
  Time since last request: 0.143117 seconds.
  path: Assets/Prefabs/UI/UIManager.prefab
  artifactKey: Guid(cf58ca26d69faf147be346f41138d592) Importer(815301076,1909f56bfc062723c751e8b465ee728b)
Start importing Assets/Prefabs/UI/UIManager.prefab using Guid(cf58ca26d69faf147be346f41138d592) Importer(815301076,1909f56bfc062723c751e8b465ee728b) (PreviewImporter) -> (artifact id: '9d880035a35cd0c3ace432e9288cf65f') in 0.0017938 seconds
Number of updated asset objects reloaded before import = 0Number of asset objects unloaded after import = 7

========================================================================
Received Import Request.
  Time since last request: 0.174906 seconds.
  path: Assets/Prefabs/UI/UIManager.prefab
  artifactKey: Guid(cf58ca26d69faf147be346f41138d592) Importer(815301076,1909f56bfc062723c751e8b465ee728b)
Start importing Assets/Prefabs/UI/UIManager.prefab using Guid(cf58ca26d69faf147be346f41138d592) Importer(815301076,1909f56bfc062723c751e8b465ee728b) (PreviewImporter) -> (artifact id: '03a75e01a49128ebef74290d8e2a3e79') in 0.0016144 seconds
Number of updated asset objects reloaded before import = 0Number of asset objects unloaded after import = 7

========================================================================
Received Import Request.
  Time since last request: 0.171674 seconds.
  path: Assets/Prefabs/UI/UIManager.prefab
  artifactKey: Guid(cf58ca26d69faf147be346f41138d592) Importer(815301076,1909f56bfc062723c751e8b465ee728b)
Start importing Assets/Prefabs/UI/UIManager.prefab using Guid(cf58ca26d69faf147be346f41138d592) Importer(815301076,1909f56bfc062723c751e8b465ee728b) (PreviewImporter) -> (artifact id: '6cde699b129761ab52042473d4331182') in 0.0014976 seconds
Number of updated asset objects reloaded before import = 0Number of asset objects unloaded after import = 7

========================================================================
Received Import Request.
  Time since last request: 0.176368 seconds.
  path: Assets/Prefabs/UI/UIManager.prefab
  artifactKey: Guid(cf58ca26d69faf147be346f41138d592) Importer(815301076,1909f56bfc062723c751e8b465ee728b)
Start importing Assets/Prefabs/UI/UIManager.prefab using Guid(cf58ca26d69faf147be346f41138d592) Importer(815301076,1909f56bfc062723c751e8b465ee728b) (PreviewImporter) -> (artifact id: '8d0c6be27dc519683f8d4b94417b370d') in 0.0015284 seconds
Number of updated asset objects reloaded before import = 0Number of asset objects unloaded after import = 7

========================================================================
Received Import Request.
  Time since last request: 0.177868 seconds.
  path: Assets/Prefabs/UI/UIManager.prefab
  artifactKey: Guid(cf58ca26d69faf147be346f41138d592) Importer(815301076,1909f56bfc062723c751e8b465ee728b)
Start importing Assets/Prefabs/UI/UIManager.prefab using Guid(cf58ca26d69faf147be346f41138d592) Importer(815301076,1909f56bfc062723c751e8b465ee728b) (PreviewImporter) -> (artifact id: '638b62409a4e846c729707ea5c0ca710') in 0.0016382 seconds
Number of updated asset objects reloaded before import = 0Number of asset objects unloaded after import = 7

========================================================================
Received Import Request.
  Time since last request: 0.178485 seconds.
  path: Assets/Prefabs/UI/UIManager.prefab
  artifactKey: Guid(cf58ca26d69faf147be346f41138d592) Importer(815301076,1909f56bfc062723c751e8b465ee728b)
Start importing Assets/Prefabs/UI/UIManager.prefab using Guid(cf58ca26d69faf147be346f41138d592) Importer(815301076,1909f56bfc062723c751e8b465ee728b) (PreviewImporter) -> (artifact id: 'ecf73c2a6730dcab7bbe95a8877c6946') in 0.0015933 seconds
Number of updated asset objects reloaded before import = 0Number of asset objects unloaded after import = 7

========================================================================
Received Import Request.
  Time since last request: 1.180292 seconds.
  path: Assets/Prefabs/UI/UIManager.prefab
  artifactKey: Guid(cf58ca26d69faf147be346f41138d592) Importer(815301076,1909f56bfc062723c751e8b465ee728b)
Start importing Assets/Prefabs/UI/UIManager.prefab using Guid(cf58ca26d69faf147be346f41138d592) Importer(815301076,1909f56bfc062723c751e8b465ee728b) (PreviewImporter) -> (artifact id: '7f4f54c11186036ac00a762d54bcea01') in 0.0015387 seconds
Number of updated asset objects reloaded before import = 0Number of asset objects unloaded after import = 7

========================================================================
Received Import Request.
  Time since last request: 3.534487 seconds.
  path: Assets/Prefabs/UI/UIManager.prefab
  artifactKey: Guid(cf58ca26d69faf147be346f41138d592) Importer(815301076,1909f56bfc062723c751e8b465ee728b)
Start importing Assets/Prefabs/UI/UIManager.prefab using Guid(cf58ca26d69faf147be346f41138d592) Importer(815301076,1909f56bfc062723c751e8b465ee728b) (PreviewImporter) -> (artifact id: '6435cf65e7551a001d22826210d61564') in 0.0015446 seconds
Number of updated asset objects reloaded before import = 0Number of asset objects unloaded after import = 7

========================================================================
Received Import Request.
  Time since last request: 1.172627 seconds.
  path: Assets/Prefabs/UI/UIManager.prefab
  artifactKey: Guid(cf58ca26d69faf147be346f41138d592) Importer(815301076,1909f56bfc062723c751e8b465ee728b)
Start importing Assets/Prefabs/UI/UIManager.prefab using Guid(cf58ca26d69faf147be346f41138d592) Importer(815301076,1909f56bfc062723c751e8b465ee728b) (PreviewImporter) -> (artifact id: '096a0e855a1e21b7818791a1f17abd5c') in 0.001508 seconds
Number of updated asset objects reloaded before import = 0Number of asset objects unloaded after import = 7

========================================================================
Received Import Request.
  Time since last request: 0.571509 seconds.
  path: Assets/Prefabs/UI/UIManager.prefab
  artifactKey: Guid(cf58ca26d69faf147be346f41138d592) Importer(815301076,1909f56bfc062723c751e8b465ee728b)
Start importing Assets/Prefabs/UI/UIManager.prefab using Guid(cf58ca26d69faf147be346f41138d592) Importer(815301076,1909f56bfc062723c751e8b465ee728b) (PreviewImporter) -> (artifact id: 'baa2b47f1ed09531196455b3e4ebe6b3') in 0.0016245 seconds
Number of updated asset objects reloaded before import = 0Number of asset objects unloaded after import = 7

========================================================================
Received Import Request.
  Time since last request: 0.174455 seconds.
  path: Assets/Prefabs/UI/UIManager.prefab
  artifactKey: Guid(cf58ca26d69faf147be346f41138d592) Importer(815301076,1909f56bfc062723c751e8b465ee728b)
Start importing Assets/Prefabs/UI/UIManager.prefab using Guid(cf58ca26d69faf147be346f41138d592) Importer(815301076,1909f56bfc062723c751e8b465ee728b) (PreviewImporter) -> (artifact id: 'fb21279e5a33c93680482564e40ac8dc') in 0.0016597 seconds
Number of updated asset objects reloaded before import = 0Number of asset objects unloaded after import = 7

========================================================================
Received Import Request.
  Time since last request: 0.172691 seconds.
  path: Assets/Prefabs/UI/UIManager.prefab
  artifactKey: Guid(cf58ca26d69faf147be346f41138d592) Importer(815301076,1909f56bfc062723c751e8b465ee728b)
Start importing Assets/Prefabs/UI/UIManager.prefab using Guid(cf58ca26d69faf147be346f41138d592) Importer(815301076,1909f56bfc062723c751e8b465ee728b) (PreviewImporter) -> (artifact id: 'f2a6cfce8a39157d7bba2b74ad148930') in 0.0015686 seconds
Number of updated asset objects reloaded before import = 0Number of asset objects unloaded after import = 7

========================================================================
Received Import Request.
  Time since last request: 0.171927 seconds.
  path: Assets/Prefabs/UI/UIManager.prefab
  artifactKey: Guid(cf58ca26d69faf147be346f41138d592) Importer(815301076,1909f56bfc062723c751e8b465ee728b)
Start importing Assets/Prefabs/UI/UIManager.prefab using Guid(cf58ca26d69faf147be346f41138d592) Importer(815301076,1909f56bfc062723c751e8b465ee728b) (PreviewImporter) -> (artifact id: '7065558b9715dd3525f1fd3ee7732d82') in 0.0015291 seconds
Number of updated asset objects reloaded before import = 0Number of asset objects unloaded after import = 7

========================================================================
Received Import Request.
  Time since last request: 0.173581 seconds.
  path: Assets/Prefabs/UI/UIManager.prefab
  artifactKey: Guid(cf58ca26d69faf147be346f41138d592) Importer(815301076,1909f56bfc062723c751e8b465ee728b)
Start importing Assets/Prefabs/UI/UIManager.prefab using Guid(cf58ca26d69faf147be346f41138d592) Importer(815301076,1909f56bfc062723c751e8b465ee728b) (PreviewImporter) -> (artifact id: '7dfa2466ef97f8962790786898cd41e6') in 0.001498 seconds
Number of updated asset objects reloaded before import = 0Number of asset objects unloaded after import = 7

========================================================================
Received Import Request.
  Time since last request: 0.175915 seconds.
  path: Assets/Prefabs/UI/UIManager.prefab
  artifactKey: Guid(cf58ca26d69faf147be346f41138d592) Importer(815301076,1909f56bfc062723c751e8b465ee728b)
Start importing Assets/Prefabs/UI/UIManager.prefab using Guid(cf58ca26d69faf147be346f41138d592) Importer(815301076,1909f56bfc062723c751e8b465ee728b) (PreviewImporter) -> (artifact id: 'a894e10971b7c4c66d7b97008ed676f9') in 0.0016225 seconds
Number of updated asset objects reloaded before import = 0Number of asset objects unloaded after import = 7

========================================================================
Received Import Request.
  Time since last request: 0.171863 seconds.
  path: Assets/Prefabs/UI/UIManager.prefab
  artifactKey: Guid(cf58ca26d69faf147be346f41138d592) Importer(815301076,1909f56bfc062723c751e8b465ee728b)
Start importing Assets/Prefabs/UI/UIManager.prefab using Guid(cf58ca26d69faf147be346f41138d592) Importer(815301076,1909f56bfc062723c751e8b465ee728b) (PreviewImporter) -> (artifact id: '7b0f0bb84ca0927682c306de62f3118f') in 0.0017628 seconds
Number of updated asset objects reloaded before import = 0Number of asset objects unloaded after import = 7

========================================================================
Received Import Request.
  Time since last request: 1.584345 seconds.
  path: Assets/Prefabs/UI/UIManager.prefab
  artifactKey: Guid(cf58ca26d69faf147be346f41138d592) Importer(815301076,1909f56bfc062723c751e8b465ee728b)
Start importing Assets/Prefabs/UI/UIManager.prefab using Guid(cf58ca26d69faf147be346f41138d592) Importer(815301076,1909f56bfc062723c751e8b465ee728b) (PreviewImporter) -> (artifact id: '442f0dd3af31f574f11b97f640ac7367') in 0.0015754 seconds
Number of updated asset objects reloaded before import = 0Number of asset objects unloaded after import = 7

========================================================================
Received Import Request.
  Time since last request: 2.753765 seconds.
  path: Assets/Prefabs/UI/UIManager.prefab
  artifactKey: Guid(cf58ca26d69faf147be346f41138d592) Importer(815301076,1909f56bfc062723c751e8b465ee728b)
Start importing Assets/Prefabs/UI/UIManager.prefab using Guid(cf58ca26d69faf147be346f41138d592) Importer(815301076,1909f56bfc062723c751e8b465ee728b) (PreviewImporter) -> (artifact id: '2b527af666b38ddec86815f54295c634') in 0.0015737 seconds
Number of updated asset objects reloaded before import = 0Number of asset objects unloaded after import = 7

========================================================================
Received Import Request.
  Time since last request: 3.400047 seconds.
  path: Assets/Prefabs/UI/UIManager.prefab
  artifactKey: Guid(cf58ca26d69faf147be346f41138d592) Importer(815301076,1909f56bfc062723c751e8b465ee728b)
Start importing Assets/Prefabs/UI/UIManager.prefab using Guid(cf58ca26d69faf147be346f41138d592) Importer(815301076,1909f56bfc062723c751e8b465ee728b) (PreviewImporter) -> (artifact id: 'cb915986ce33f4dde3aa744f3b10118e') in 0.0016193 seconds
Number of updated asset objects reloaded before import = 0Number of asset objects unloaded after import = 7

========================================================================
Received Import Request.
  Time since last request: 0.169989 seconds.
  path: Assets/Prefabs/UI/UIManager.prefab
  artifactKey: Guid(cf58ca26d69faf147be346f41138d592) Importer(815301076,1909f56bfc062723c751e8b465ee728b)
Start importing Assets/Prefabs/UI/UIManager.prefab using Guid(cf58ca26d69faf147be346f41138d592) Importer(815301076,1909f56bfc062723c751e8b465ee728b) (PreviewImporter) -> (artifact id: 'b996be6aa5a886d45dd633be3c544a6a') in 0.0014892 seconds
Number of updated asset objects reloaded before import = 0Number of asset objects unloaded after import = 7

========================================================================
Received Import Request.
  Time since last request: 0.177359 seconds.
  path: Assets/Prefabs/UI/UIManager.prefab
  artifactKey: Guid(cf58ca26d69faf147be346f41138d592) Importer(815301076,1909f56bfc062723c751e8b465ee728b)
Start importing Assets/Prefabs/UI/UIManager.prefab using Guid(cf58ca26d69faf147be346f41138d592) Importer(815301076,1909f56bfc062723c751e8b465ee728b) (PreviewImporter) -> (artifact id: '0bef0ed8a5c2de5dd9eae552c7397d93') in 0.0015147 seconds
Number of updated asset objects reloaded before import = 0Number of asset objects unloaded after import = 7

========================================================================
Received Import Request.
  Time since last request: 0.577527 seconds.
  path: Assets/Prefabs/UI/UIManager.prefab
  artifactKey: Guid(cf58ca26d69faf147be346f41138d592) Importer(815301076,1909f56bfc062723c751e8b465ee728b)
Start importing Assets/Prefabs/UI/UIManager.prefab using Guid(cf58ca26d69faf147be346f41138d592) Importer(815301076,1909f56bfc062723c751e8b465ee728b) (PreviewImporter) -> (artifact id: '63e6dd6295761e46ae3db1fc331562df') in 0.0016239 seconds
Number of updated asset objects reloaded before import = 0Number of asset objects unloaded after import = 7

========================================================================
Received Import Request.
  Time since last request: 0.379383 seconds.
  path: Assets/Prefabs/UI/UIManager.prefab
  artifactKey: Guid(cf58ca26d69faf147be346f41138d592) Importer(815301076,1909f56bfc062723c751e8b465ee728b)
Start importing Assets/Prefabs/UI/UIManager.prefab using Guid(cf58ca26d69faf147be346f41138d592) Importer(815301076,1909f56bfc062723c751e8b465ee728b) (PreviewImporter) -> (artifact id: '9a4132853e4ef362bc8e0d454f8368e4') in 0.0014955 seconds
Number of updated asset objects reloaded before import = 0Number of asset objects unloaded after import = 7

========================================================================
Received Import Request.
  Time since last request: 0.203601 seconds.
  path: Assets/Prefabs/UI/UIManager.prefab
  artifactKey: Guid(cf58ca26d69faf147be346f41138d592) Importer(815301076,1909f56bfc062723c751e8b465ee728b)
Start importing Assets/Prefabs/UI/UIManager.prefab using Guid(cf58ca26d69faf147be346f41138d592) Importer(815301076,1909f56bfc062723c751e8b465ee728b) (PreviewImporter) -> (artifact id: 'e6b4959e21b840c58e99a688d4ed3e93') in 0.0016558 seconds
Number of updated asset objects reloaded before import = 0Number of asset objects unloaded after import = 7

========================================================================
Received Import Request.
  Time since last request: 0.549243 seconds.
  path: Assets/Prefabs/UI/UIManager.prefab
  artifactKey: Guid(cf58ca26d69faf147be346f41138d592) Importer(815301076,1909f56bfc062723c751e8b465ee728b)
Start importing Assets/Prefabs/UI/UIManager.prefab using Guid(cf58ca26d69faf147be346f41138d592) Importer(815301076,1909f56bfc062723c751e8b465ee728b) (PreviewImporter) -> (artifact id: '8e7a9b08f27417b5399cb50370bbab52') in 0.0014844 seconds
Number of updated asset objects reloaded before import = 0Number of asset objects unloaded after import = 7

========================================================================
Received Import Request.
  Time since last request: 1.593739 seconds.
  path: Assets/Prefabs/UI/UIManager.prefab
  artifactKey: Guid(cf58ca26d69faf147be346f41138d592) Importer(815301076,1909f56bfc062723c751e8b465ee728b)
Start importing Assets/Prefabs/UI/UIManager.prefab using Guid(cf58ca26d69faf147be346f41138d592) Importer(815301076,1909f56bfc062723c751e8b465ee728b) (PreviewImporter) -> (artifact id: '7bbc826bdd5a69974f562aa11a24c3ab') in 0.0015369 seconds
Number of updated asset objects reloaded before import = 0Number of asset objects unloaded after import = 7

========================================================================
Received Import Request.
  Time since last request: 3.727841 seconds.
  path: Assets/Prefabs/UI/UIManager.prefab
  artifactKey: Guid(cf58ca26d69faf147be346f41138d592) Importer(815301076,1909f56bfc062723c751e8b465ee728b)
Start importing Assets/Prefabs/UI/UIManager.prefab using Guid(cf58ca26d69faf147be346f41138d592) Importer(815301076,1909f56bfc062723c751e8b465ee728b) (PreviewImporter) -> (artifact id: '71020e3277e9faec4ffb5d1291baf332') in 0.0016515 seconds
Number of updated asset objects reloaded before import = 0Number of asset objects unloaded after import = 7

========================================================================
Received Import Request.
  Time since last request: 1.175722 seconds.
  path: Assets/Prefabs/UI/UIManager.prefab
  artifactKey: Guid(cf58ca26d69faf147be346f41138d592) Importer(815301076,1909f56bfc062723c751e8b465ee728b)
Start importing Assets/Prefabs/UI/UIManager.prefab using Guid(cf58ca26d69faf147be346f41138d592) Importer(815301076,1909f56bfc062723c751e8b465ee728b) (PreviewImporter) -> (artifact id: 'c69f6df3d29b0343ab08be71a8842a5e') in 0.0015124 seconds
Number of updated asset objects reloaded before import = 0Number of asset objects unloaded after import = 7

========================================================================
Received Import Request.
  Time since last request: 0.575994 seconds.
  path: Assets/Prefabs/UI/UIManager.prefab
  artifactKey: Guid(cf58ca26d69faf147be346f41138d592) Importer(815301076,1909f56bfc062723c751e8b465ee728b)
Start importing Assets/Prefabs/UI/UIManager.prefab using Guid(cf58ca26d69faf147be346f41138d592) Importer(815301076,1909f56bfc062723c751e8b465ee728b) (PreviewImporter) -> (artifact id: '214278ce2067ee2ee40ac22cfb2d0afb') in 0.0030509 seconds
Number of updated asset objects reloaded before import = 0Number of asset objects unloaded after import = 7

========================================================================
Received Import Request.
  Time since last request: 0.370588 seconds.
  path: Assets/Prefabs/UI/UIManager.prefab
  artifactKey: Guid(cf58ca26d69faf147be346f41138d592) Importer(815301076,1909f56bfc062723c751e8b465ee728b)
Start importing Assets/Prefabs/UI/UIManager.prefab using Guid(cf58ca26d69faf147be346f41138d592) Importer(815301076,1909f56bfc062723c751e8b465ee728b) (PreviewImporter) -> (artifact id: '4a339c8687907befedfdc5dde8580c1e') in 0.0017173 seconds
Number of updated asset objects reloaded before import = 0Number of asset objects unloaded after import = 7

========================================================================
Received Import Request.
  Time since last request: 0.170775 seconds.
  path: Assets/Prefabs/UI/UIManager.prefab
  artifactKey: Guid(cf58ca26d69faf147be346f41138d592) Importer(815301076,1909f56bfc062723c751e8b465ee728b)
Start importing Assets/Prefabs/UI/UIManager.prefab using Guid(cf58ca26d69faf147be346f41138d592) Importer(815301076,1909f56bfc062723c751e8b465ee728b) (PreviewImporter) -> (artifact id: 'e436c782787fd28449de35685133533d') in 0.0015087 seconds
Number of updated asset objects reloaded before import = 0Number of asset objects unloaded after import = 7

========================================================================
Received Import Request.
  Time since last request: 0.176346 seconds.
  path: Assets/Prefabs/UI/UIManager.prefab
  artifactKey: Guid(cf58ca26d69faf147be346f41138d592) Importer(815301076,1909f56bfc062723c751e8b465ee728b)
Start importing Assets/Prefabs/UI/UIManager.prefab using Guid(cf58ca26d69faf147be346f41138d592) Importer(815301076,1909f56bfc062723c751e8b465ee728b) (PreviewImporter) -> (artifact id: '400dc6346d6968ed1b9cb31fb635f3dc') in 0.0015285 seconds
Number of updated asset objects reloaded before import = 0Number of asset objects unloaded after import = 7

========================================================================
Received Import Request.
  Time since last request: 0.173632 seconds.
  path: Assets/Prefabs/UI/UIManager.prefab
  artifactKey: Guid(cf58ca26d69faf147be346f41138d592) Importer(815301076,1909f56bfc062723c751e8b465ee728b)
Start importing Assets/Prefabs/UI/UIManager.prefab using Guid(cf58ca26d69faf147be346f41138d592) Importer(815301076,1909f56bfc062723c751e8b465ee728b) (PreviewImporter) -> (artifact id: '2969676f49ed39f15dd77f490ad661d1') in 0.0014974 seconds
Number of updated asset objects reloaded before import = 0Number of asset objects unloaded after import = 7

========================================================================
Received Import Request.
  Time since last request: 0.779349 seconds.
  path: Assets/Prefabs/UI/UIManager.prefab
  artifactKey: Guid(cf58ca26d69faf147be346f41138d592) Importer(815301076,1909f56bfc062723c751e8b465ee728b)
Start importing Assets/Prefabs/UI/UIManager.prefab using Guid(cf58ca26d69faf147be346f41138d592) Importer(815301076,1909f56bfc062723c751e8b465ee728b) (PreviewImporter) -> (artifact id: 'bf3684738e6606d5b99d82fdca09791d') in 0.0016585 seconds
Number of updated asset objects reloaded before import = 0Number of asset objects unloaded after import = 7

========================================================================
Received Import Request.
  Time since last request: 1.789257 seconds.
  path: Assets/Prefabs/UI/UIManager.prefab
  artifactKey: Guid(cf58ca26d69faf147be346f41138d592) Importer(815301076,1909f56bfc062723c751e8b465ee728b)
Start importing Assets/Prefabs/UI/UIManager.prefab using Guid(cf58ca26d69faf147be346f41138d592) Importer(815301076,1909f56bfc062723c751e8b465ee728b) (PreviewImporter) -> (artifact id: '38b27df7388ae66f48187bf47a1f8497') in 0.0016251 seconds
Number of updated asset objects reloaded before import = 0Number of asset objects unloaded after import = 7

========================================================================
Received Import Request.
  Time since last request: 4.085840 seconds.
  path: Assets/Prefabs/UI/UIManager.prefab
  artifactKey: Guid(cf58ca26d69faf147be346f41138d592) Importer(815301076,1909f56bfc062723c751e8b465ee728b)
Start importing Assets/Prefabs/UI/UIManager.prefab using Guid(cf58ca26d69faf147be346f41138d592) Importer(815301076,1909f56bfc062723c751e8b465ee728b) (PreviewImporter) -> (artifact id: 'fc1ac52850afba8257c2efcbfa358593') in 0.0015016 seconds
Number of updated asset objects reloaded before import = 0Number of asset objects unloaded after import = 7

========================================================================
Received Import Request.
  Time since last request: 3.190304 seconds.
  path: Assets/Prefabs/UI/UIManager.prefab
  artifactKey: Guid(cf58ca26d69faf147be346f41138d592) Importer(815301076,1909f56bfc062723c751e8b465ee728b)
Start importing Assets/Prefabs/UI/UIManager.prefab using Guid(cf58ca26d69faf147be346f41138d592) Importer(815301076,1909f56bfc062723c751e8b465ee728b) (PreviewImporter) -> (artifact id: 'a05a89cf30ac8791e3baa698cf0c5d6c') in 0.0015489 seconds
Number of updated asset objects reloaded before import = 0Number of asset objects unloaded after import = 7

========================================================================
Received Import Request.
  Time since last request: 0.777641 seconds.
  path: Assets/Prefabs/UI/UIManager.prefab
  artifactKey: Guid(cf58ca26d69faf147be346f41138d592) Importer(815301076,1909f56bfc062723c751e8b465ee728b)
Start importing Assets/Prefabs/UI/UIManager.prefab using Guid(cf58ca26d69faf147be346f41138d592) Importer(815301076,1909f56bfc062723c751e8b465ee728b) (PreviewImporter) -> (artifact id: '7aa09ce0c02faf5254b1f92c74a72ada') in 0.0014803 seconds
Number of updated asset objects reloaded before import = 0Number of asset objects unloaded after import = 7

========================================================================
Received Import Request.
  Time since last request: 0.376898 seconds.
  path: Assets/Prefabs/UI/UIManager.prefab
  artifactKey: Guid(cf58ca26d69faf147be346f41138d592) Importer(815301076,1909f56bfc062723c751e8b465ee728b)
Start importing Assets/Prefabs/UI/UIManager.prefab using Guid(cf58ca26d69faf147be346f41138d592) Importer(815301076,1909f56bfc062723c751e8b465ee728b) (PreviewImporter) -> (artifact id: '1cf0b90949b9a792964bc2c2e914ecfe') in 0.0015267 seconds
Number of updated asset objects reloaded before import = 0Number of asset objects unloaded after import = 7

========================================================================
Received Import Request.
  Time since last request: 1.180756 seconds.
  path: Assets/Prefabs/UI/UIManager.prefab
  artifactKey: Guid(cf58ca26d69faf147be346f41138d592) Importer(815301076,1909f56bfc062723c751e8b465ee728b)
Start importing Assets/Prefabs/UI/UIManager.prefab using Guid(cf58ca26d69faf147be346f41138d592) Importer(815301076,1909f56bfc062723c751e8b465ee728b) (PreviewImporter) -> (artifact id: '3a28438a80ac2b01d5803294f61f720c') in 0.0016472 seconds
Number of updated asset objects reloaded before import = 0Number of asset objects unloaded after import = 7

========================================================================
Received Import Request.
  Time since last request: 0.171258 seconds.
  path: Assets/Prefabs/UI/UIManager.prefab
  artifactKey: Guid(cf58ca26d69faf147be346f41138d592) Importer(815301076,1909f56bfc062723c751e8b465ee728b)
Start importing Assets/Prefabs/UI/UIManager.prefab using Guid(cf58ca26d69faf147be346f41138d592) Importer(815301076,1909f56bfc062723c751e8b465ee728b) (PreviewImporter) -> (artifact id: '3f8d20dc15a7266d781aba14739235b0') in 0.001584 seconds
Number of updated asset objects reloaded before import = 0Number of asset objects unloaded after import = 7

========================================================================
Received Import Request.
  Time since last request: 0.375290 seconds.
  path: Assets/Prefabs/UI/UIManager.prefab
  artifactKey: Guid(cf58ca26d69faf147be346f41138d592) Importer(815301076,1909f56bfc062723c751e8b465ee728b)
Start importing Assets/Prefabs/UI/UIManager.prefab using Guid(cf58ca26d69faf147be346f41138d592) Importer(815301076,1909f56bfc062723c751e8b465ee728b) (PreviewImporter) -> (artifact id: '966a884c4227146bce32502c6ba90890') in 0.0015882 seconds
Number of updated asset objects reloaded before import = 0Number of asset objects unloaded after import = 7

========================================================================
Received Import Request.
  Time since last request: 0.394430 seconds.
  path: Assets/Prefabs/UI/UIManager.prefab
  artifactKey: Guid(cf58ca26d69faf147be346f41138d592) Importer(815301076,1909f56bfc062723c751e8b465ee728b)
Start importing Assets/Prefabs/UI/UIManager.prefab using Guid(cf58ca26d69faf147be346f41138d592) Importer(815301076,1909f56bfc062723c751e8b465ee728b) (PreviewImporter) -> (artifact id: '325adc3dbb0e3e77226b80f8c079ae62') in 0.001536 seconds
Number of updated asset objects reloaded before import = 0Number of asset objects unloaded after import = 7

========================================================================
Received Import Request.
  Time since last request: 0.155917 seconds.
  path: Assets/Prefabs/UI/UIManager.prefab
  artifactKey: Guid(cf58ca26d69faf147be346f41138d592) Importer(815301076,1909f56bfc062723c751e8b465ee728b)
Start importing Assets/Prefabs/UI/UIManager.prefab using Guid(cf58ca26d69faf147be346f41138d592) Importer(815301076,1909f56bfc062723c751e8b465ee728b) (PreviewImporter) -> (artifact id: 'df66d1535b4ed696e2e8769ff8bab021') in 0.0015185 seconds
Number of updated asset objects reloaded before import = 0Number of asset objects unloaded after import = 7

========================================================================
Received Import Request.
  Time since last request: 0.178500 seconds.
  path: Assets/Prefabs/UI/UIManager.prefab
  artifactKey: Guid(cf58ca26d69faf147be346f41138d592) Importer(815301076,1909f56bfc062723c751e8b465ee728b)
Start importing Assets/Prefabs/UI/UIManager.prefab using Guid(cf58ca26d69faf147be346f41138d592) Importer(815301076,1909f56bfc062723c751e8b465ee728b) (PreviewImporter) -> (artifact id: 'cca45a72967585f7e58d2c63a0c12e6f') in 0.0016077 seconds
Number of updated asset objects reloaded before import = 0Number of asset objects unloaded after import = 7

========================================================================
Received Import Request.
  Time since last request: 0.167252 seconds.
  path: Assets/Prefabs/UI/UIManager.prefab
  artifactKey: Guid(cf58ca26d69faf147be346f41138d592) Importer(815301076,1909f56bfc062723c751e8b465ee728b)
Start importing Assets/Prefabs/UI/UIManager.prefab using Guid(cf58ca26d69faf147be346f41138d592) Importer(815301076,1909f56bfc062723c751e8b465ee728b) (PreviewImporter) -> (artifact id: '97e191eb4dd8be73b26d0b5130c4a346') in 0.0015704 seconds
Number of updated asset objects reloaded before import = 0Number of asset objects unloaded after import = 7

========================================================================
Received Import Request.
  Time since last request: 0.173930 seconds.
  path: Assets/Prefabs/UI/UIManager.prefab
  artifactKey: Guid(cf58ca26d69faf147be346f41138d592) Importer(815301076,1909f56bfc062723c751e8b465ee728b)
Start importing Assets/Prefabs/UI/UIManager.prefab using Guid(cf58ca26d69faf147be346f41138d592) Importer(815301076,1909f56bfc062723c751e8b465ee728b) (PreviewImporter) -> (artifact id: '906470acbc29dce92d67a1db81de9dd3') in 0.0014938 seconds
Number of updated asset objects reloaded before import = 0Number of asset objects unloaded after import = 7

========================================================================
Received Import Request.
  Time since last request: 0.173241 seconds.
  path: Assets/Prefabs/UI/UIManager.prefab
  artifactKey: Guid(cf58ca26d69faf147be346f41138d592) Importer(815301076,1909f56bfc062723c751e8b465ee728b)
Start importing Assets/Prefabs/UI/UIManager.prefab using Guid(cf58ca26d69faf147be346f41138d592) Importer(815301076,1909f56bfc062723c751e8b465ee728b) (PreviewImporter) -> (artifact id: '899f1822668cd34d0ec5d0d0d42a0cbc') in 0.0015885 seconds
Number of updated asset objects reloaded before import = 0Number of asset objects unloaded after import = 7

========================================================================
Received Import Request.
  Time since last request: 0.173847 seconds.
  path: Assets/Prefabs/UI/UIManager.prefab
  artifactKey: Guid(cf58ca26d69faf147be346f41138d592) Importer(815301076,1909f56bfc062723c751e8b465ee728b)
Start importing Assets/Prefabs/UI/UIManager.prefab using Guid(cf58ca26d69faf147be346f41138d592) Importer(815301076,1909f56bfc062723c751e8b465ee728b) (PreviewImporter) -> (artifact id: '33d43cc178061b750bf33e8778a747b3') in 0.0015245 seconds
Number of updated asset objects reloaded before import = 0Number of asset objects unloaded after import = 7

========================================================================
Received Import Request.
  Time since last request: 0.172789 seconds.
  path: Assets/Prefabs/UI/UIManager.prefab
  artifactKey: Guid(cf58ca26d69faf147be346f41138d592) Importer(815301076,1909f56bfc062723c751e8b465ee728b)
Start importing Assets/Prefabs/UI/UIManager.prefab using Guid(cf58ca26d69faf147be346f41138d592) Importer(815301076,1909f56bfc062723c751e8b465ee728b) (PreviewImporter) -> (artifact id: '145e3f187343d0d71d62b1b42a537027') in 0.0014727 seconds
Number of updated asset objects reloaded before import = 0Number of asset objects unloaded after import = 7

========================================================================
Received Import Request.
  Time since last request: 0.173012 seconds.
  path: Assets/Prefabs/UI/UIManager.prefab
  artifactKey: Guid(cf58ca26d69faf147be346f41138d592) Importer(815301076,1909f56bfc062723c751e8b465ee728b)
Start importing Assets/Prefabs/UI/UIManager.prefab using Guid(cf58ca26d69faf147be346f41138d592) Importer(815301076,1909f56bfc062723c751e8b465ee728b) (PreviewImporter) -> (artifact id: '193458f1c2a590fdba28da101c54ff7b') in 0.0014621 seconds
Number of updated asset objects reloaded before import = 0Number of asset objects unloaded after import = 7

========================================================================
Received Import Request.
  Time since last request: 2.201544 seconds.
  path: Assets/Prefabs/UI/UIManager.prefab
  artifactKey: Guid(cf58ca26d69faf147be346f41138d592) Importer(815301076,1909f56bfc062723c751e8b465ee728b)
Start importing Assets/Prefabs/UI/UIManager.prefab using Guid(cf58ca26d69faf147be346f41138d592) Importer(815301076,1909f56bfc062723c751e8b465ee728b) (PreviewImporter) -> (artifact id: '4aaffa35db45e6d81a2ed7d228c9a668') in 0.0015267 seconds
Number of updated asset objects reloaded before import = 0Number of asset objects unloaded after import = 7

========================================================================
Received Import Request.
  Time since last request: 3.995110 seconds.
  path: Assets/Prefabs/UI/UIManager.prefab
  artifactKey: Guid(cf58ca26d69faf147be346f41138d592) Importer(815301076,1909f56bfc062723c751e8b465ee728b)
Start importing Assets/Prefabs/UI/UIManager.prefab using Guid(cf58ca26d69faf147be346f41138d592) Importer(815301076,1909f56bfc062723c751e8b465ee728b) (PreviewImporter) -> (artifact id: '9960e28f84d4b5034b01879aa00db45e') in 0.0015614 seconds
Number of updated asset objects reloaded before import = 0Number of asset objects unloaded after import = 7

========================================================================
Received Import Request.
  Time since last request: 2.585865 seconds.
  path: Assets/Prefabs/UI/UIManager.prefab
  artifactKey: Guid(cf58ca26d69faf147be346f41138d592) Importer(815301076,1909f56bfc062723c751e8b465ee728b)
Start importing Assets/Prefabs/UI/UIManager.prefab using Guid(cf58ca26d69faf147be346f41138d592) Importer(815301076,1909f56bfc062723c751e8b465ee728b) (PreviewImporter) -> (artifact id: '059b652c8d207415196a92429632c331') in 0.0015069 seconds
Number of updated asset objects reloaded before import = 0Number of asset objects unloaded after import = 7

========================================================================
Received Import Request.
  Time since last request: 0.173250 seconds.
  path: Assets/Prefabs/UI/UIManager.prefab
  artifactKey: Guid(cf58ca26d69faf147be346f41138d592) Importer(815301076,1909f56bfc062723c751e8b465ee728b)
Start importing Assets/Prefabs/UI/UIManager.prefab using Guid(cf58ca26d69faf147be346f41138d592) Importer(815301076,1909f56bfc062723c751e8b465ee728b) (PreviewImporter) -> (artifact id: '7d8761b2519b94c132068f1bf01aa4b3') in 0.0015392 seconds
Number of updated asset objects reloaded before import = 0Number of asset objects unloaded after import = 7

========================================================================
Received Import Request.
  Time since last request: 0.176289 seconds.
  path: Assets/Prefabs/UI/UIManager.prefab
  artifactKey: Guid(cf58ca26d69faf147be346f41138d592) Importer(815301076,1909f56bfc062723c751e8b465ee728b)
Start importing Assets/Prefabs/UI/UIManager.prefab using Guid(cf58ca26d69faf147be346f41138d592) Importer(815301076,1909f56bfc062723c751e8b465ee728b) (PreviewImporter) -> (artifact id: '82d1b55f813b83653ac68304306ffc49') in 0.0016337 seconds
Number of updated asset objects reloaded before import = 0Number of asset objects unloaded after import = 7

========================================================================
Received Import Request.
  Time since last request: 0.173619 seconds.
  path: Assets/Prefabs/UI/UIManager.prefab
  artifactKey: Guid(cf58ca26d69faf147be346f41138d592) Importer(815301076,1909f56bfc062723c751e8b465ee728b)
Start importing Assets/Prefabs/UI/UIManager.prefab using Guid(cf58ca26d69faf147be346f41138d592) Importer(815301076,1909f56bfc062723c751e8b465ee728b) (PreviewImporter) -> (artifact id: 'baf0f921a11e21be895508ccfba62915') in 0.0015462 seconds
Number of updated asset objects reloaded before import = 0Number of asset objects unloaded after import = 7

========================================================================
Received Import Request.
  Time since last request: 0.172817 seconds.
  path: Assets/Prefabs/UI/UIManager.prefab
  artifactKey: Guid(cf58ca26d69faf147be346f41138d592) Importer(815301076,1909f56bfc062723c751e8b465ee728b)
Start importing Assets/Prefabs/UI/UIManager.prefab using Guid(cf58ca26d69faf147be346f41138d592) Importer(815301076,1909f56bfc062723c751e8b465ee728b) (PreviewImporter) -> (artifact id: '3756289d0439f9fa5711610ee6c4b401') in 0.001647 seconds
Number of updated asset objects reloaded before import = 0Number of asset objects unloaded after import = 7

========================================================================
Received Import Request.
  Time since last request: 0.174015 seconds.
  path: Assets/Prefabs/UI/UIManager.prefab
  artifactKey: Guid(cf58ca26d69faf147be346f41138d592) Importer(815301076,1909f56bfc062723c751e8b465ee728b)
Start importing Assets/Prefabs/UI/UIManager.prefab using Guid(cf58ca26d69faf147be346f41138d592) Importer(815301076,1909f56bfc062723c751e8b465ee728b) (PreviewImporter) -> (artifact id: '1cf4cb81bb8c984ea20b2716a60d759b') in 0.0014856 seconds
Number of updated asset objects reloaded before import = 0Number of asset objects unloaded after import = 7

========================================================================
Received Import Request.
  Time since last request: 1.181031 seconds.
  path: Assets/Prefabs/UI/UIManager.prefab
  artifactKey: Guid(cf58ca26d69faf147be346f41138d592) Importer(815301076,1909f56bfc062723c751e8b465ee728b)
Start importing Assets/Prefabs/UI/UIManager.prefab using Guid(cf58ca26d69faf147be346f41138d592) Importer(815301076,1909f56bfc062723c751e8b465ee728b) (PreviewImporter) -> (artifact id: '16db6bb2fe0be6494d3830dccd92650c') in 0.001569 seconds
Number of updated asset objects reloaded before import = 0Number of asset objects unloaded after import = 7

========================================================================
Received Import Request.
  Time since last request: 10.976249 seconds.
  path: Assets/Prefabs/UI/UIManager.prefab
  artifactKey: Guid(cf58ca26d69faf147be346f41138d592) Importer(815301076,1909f56bfc062723c751e8b465ee728b)
Start importing Assets/Prefabs/UI/UIManager.prefab using Guid(cf58ca26d69faf147be346f41138d592) Importer(815301076,1909f56bfc062723c751e8b465ee728b) (PreviewImporter) -> (artifact id: 'dd18a3a342d36ae1ef6e38b56fa902c0') in 0.0016145 seconds
Number of updated asset objects reloaded before import = 0Number of asset objects unloaded after import = 7

========================================================================
Received Import Request.
  Time since last request: 7.705275 seconds.
  path: Assets/Prefabs/UI/UIManager.prefab
  artifactKey: Guid(cf58ca26d69faf147be346f41138d592) Importer(815301076,1909f56bfc062723c751e8b465ee728b)
Start importing Assets/Prefabs/UI/UIManager.prefab using Guid(cf58ca26d69faf147be346f41138d592) Importer(815301076,1909f56bfc062723c751e8b465ee728b) (PreviewImporter) -> (artifact id: 'be4bc3a837a48a49c51d37712df3cfdd') in 0.001618 seconds
Number of updated asset objects reloaded before import = 0Number of asset objects unloaded after import = 7

========================================================================
Received Import Request.
  Time since last request: 1.596222 seconds.
  path: Assets/Prefabs/UI/UIManager.prefab
  artifactKey: Guid(cf58ca26d69faf147be346f41138d592) Importer(815301076,1909f56bfc062723c751e8b465ee728b)
Start importing Assets/Prefabs/UI/UIManager.prefab using Guid(cf58ca26d69faf147be346f41138d592) Importer(815301076,1909f56bfc062723c751e8b465ee728b) (PreviewImporter) -> (artifact id: '68b7e2e39183de65a35c6ced5705b042') in 0.0015987 seconds
Number of updated asset objects reloaded before import = 0Number of asset objects unloaded after import = 7

========================================================================
Received Import Request.
  Time since last request: 0.777871 seconds.
  path: Assets/Prefabs/UI/UIManager.prefab
  artifactKey: Guid(cf58ca26d69faf147be346f41138d592) Importer(815301076,1909f56bfc062723c751e8b465ee728b)
Start importing Assets/Prefabs/UI/UIManager.prefab using Guid(cf58ca26d69faf147be346f41138d592) Importer(815301076,1909f56bfc062723c751e8b465ee728b) (PreviewImporter) -> (artifact id: 'fef80bb5e27ba1a98e2fd992e6a3d190') in 0.0015426 seconds
Number of updated asset objects reloaded before import = 0Number of asset objects unloaded after import = 7

========================================================================
Received Import Request.
  Time since last request: 0.174272 seconds.
  path: Assets/Prefabs/UI/UIManager.prefab
  artifactKey: Guid(cf58ca26d69faf147be346f41138d592) Importer(815301076,1909f56bfc062723c751e8b465ee728b)
Start importing Assets/Prefabs/UI/UIManager.prefab using Guid(cf58ca26d69faf147be346f41138d592) Importer(815301076,1909f56bfc062723c751e8b465ee728b) (PreviewImporter) -> (artifact id: '95d5c9f8555be064d1fcb61720eba92b') in 0.0015486 seconds
Number of updated asset objects reloaded before import = 0Number of asset objects unloaded after import = 7

========================================================================
Received Import Request.
  Time since last request: 0.175757 seconds.
  path: Assets/Prefabs/UI/UIManager.prefab
  artifactKey: Guid(cf58ca26d69faf147be346f41138d592) Importer(815301076,1909f56bfc062723c751e8b465ee728b)
Start importing Assets/Prefabs/UI/UIManager.prefab using Guid(cf58ca26d69faf147be346f41138d592) Importer(815301076,1909f56bfc062723c751e8b465ee728b) (PreviewImporter) -> (artifact id: 'e6da2ec8ad2191c74e76484f3f56d469') in 0.0014764 seconds
Number of updated asset objects reloaded before import = 0Number of asset objects unloaded after import = 7

========================================================================
Received Import Request.
  Time since last request: 0.177662 seconds.
  path: Assets/Prefabs/UI/UIManager.prefab
  artifactKey: Guid(cf58ca26d69faf147be346f41138d592) Importer(815301076,1909f56bfc062723c751e8b465ee728b)
Start importing Assets/Prefabs/UI/UIManager.prefab using Guid(cf58ca26d69faf147be346f41138d592) Importer(815301076,1909f56bfc062723c751e8b465ee728b) (PreviewImporter) -> (artifact id: '2b7b0d603aec1ef833dcc3ab589348c9') in 0.0015027 seconds
Number of updated asset objects reloaded before import = 0Number of asset objects unloaded after import = 7

========================================================================
Received Import Request.
  Time since last request: 0.377634 seconds.
  path: Assets/Prefabs/UI/UIManager.prefab
  artifactKey: Guid(cf58ca26d69faf147be346f41138d592) Importer(815301076,1909f56bfc062723c751e8b465ee728b)
Start importing Assets/Prefabs/UI/UIManager.prefab using Guid(cf58ca26d69faf147be346f41138d592) Importer(815301076,1909f56bfc062723c751e8b465ee728b) (PreviewImporter) -> (artifact id: '75497aed3f30e8afed49a4cb460daa75') in 0.0015211 seconds
Number of updated asset objects reloaded before import = 0Number of asset objects unloaded after import = 7

========================================================================
Received Import Request.
  Time since last request: 0.170269 seconds.
  path: Assets/Prefabs/UI/UIManager.prefab
  artifactKey: Guid(cf58ca26d69faf147be346f41138d592) Importer(815301076,1909f56bfc062723c751e8b465ee728b)
Start importing Assets/Prefabs/UI/UIManager.prefab using Guid(cf58ca26d69faf147be346f41138d592) Importer(815301076,1909f56bfc062723c751e8b465ee728b) (PreviewImporter) -> (artifact id: 'ff37680cb49abd841293be6093a817b9') in 0.0015129 seconds
Number of updated asset objects reloaded before import = 0Number of asset objects unloaded after import = 7

========================================================================
Received Import Request.
  Time since last request: 0.174086 seconds.
  path: Assets/Prefabs/UI/UIManager.prefab
  artifactKey: Guid(cf58ca26d69faf147be346f41138d592) Importer(815301076,1909f56bfc062723c751e8b465ee728b)
Start importing Assets/Prefabs/UI/UIManager.prefab using Guid(cf58ca26d69faf147be346f41138d592) Importer(815301076,1909f56bfc062723c751e8b465ee728b) (PreviewImporter) -> (artifact id: '7869813d102764a379248f2b28e4e9f7') in 0.0015637 seconds
Number of updated asset objects reloaded before import = 0Number of asset objects unloaded after import = 7

========================================================================
Received Import Request.
  Time since last request: 0.379460 seconds.
  path: Assets/Prefabs/UI/UIManager.prefab
  artifactKey: Guid(cf58ca26d69faf147be346f41138d592) Importer(815301076,1909f56bfc062723c751e8b465ee728b)
Start importing Assets/Prefabs/UI/UIManager.prefab using Guid(cf58ca26d69faf147be346f41138d592) Importer(815301076,1909f56bfc062723c751e8b465ee728b) (PreviewImporter) -> (artifact id: '4185cc0d40ac7ef658edb0830d739268') in 0.0016611 seconds
Number of updated asset objects reloaded before import = 0Number of asset objects unloaded after import = 7

========================================================================
Received Import Request.
  Time since last request: 4.013318 seconds.
  path: Assets/Prefabs/UI/UIManager.prefab
  artifactKey: Guid(cf58ca26d69faf147be346f41138d592) Importer(815301076,1909f56bfc062723c751e8b465ee728b)
Start importing Assets/Prefabs/UI/UIManager.prefab using Guid(cf58ca26d69faf147be346f41138d592) Importer(815301076,1909f56bfc062723c751e8b465ee728b) (PreviewImporter) -> (artifact id: 'f697421f209ee733c9ab728527b5afe9') in 0.0015272 seconds
Number of updated asset objects reloaded before import = 0Number of asset objects unloaded after import = 7

========================================================================
Received Import Request.
  Time since last request: 1.591344 seconds.
  path: Assets/Prefabs/UI/UIManager.prefab
  artifactKey: Guid(cf58ca26d69faf147be346f41138d592) Importer(815301076,1909f56bfc062723c751e8b465ee728b)
Start importing Assets/Prefabs/UI/UIManager.prefab using Guid(cf58ca26d69faf147be346f41138d592) Importer(815301076,1909f56bfc062723c751e8b465ee728b) (PreviewImporter) -> (artifact id: '928ba96edc4c24341fdfaedd244eb5b8') in 0.0015552 seconds
Number of updated asset objects reloaded before import = 0Number of asset objects unloaded after import = 7

========================================================================
Received Import Request.
  Time since last request: 0.373516 seconds.
  path: Assets/Prefabs/UI/UIManager.prefab
  artifactKey: Guid(cf58ca26d69faf147be346f41138d592) Importer(815301076,1909f56bfc062723c751e8b465ee728b)
Start importing Assets/Prefabs/UI/UIManager.prefab using Guid(cf58ca26d69faf147be346f41138d592) Importer(815301076,1909f56bfc062723c751e8b465ee728b) (PreviewImporter) -> (artifact id: '881a074f68be516d0babc3d4f6701283') in 0.0015768 seconds
Number of updated asset objects reloaded before import = 0Number of asset objects unloaded after import = 7

========================================================================
Received Import Request.
  Time since last request: 0.171302 seconds.
  path: Assets/Prefabs/UI/UIManager.prefab
  artifactKey: Guid(cf58ca26d69faf147be346f41138d592) Importer(815301076,1909f56bfc062723c751e8b465ee728b)
Start importing Assets/Prefabs/UI/UIManager.prefab using Guid(cf58ca26d69faf147be346f41138d592) Importer(815301076,1909f56bfc062723c751e8b465ee728b) (PreviewImporter) -> (artifact id: '6deec2e3fcb802d2a9c28f0ad5674e77') in 0.0014951 seconds
Number of updated asset objects reloaded before import = 0Number of asset objects unloaded after import = 7

========================================================================
Received Import Request.
  Time since last request: 0.170462 seconds.
  path: Assets/Prefabs/UI/UIManager.prefab
  artifactKey: Guid(cf58ca26d69faf147be346f41138d592) Importer(815301076,1909f56bfc062723c751e8b465ee728b)
Start importing Assets/Prefabs/UI/UIManager.prefab using Guid(cf58ca26d69faf147be346f41138d592) Importer(815301076,1909f56bfc062723c751e8b465ee728b) (PreviewImporter) -> (artifact id: '9e27a424b430c634914d3d70bbcbc862') in 0.0015364 seconds
Number of updated asset objects reloaded before import = 0Number of asset objects unloaded after import = 7

========================================================================
Received Import Request.
  Time since last request: 0.178983 seconds.
  path: Assets/Prefabs/UI/UIManager.prefab
  artifactKey: Guid(cf58ca26d69faf147be346f41138d592) Importer(815301076,1909f56bfc062723c751e8b465ee728b)
Start importing Assets/Prefabs/UI/UIManager.prefab using Guid(cf58ca26d69faf147be346f41138d592) Importer(815301076,1909f56bfc062723c751e8b465ee728b) (PreviewImporter) -> (artifact id: '63c3e174c0a3cd135c55129535ec98cd') in 0.0017631 seconds
Number of updated asset objects reloaded before import = 0Number of asset objects unloaded after import = 7

========================================================================
Received Import Request.
  Time since last request: 0.166087 seconds.
  path: Assets/Prefabs/UI/UIManager.prefab
  artifactKey: Guid(cf58ca26d69faf147be346f41138d592) Importer(815301076,1909f56bfc062723c751e8b465ee728b)
Start importing Assets/Prefabs/UI/UIManager.prefab using Guid(cf58ca26d69faf147be346f41138d592) Importer(815301076,1909f56bfc062723c751e8b465ee728b) (PreviewImporter) -> (artifact id: '8779a45b3159efc94fca0c4970767343') in 0.0017228 seconds
Number of updated asset objects reloaded before import = 0Number of asset objects unloaded after import = 7

========================================================================
Received Import Request.
  Time since last request: 0.189596 seconds.
  path: Assets/Prefabs/UI/UIManager.prefab
  artifactKey: Guid(cf58ca26d69faf147be346f41138d592) Importer(815301076,1909f56bfc062723c751e8b465ee728b)
Start importing Assets/Prefabs/UI/UIManager.prefab using Guid(cf58ca26d69faf147be346f41138d592) Importer(815301076,1909f56bfc062723c751e8b465ee728b) (PreviewImporter) -> (artifact id: '728b9c7348c2b9ecc9d05ea43e05d82b') in 0.001501 seconds
Number of updated asset objects reloaded before import = 0Number of asset objects unloaded after import = 7

========================================================================
Received Import Request.
  Time since last request: 0.157544 seconds.
  path: Assets/Prefabs/UI/UIManager.prefab
  artifactKey: Guid(cf58ca26d69faf147be346f41138d592) Importer(815301076,1909f56bfc062723c751e8b465ee728b)
Start importing Assets/Prefabs/UI/UIManager.prefab using Guid(cf58ca26d69faf147be346f41138d592) Importer(815301076,1909f56bfc062723c751e8b465ee728b) (PreviewImporter) -> (artifact id: '740b93e1d03222bbf8c8d6a216ee9d17') in 0.0014975 seconds
Number of updated asset objects reloaded before import = 0Number of asset objects unloaded after import = 7

========================================================================
Received Import Request.
  Time since last request: 1.178840 seconds.
  path: Assets/Prefabs/UI/UIManager.prefab
  artifactKey: Guid(cf58ca26d69faf147be346f41138d592) Importer(815301076,1909f56bfc062723c751e8b465ee728b)
Start importing Assets/Prefabs/UI/UIManager.prefab using Guid(cf58ca26d69faf147be346f41138d592) Importer(815301076,1909f56bfc062723c751e8b465ee728b) (PreviewImporter) -> (artifact id: '063ab5f8a2b5b5a0e1d02ed0110194bc') in 0.0015331 seconds
Number of updated asset objects reloaded before import = 0Number of asset objects unloaded after import = 7

========================================================================
Received Import Request.
  Time since last request: 1.987571 seconds.
  path: Assets/Prefabs/UI/UIManager.prefab
  artifactKey: Guid(cf58ca26d69faf147be346f41138d592) Importer(815301076,1909f56bfc062723c751e8b465ee728b)
Start importing Assets/Prefabs/UI/UIManager.prefab using Guid(cf58ca26d69faf147be346f41138d592) Importer(815301076,1909f56bfc062723c751e8b465ee728b) (PreviewImporter) -> (artifact id: '166b7ac8efc53410dd27e1313f93ceae') in 0.0015138 seconds
Number of updated asset objects reloaded before import = 0Number of asset objects unloaded after import = 7

========================================================================
Received Import Request.
  Time since last request: 14.105783 seconds.
  path: Assets/Prefabs/UI/UIManager.prefab
  artifactKey: Guid(cf58ca26d69faf147be346f41138d592) Importer(815301076,1909f56bfc062723c751e8b465ee728b)
Start importing Assets/Prefabs/UI/UIManager.prefab using Guid(cf58ca26d69faf147be346f41138d592) Importer(815301076,1909f56bfc062723c751e8b465ee728b) (PreviewImporter) -> (artifact id: 'c6e08653b5a336b965b620080249dbe7') in 0.0016169 seconds
Number of updated asset objects reloaded before import = 0Number of asset objects unloaded after import = 7

========================================================================
Received Import Request.
  Time since last request: 3.394099 seconds.
  path: Assets/Prefabs/UI/UIManager.prefab
  artifactKey: Guid(cf58ca26d69faf147be346f41138d592) Importer(815301076,1909f56bfc062723c751e8b465ee728b)
Start importing Assets/Prefabs/UI/UIManager.prefab using Guid(cf58ca26d69faf147be346f41138d592) Importer(815301076,1909f56bfc062723c751e8b465ee728b) (PreviewImporter) -> (artifact id: '70e9d8c71201ad087b9ff5792b52f316') in 0.0016736 seconds
Number of updated asset objects reloaded before import = 0Number of asset objects unloaded after import = 7

========================================================================
Received Import Request.
  Time since last request: 1.384352 seconds.
  path: Assets/Prefabs/UI/UIManager.prefab
  artifactKey: Guid(cf58ca26d69faf147be346f41138d592) Importer(815301076,1909f56bfc062723c751e8b465ee728b)
Start importing Assets/Prefabs/UI/UIManager.prefab using Guid(cf58ca26d69faf147be346f41138d592) Importer(815301076,1909f56bfc062723c751e8b465ee728b) (PreviewImporter) -> (artifact id: 'c8fc3c87729ec62087b7e4cd787b8bc7') in 0.0015362 seconds
Number of updated asset objects reloaded before import = 0Number of asset objects unloaded after import = 7

========================================================================
Received Import Request.
  Time since last request: 0.574725 seconds.
  path: Assets/Prefabs/UI/UIManager.prefab
  artifactKey: Guid(cf58ca26d69faf147be346f41138d592) Importer(815301076,1909f56bfc062723c751e8b465ee728b)
Start importing Assets/Prefabs/UI/UIManager.prefab using Guid(cf58ca26d69faf147be346f41138d592) Importer(815301076,1909f56bfc062723c751e8b465ee728b) (PreviewImporter) -> (artifact id: 'acbc07da4683a6f3e832cff3535b05f6') in 0.0015211 seconds
Number of updated asset objects reloaded before import = 0Number of asset objects unloaded after import = 7

========================================================================
Received Import Request.
  Time since last request: 0.170597 seconds.
  path: Assets/Prefabs/UI/UIManager.prefab
  artifactKey: Guid(cf58ca26d69faf147be346f41138d592) Importer(815301076,1909f56bfc062723c751e8b465ee728b)
Start importing Assets/Prefabs/UI/UIManager.prefab using Guid(cf58ca26d69faf147be346f41138d592) Importer(815301076,1909f56bfc062723c751e8b465ee728b) (PreviewImporter) -> (artifact id: '4a75cef32540658096ec63ae58ae6e6e') in 0.0016155 seconds
Number of updated asset objects reloaded before import = 0Number of asset objects unloaded after import = 7

========================================================================
Received Import Request.
  Time since last request: 0.174491 seconds.
  path: Assets/Prefabs/UI/UIManager.prefab
  artifactKey: Guid(cf58ca26d69faf147be346f41138d592) Importer(815301076,1909f56bfc062723c751e8b465ee728b)
Start importing Assets/Prefabs/UI/UIManager.prefab using Guid(cf58ca26d69faf147be346f41138d592) Importer(815301076,1909f56bfc062723c751e8b465ee728b) (PreviewImporter) -> (artifact id: 'a3170759ab47c8660b7e6eb611baec6c') in 0.0014698 seconds
Number of updated asset objects reloaded before import = 0Number of asset objects unloaded after import = 7

========================================================================
Received Import Request.
  Time since last request: 0.174194 seconds.
  path: Assets/Prefabs/UI/UIManager.prefab
  artifactKey: Guid(cf58ca26d69faf147be346f41138d592) Importer(815301076,1909f56bfc062723c751e8b465ee728b)
Start importing Assets/Prefabs/UI/UIManager.prefab using Guid(cf58ca26d69faf147be346f41138d592) Importer(815301076,1909f56bfc062723c751e8b465ee728b) (PreviewImporter) -> (artifact id: 'f8c234167210a073e361bd67872e6385') in 0.0016321 seconds
Number of updated asset objects reloaded before import = 0Number of asset objects unloaded after import = 7

========================================================================
Received Import Request.
  Time since last request: 3.121377 seconds.
  path: Assets/Prefabs/UI/UIManager.prefab
  artifactKey: Guid(cf58ca26d69faf147be346f41138d592) Importer(815301076,1909f56bfc062723c751e8b465ee728b)
Start importing Assets/Prefabs/UI/UIManager.prefab using Guid(cf58ca26d69faf147be346f41138d592) Importer(815301076,1909f56bfc062723c751e8b465ee728b) (PreviewImporter) -> (artifact id: '1255d3d9b09a2a54afbe46227dda95c9') in 0.0015554 seconds
Number of updated asset objects reloaded before import = 0Number of asset objects unloaded after import = 7

========================================================================
Received Import Request.
  Time since last request: 0.164900 seconds.
  path: Assets/Prefabs/UI/UIManager.prefab
  artifactKey: Guid(cf58ca26d69faf147be346f41138d592) Importer(815301076,1909f56bfc062723c751e8b465ee728b)
Start importing Assets/Prefabs/UI/UIManager.prefab using Guid(cf58ca26d69faf147be346f41138d592) Importer(815301076,1909f56bfc062723c751e8b465ee728b) (PreviewImporter) -> (artifact id: '70ee89e9f9bacddc6165bda42364dbb3') in 0.0019352 seconds
Number of updated asset objects reloaded before import = 0Number of asset objects unloaded after import = 7

========================================================================
Received Import Request.
  Time since last request: 9.451144 seconds.
  path: Assets/Prefabs/UI/UIManager.prefab
  artifactKey: Guid(cf58ca26d69faf147be346f41138d592) Importer(815301076,1909f56bfc062723c751e8b465ee728b)
Start importing Assets/Prefabs/UI/UIManager.prefab using Guid(cf58ca26d69faf147be346f41138d592) Importer(815301076,1909f56bfc062723c751e8b465ee728b) (PreviewImporter) -> (artifact id: 'd075b57d887d6d2e0d2bce780c015cbb') in 0.0015603 seconds
Number of updated asset objects reloaded before import = 0Number of asset objects unloaded after import = 7

========================================================================
Received Import Request.
  Time since last request: 1.776445 seconds.
  path: Assets/Prefabs/UI/UIManager.prefab
  artifactKey: Guid(cf58ca26d69faf147be346f41138d592) Importer(815301076,1909f56bfc062723c751e8b465ee728b)
Start importing Assets/Prefabs/UI/UIManager.prefab using Guid(cf58ca26d69faf147be346f41138d592) Importer(815301076,1909f56bfc062723c751e8b465ee728b) (PreviewImporter) -> (artifact id: 'aac3c431d719914135ed8fa93191a888') in 0.0015677 seconds
Number of updated asset objects reloaded before import = 0Number of asset objects unloaded after import = 7

========================================================================
Received Import Request.
  Time since last request: 0.173928 seconds.
  path: Assets/Prefabs/UI/UIManager.prefab
  artifactKey: Guid(cf58ca26d69faf147be346f41138d592) Importer(815301076,1909f56bfc062723c751e8b465ee728b)
Start importing Assets/Prefabs/UI/UIManager.prefab using Guid(cf58ca26d69faf147be346f41138d592) Importer(815301076,1909f56bfc062723c751e8b465ee728b) (PreviewImporter) -> (artifact id: '0b3c50de5692d1ec3eecb93e47ddd16e') in 0.0015199 seconds
Number of updated asset objects reloaded before import = 0Number of asset objects unloaded after import = 7

========================================================================
Received Import Request.
  Time since last request: 0.173282 seconds.
  path: Assets/Prefabs/UI/UIManager.prefab
  artifactKey: Guid(cf58ca26d69faf147be346f41138d592) Importer(815301076,1909f56bfc062723c751e8b465ee728b)
Start importing Assets/Prefabs/UI/UIManager.prefab using Guid(cf58ca26d69faf147be346f41138d592) Importer(815301076,1909f56bfc062723c751e8b465ee728b) (PreviewImporter) -> (artifact id: '0291364fdd1c080c3de192b9acf66031') in 0.0015523 seconds
Number of updated asset objects reloaded before import = 0Number of asset objects unloaded after import = 7

========================================================================
Received Import Request.
  Time since last request: 0.175094 seconds.
  path: Assets/Prefabs/UI/UIManager.prefab
  artifactKey: Guid(cf58ca26d69faf147be346f41138d592) Importer(815301076,1909f56bfc062723c751e8b465ee728b)
Start importing Assets/Prefabs/UI/UIManager.prefab using Guid(cf58ca26d69faf147be346f41138d592) Importer(815301076,1909f56bfc062723c751e8b465ee728b) (PreviewImporter) -> (artifact id: 'b90caf8d998442ff8cd27e5f4f6d87ac') in 0.0016319 seconds
Number of updated asset objects reloaded before import = 0Number of asset objects unloaded after import = 7

========================================================================
Received Import Request.
  Time since last request: 0.173121 seconds.
  path: Assets/Prefabs/UI/UIManager.prefab
  artifactKey: Guid(cf58ca26d69faf147be346f41138d592) Importer(815301076,1909f56bfc062723c751e8b465ee728b)
Start importing Assets/Prefabs/UI/UIManager.prefab using Guid(cf58ca26d69faf147be346f41138d592) Importer(815301076,1909f56bfc062723c751e8b465ee728b) (PreviewImporter) -> (artifact id: 'b0d3aaccde79df46dffcef915082a687') in 0.0015124 seconds
Number of updated asset objects reloaded before import = 0Number of asset objects unloaded after import = 7

========================================================================
Received Import Request.
  Time since last request: 0.176105 seconds.
  path: Assets/Prefabs/UI/UIManager.prefab
  artifactKey: Guid(cf58ca26d69faf147be346f41138d592) Importer(815301076,1909f56bfc062723c751e8b465ee728b)
Start importing Assets/Prefabs/UI/UIManager.prefab using Guid(cf58ca26d69faf147be346f41138d592) Importer(815301076,1909f56bfc062723c751e8b465ee728b) (PreviewImporter) -> (artifact id: '8a6ef6935447f47bbecf48d61999e2ea') in 0.0015069 seconds
Number of updated asset objects reloaded before import = 0Number of asset objects unloaded after import = 7

========================================================================
Received Import Request.
  Time since last request: 6.254075 seconds.
  path: Assets/Prefabs/UI/UIManager.prefab
  artifactKey: Guid(cf58ca26d69faf147be346f41138d592) Importer(815301076,1909f56bfc062723c751e8b465ee728b)
Start importing Assets/Prefabs/UI/UIManager.prefab using Guid(cf58ca26d69faf147be346f41138d592) Importer(815301076,1909f56bfc062723c751e8b465ee728b) (PreviewImporter) -> (artifact id: '3f44c7734648c1fab711d02ea995c43f') in 0.0015505 seconds
Number of updated asset objects reloaded before import = 0Number of asset objects unloaded after import = 7

========================================================================
Received Import Request.
  Time since last request: 2.180731 seconds.
  path: Assets/Prefabs/UI/UIManager.prefab
  artifactKey: Guid(cf58ca26d69faf147be346f41138d592) Importer(815301076,1909f56bfc062723c751e8b465ee728b)
Start importing Assets/Prefabs/UI/UIManager.prefab using Guid(cf58ca26d69faf147be346f41138d592) Importer(815301076,1909f56bfc062723c751e8b465ee728b) (PreviewImporter) -> (artifact id: '4bae1e79acc27c5e0b4bc7b8e98f7060') in 0.0015685 seconds
Number of updated asset objects reloaded before import = 0Number of asset objects unloaded after import = 7

========================================================================
Received Import Request.
  Time since last request: 0.171665 seconds.
  path: Assets/Prefabs/UI/UIManager.prefab
  artifactKey: Guid(cf58ca26d69faf147be346f41138d592) Importer(815301076,1909f56bfc062723c751e8b465ee728b)
Start importing Assets/Prefabs/UI/UIManager.prefab using Guid(cf58ca26d69faf147be346f41138d592) Importer(815301076,1909f56bfc062723c751e8b465ee728b) (PreviewImporter) -> (artifact id: '55896a518129a65cd87e5489add0481a') in 0.0015842 seconds
Number of updated asset objects reloaded before import = 0Number of asset objects unloaded after import = 7

========================================================================
Received Import Request.
  Time since last request: 0.173502 seconds.
  path: Assets/Prefabs/UI/UIManager.prefab
  artifactKey: Guid(cf58ca26d69faf147be346f41138d592) Importer(815301076,1909f56bfc062723c751e8b465ee728b)
Start importing Assets/Prefabs/UI/UIManager.prefab using Guid(cf58ca26d69faf147be346f41138d592) Importer(815301076,1909f56bfc062723c751e8b465ee728b) (PreviewImporter) -> (artifact id: 'bee47655df6530a94a7d3ab8a4e539ce') in 0.0017351 seconds
Number of updated asset objects reloaded before import = 0Number of asset objects unloaded after import = 7

========================================================================
Received Import Request.
  Time since last request: 0.174974 seconds.
  path: Assets/Prefabs/UI/UIManager.prefab
  artifactKey: Guid(cf58ca26d69faf147be346f41138d592) Importer(815301076,1909f56bfc062723c751e8b465ee728b)
Start importing Assets/Prefabs/UI/UIManager.prefab using Guid(cf58ca26d69faf147be346f41138d592) Importer(815301076,1909f56bfc062723c751e8b465ee728b) (PreviewImporter) -> (artifact id: 'c15a11db52abf66816daed74cd220b92') in 0.0014911 seconds
Number of updated asset objects reloaded before import = 0Number of asset objects unloaded after import = 7

========================================================================
Received Import Request.
  Time since last request: 0.174627 seconds.
  path: Assets/Prefabs/UI/UIManager.prefab
  artifactKey: Guid(cf58ca26d69faf147be346f41138d592) Importer(815301076,1909f56bfc062723c751e8b465ee728b)
Start importing Assets/Prefabs/UI/UIManager.prefab using Guid(cf58ca26d69faf147be346f41138d592) Importer(815301076,1909f56bfc062723c751e8b465ee728b) (PreviewImporter) -> (artifact id: '62a18a114675578b5e7b625702a88006') in 0.001548 seconds
Number of updated asset objects reloaded before import = 0Number of asset objects unloaded after import = 7

========================================================================
Received Import Request.
  Time since last request: 0.177224 seconds.
  path: Assets/Prefabs/UI/UIManager.prefab
  artifactKey: Guid(cf58ca26d69faf147be346f41138d592) Importer(815301076,1909f56bfc062723c751e8b465ee728b)
Start importing Assets/Prefabs/UI/UIManager.prefab using Guid(cf58ca26d69faf147be346f41138d592) Importer(815301076,1909f56bfc062723c751e8b465ee728b) (PreviewImporter) -> (artifact id: '000c1eb00d5f05b5e0321926c6a356e0') in 0.0015663 seconds
Number of updated asset objects reloaded before import = 0Number of asset objects unloaded after import = 7

========================================================================
Received Import Request.
  Time since last request: 0.173449 seconds.
  path: Assets/Prefabs/UI/UIManager.prefab
  artifactKey: Guid(cf58ca26d69faf147be346f41138d592) Importer(815301076,1909f56bfc062723c751e8b465ee728b)
Start importing Assets/Prefabs/UI/UIManager.prefab using Guid(cf58ca26d69faf147be346f41138d592) Importer(815301076,1909f56bfc062723c751e8b465ee728b) (PreviewImporter) -> (artifact id: 'ec43bf6294f6a3e863e9a71730e8c38f') in 0.0015144 seconds
Number of updated asset objects reloaded before import = 0Number of asset objects unloaded after import = 7

========================================================================
Received Import Request.
  Time since last request: 0.172397 seconds.
  path: Assets/Prefabs/UI/UIManager.prefab
  artifactKey: Guid(cf58ca26d69faf147be346f41138d592) Importer(815301076,1909f56bfc062723c751e8b465ee728b)
Start importing Assets/Prefabs/UI/UIManager.prefab using Guid(cf58ca26d69faf147be346f41138d592) Importer(815301076,1909f56bfc062723c751e8b465ee728b) (PreviewImporter) -> (artifact id: '5ab62b1cc01eb00003f90d88305f5235') in 0.0015889 seconds
Number of updated asset objects reloaded before import = 0Number of asset objects unloaded after import = 7

========================================================================
Received Import Request.
  Time since last request: 0.172833 seconds.
  path: Assets/Prefabs/UI/UIManager.prefab
  artifactKey: Guid(cf58ca26d69faf147be346f41138d592) Importer(815301076,1909f56bfc062723c751e8b465ee728b)
Start importing Assets/Prefabs/UI/UIManager.prefab using Guid(cf58ca26d69faf147be346f41138d592) Importer(815301076,1909f56bfc062723c751e8b465ee728b) (PreviewImporter) -> (artifact id: '6a60c8206be95000d21ef42790e69f6b') in 0.0015071 seconds
Number of updated asset objects reloaded before import = 0Number of asset objects unloaded after import = 7

========================================================================
Received Import Request.
  Time since last request: 0.175141 seconds.
  path: Assets/Prefabs/UI/UIManager.prefab
  artifactKey: Guid(cf58ca26d69faf147be346f41138d592) Importer(815301076,1909f56bfc062723c751e8b465ee728b)
Start importing Assets/Prefabs/UI/UIManager.prefab using Guid(cf58ca26d69faf147be346f41138d592) Importer(815301076,1909f56bfc062723c751e8b465ee728b) (PreviewImporter) -> (artifact id: 'a715b1192d91d9c0e353769488c38f0a') in 0.0014952 seconds
Number of updated asset objects reloaded before import = 0Number of asset objects unloaded after import = 7

========================================================================
Received Import Request.
  Time since last request: 1.183863 seconds.
  path: Assets/Prefabs/UI/UIManager.prefab
  artifactKey: Guid(cf58ca26d69faf147be346f41138d592) Importer(815301076,1909f56bfc062723c751e8b465ee728b)
Start importing Assets/Prefabs/UI/UIManager.prefab using Guid(cf58ca26d69faf147be346f41138d592) Importer(815301076,1909f56bfc062723c751e8b465ee728b) (PreviewImporter) -> (artifact id: 'cb5a043ff1011dcd6bc11adf5ec0908a') in 0.001481 seconds
Number of updated asset objects reloaded before import = 0Number of asset objects unloaded after import = 7

========================================================================
Received Import Request.
  Time since last request: 2.796728 seconds.
  path: Assets/Prefabs/UI/UIManager.prefab
  artifactKey: Guid(cf58ca26d69faf147be346f41138d592) Importer(815301076,1909f56bfc062723c751e8b465ee728b)
Start importing Assets/Prefabs/UI/UIManager.prefab using Guid(cf58ca26d69faf147be346f41138d592) Importer(815301076,1909f56bfc062723c751e8b465ee728b) (PreviewImporter) -> (artifact id: 'cadb21ca3835220d970822ddcb8622b8') in 0.0014873 seconds
Number of updated asset objects reloaded before import = 0Number of asset objects unloaded after import = 7

========================================================================
Received Import Request.
  Time since last request: 50.259260 seconds.
  path: Assets/Prefabs/UI/UIManager.prefab
  artifactKey: Guid(cf58ca26d69faf147be346f41138d592) Importer(815301076,1909f56bfc062723c751e8b465ee728b)
Start importing Assets/Prefabs/UI/UIManager.prefab using Guid(cf58ca26d69faf147be346f41138d592) Importer(815301076,1909f56bfc062723c751e8b465ee728b) (PreviewImporter) -> (artifact id: 'edff3367045e1c35842facebb5112a70') in 0.0016197 seconds
Number of updated asset objects reloaded before import = 0Number of asset objects unloaded after import = 7

========================================================================
Received Import Request.
  Time since last request: 2.390137 seconds.
  path: Assets/Prefabs/UI/UIManager.prefab
  artifactKey: Guid(cf58ca26d69faf147be346f41138d592) Importer(815301076,1909f56bfc062723c751e8b465ee728b)
Start importing Assets/Prefabs/UI/UIManager.prefab using Guid(cf58ca26d69faf147be346f41138d592) Importer(815301076,1909f56bfc062723c751e8b465ee728b) (PreviewImporter) -> (artifact id: 'fb2afbde8fecd8fa8d3c9b159d7082b8') in 0.0017991 seconds
Number of updated asset objects reloaded before import = 0Number of asset objects unloaded after import = 7

========================================================================
Received Import Request.
  Time since last request: 0.173250 seconds.
  path: Assets/Prefabs/UI/UIManager.prefab
  artifactKey: Guid(cf58ca26d69faf147be346f41138d592) Importer(815301076,1909f56bfc062723c751e8b465ee728b)
Start importing Assets/Prefabs/UI/UIManager.prefab using Guid(cf58ca26d69faf147be346f41138d592) Importer(815301076,1909f56bfc062723c751e8b465ee728b) (PreviewImporter) -> (artifact id: 'e92855ba53358f5effa81740968ff1d9') in 0.001577 seconds
Number of updated asset objects reloaded before import = 0Number of asset objects unloaded after import = 7

========================================================================
Received Import Request.
  Time since last request: 0.177105 seconds.
  path: Assets/Prefabs/UI/UIManager.prefab
  artifactKey: Guid(cf58ca26d69faf147be346f41138d592) Importer(815301076,1909f56bfc062723c751e8b465ee728b)
Start importing Assets/Prefabs/UI/UIManager.prefab using Guid(cf58ca26d69faf147be346f41138d592) Importer(815301076,1909f56bfc062723c751e8b465ee728b) (PreviewImporter) -> (artifact id: 'c4e9d90d0633c122d35bf5fd31546268') in 0.0014822 seconds
Number of updated asset objects reloaded before import = 0Number of asset objects unloaded after import = 7

========================================================================
Received Import Request.
  Time since last request: 0.174694 seconds.
  path: Assets/Prefabs/UI/UIManager.prefab
  artifactKey: Guid(cf58ca26d69faf147be346f41138d592) Importer(815301076,1909f56bfc062723c751e8b465ee728b)
Start importing Assets/Prefabs/UI/UIManager.prefab using Guid(cf58ca26d69faf147be346f41138d592) Importer(815301076,1909f56bfc062723c751e8b465ee728b) (PreviewImporter) -> (artifact id: 'ff47d5e4efcb0544f177e81dc0690b25') in 0.0016035 seconds
Number of updated asset objects reloaded before import = 0Number of asset objects unloaded after import = 7

========================================================================
Received Import Request.
  Time since last request: 0.176546 seconds.
  path: Assets/Prefabs/UI/UIManager.prefab
  artifactKey: Guid(cf58ca26d69faf147be346f41138d592) Importer(815301076,1909f56bfc062723c751e8b465ee728b)
Start importing Assets/Prefabs/UI/UIManager.prefab using Guid(cf58ca26d69faf147be346f41138d592) Importer(815301076,1909f56bfc062723c751e8b465ee728b) (PreviewImporter) -> (artifact id: 'fccc865dcfb38666d7af6942d0af2069') in 0.0015141 seconds
Number of updated asset objects reloaded before import = 0Number of asset objects unloaded after import = 7

========================================================================
Received Import Request.
  Time since last request: 0.171640 seconds.
  path: Assets/Prefabs/UI/UIManager.prefab
  artifactKey: Guid(cf58ca26d69faf147be346f41138d592) Importer(815301076,1909f56bfc062723c751e8b465ee728b)
Start importing Assets/Prefabs/UI/UIManager.prefab using Guid(cf58ca26d69faf147be346f41138d592) Importer(815301076,1909f56bfc062723c751e8b465ee728b) (PreviewImporter) -> (artifact id: 'a00689dc819c727e8171feb7b50f5232') in 0.0015298 seconds
Number of updated asset objects reloaded before import = 0Number of asset objects unloaded after import = 7

========================================================================
Received Import Request.
  Time since last request: 0.373315 seconds.
  path: Assets/Prefabs/UI/UIManager.prefab
  artifactKey: Guid(cf58ca26d69faf147be346f41138d592) Importer(815301076,1909f56bfc062723c751e8b465ee728b)
Start importing Assets/Prefabs/UI/UIManager.prefab using Guid(cf58ca26d69faf147be346f41138d592) Importer(815301076,1909f56bfc062723c751e8b465ee728b) (PreviewImporter) -> (artifact id: '1cfc1aa45b12bb034559614eecaa6996') in 0.001626 seconds
Number of updated asset objects reloaded before import = 0Number of asset objects unloaded after import = 7

========================================================================
Received Import Request.
  Time since last request: 0.174021 seconds.
  path: Assets/Prefabs/UI/UIManager.prefab
  artifactKey: Guid(cf58ca26d69faf147be346f41138d592) Importer(815301076,1909f56bfc062723c751e8b465ee728b)
Start importing Assets/Prefabs/UI/UIManager.prefab using Guid(cf58ca26d69faf147be346f41138d592) Importer(815301076,1909f56bfc062723c751e8b465ee728b) (PreviewImporter) -> (artifact id: '9571e58c7ee016f195021fcb9bdf7896') in 0.0015795 seconds
Number of updated asset objects reloaded before import = 0Number of asset objects unloaded after import = 7

========================================================================
Received Import Request.
  Time since last request: 0.781358 seconds.
  path: Assets/Prefabs/UI/UIManager.prefab
  artifactKey: Guid(cf58ca26d69faf147be346f41138d592) Importer(815301076,1909f56bfc062723c751e8b465ee728b)
Start importing Assets/Prefabs/UI/UIManager.prefab using Guid(cf58ca26d69faf147be346f41138d592) Importer(815301076,1909f56bfc062723c751e8b465ee728b) (PreviewImporter) -> (artifact id: '6153f9d50893e5ac02ed93ca40406440') in 0.0015974 seconds
Number of updated asset objects reloaded before import = 0Number of asset objects unloaded after import = 7

========================================================================
Received Import Request.
  Time since last request: 5.415951 seconds.
  path: Assets/Prefabs/UI/UIManager.prefab
  artifactKey: Guid(cf58ca26d69faf147be346f41138d592) Importer(815301076,1909f56bfc062723c751e8b465ee728b)
Start importing Assets/Prefabs/UI/UIManager.prefab using Guid(cf58ca26d69faf147be346f41138d592) Importer(815301076,1909f56bfc062723c751e8b465ee728b) (PreviewImporter) -> (artifact id: '2df30644a79d5b470af885cf0d2c0681') in 0.0015453 seconds
Number of updated asset objects reloaded before import = 0Number of asset objects unloaded after import = 7

========================================================================
Received Import Request.
  Time since last request: 4.014175 seconds.
  path: Assets/Prefabs/UI/UIManager.prefab
  artifactKey: Guid(cf58ca26d69faf147be346f41138d592) Importer(815301076,1909f56bfc062723c751e8b465ee728b)
Start importing Assets/Prefabs/UI/UIManager.prefab using Guid(cf58ca26d69faf147be346f41138d592) Importer(815301076,1909f56bfc062723c751e8b465ee728b) (PreviewImporter) -> (artifact id: 'd509ca1329a29f4af1861fcd1aaaab53') in 0.0016258 seconds
Number of updated asset objects reloaded before import = 0Number of asset objects unloaded after import = 7

========================================================================
Received Import Request.
  Time since last request: 9.097774 seconds.
  path: Assets/Prefabs/UI/UIManager.prefab
  artifactKey: Guid(cf58ca26d69faf147be346f41138d592) Importer(815301076,1909f56bfc062723c751e8b465ee728b)
Start importing Assets/Prefabs/UI/UIManager.prefab using Guid(cf58ca26d69faf147be346f41138d592) Importer(815301076,1909f56bfc062723c751e8b465ee728b) (PreviewImporter) -> (artifact id: '79aaa24b753a65646d372cb02dd4954c') in 0.0015958 seconds
Number of updated asset objects reloaded before import = 0Number of asset objects unloaded after import = 7

========================================================================
Received Import Request.
  Time since last request: 4.111941 seconds.
  path: Assets/Prefabs/UI/UIManager.prefab
  artifactKey: Guid(cf58ca26d69faf147be346f41138d592) Importer(815301076,1909f56bfc062723c751e8b465ee728b)
Start importing Assets/Prefabs/UI/UIManager.prefab using Guid(cf58ca26d69faf147be346f41138d592) Importer(815301076,1909f56bfc062723c751e8b465ee728b) (PreviewImporter) -> (artifact id: 'edd63324d92d213a61bf585aeba5bd34') in 0.0019697 seconds
Number of updated asset objects reloaded before import = 0Number of asset objects unloaded after import = 7

========================================================================
Received Import Request.
  Time since last request: 4.616448 seconds.
  path: Assets/Prefabs/UI/UIManager.prefab
  artifactKey: Guid(cf58ca26d69faf147be346f41138d592) Importer(815301076,1909f56bfc062723c751e8b465ee728b)
Start importing Assets/Prefabs/UI/UIManager.prefab using Guid(cf58ca26d69faf147be346f41138d592) Importer(815301076,1909f56bfc062723c751e8b465ee728b) (PreviewImporter) -> (artifact id: '06e4324878233ee5d3533505c736f81a') in 0.0016741 seconds
Number of updated asset objects reloaded before import = 0Number of asset objects unloaded after import = 7

========================================================================
Received Import Request.
  Time since last request: 0.569131 seconds.
  path: Assets/Prefabs/UI/UIManager.prefab
  artifactKey: Guid(cf58ca26d69faf147be346f41138d592) Importer(815301076,1909f56bfc062723c751e8b465ee728b)
Start importing Assets/Prefabs/UI/UIManager.prefab using Guid(cf58ca26d69faf147be346f41138d592) Importer(815301076,1909f56bfc062723c751e8b465ee728b) (PreviewImporter) -> (artifact id: '0cdbf6422e44eca4d7520b963de91b4e') in 0.0015018 seconds
Number of updated asset objects reloaded before import = 0Number of asset objects unloaded after import = 7

========================================================================
Received Import Request.
  Time since last request: 0.173412 seconds.
  path: Assets/Prefabs/UI/UIManager.prefab
  artifactKey: Guid(cf58ca26d69faf147be346f41138d592) Importer(815301076,1909f56bfc062723c751e8b465ee728b)
Start importing Assets/Prefabs/UI/UIManager.prefab using Guid(cf58ca26d69faf147be346f41138d592) Importer(815301076,1909f56bfc062723c751e8b465ee728b) (PreviewImporter) -> (artifact id: 'e25a949bdf2fed9fbcf4ff06354405fa') in 0.0015536 seconds
Number of updated asset objects reloaded before import = 0Number of asset objects unloaded after import = 7

========================================================================
Received Import Request.
  Time since last request: 0.173915 seconds.
  path: Assets/Prefabs/UI/UIManager.prefab
  artifactKey: Guid(cf58ca26d69faf147be346f41138d592) Importer(815301076,1909f56bfc062723c751e8b465ee728b)
Start importing Assets/Prefabs/UI/UIManager.prefab using Guid(cf58ca26d69faf147be346f41138d592) Importer(815301076,1909f56bfc062723c751e8b465ee728b) (PreviewImporter) -> (artifact id: 'b98c121d8d2ff812271eedf251d3126f') in 0.0015587 seconds
Number of updated asset objects reloaded before import = 0Number of asset objects unloaded after import = 7

========================================================================
Received Import Request.
  Time since last request: 0.378353 seconds.
  path: Assets/Prefabs/UI/UIManager.prefab
  artifactKey: Guid(cf58ca26d69faf147be346f41138d592) Importer(815301076,1909f56bfc062723c751e8b465ee728b)
Start importing Assets/Prefabs/UI/UIManager.prefab using Guid(cf58ca26d69faf147be346f41138d592) Importer(815301076,1909f56bfc062723c751e8b465ee728b) (PreviewImporter) -> (artifact id: '229ee9ba2914509bef2bf5ceda3af606') in 0.0016323 seconds
Number of updated asset objects reloaded before import = 0Number of asset objects unloaded after import = 7

========================================================================
Received Import Request.
  Time since last request: 0.169555 seconds.
  path: Assets/Prefabs/UI/UIManager.prefab
  artifactKey: Guid(cf58ca26d69faf147be346f41138d592) Importer(815301076,1909f56bfc062723c751e8b465ee728b)
Start importing Assets/Prefabs/UI/UIManager.prefab using Guid(cf58ca26d69faf147be346f41138d592) Importer(815301076,1909f56bfc062723c751e8b465ee728b) (PreviewImporter) -> (artifact id: '7b638f526e5eb53bcb7ba30683162c7d') in 0.0015364 seconds
Number of updated asset objects reloaded before import = 0Number of asset objects unloaded after import = 7

========================================================================
Received Import Request.
  Time since last request: 0.172897 seconds.
  path: Assets/Prefabs/UI/UIManager.prefab
  artifactKey: Guid(cf58ca26d69faf147be346f41138d592) Importer(815301076,1909f56bfc062723c751e8b465ee728b)
Start importing Assets/Prefabs/UI/UIManager.prefab using Guid(cf58ca26d69faf147be346f41138d592) Importer(815301076,1909f56bfc062723c751e8b465ee728b) (PreviewImporter) -> (artifact id: 'd0d2bc2219836815ebcc61db38db70de') in 0.001534 seconds
Number of updated asset objects reloaded before import = 0Number of asset objects unloaded after import = 7

========================================================================
Received Import Request.
  Time since last request: 0.174867 seconds.
  path: Assets/Prefabs/UI/UIManager.prefab
  artifactKey: Guid(cf58ca26d69faf147be346f41138d592) Importer(815301076,1909f56bfc062723c751e8b465ee728b)
Start importing Assets/Prefabs/UI/UIManager.prefab using Guid(cf58ca26d69faf147be346f41138d592) Importer(815301076,1909f56bfc062723c751e8b465ee728b) (PreviewImporter) -> (artifact id: '9c302dbe50681fede694ad542123f17e') in 0.0015659 seconds
Number of updated asset objects reloaded before import = 0Number of asset objects unloaded after import = 7

========================================================================
Received Import Request.
  Time since last request: 0.172965 seconds.
  path: Assets/Prefabs/UI/UIManager.prefab
  artifactKey: Guid(cf58ca26d69faf147be346f41138d592) Importer(815301076,1909f56bfc062723c751e8b465ee728b)
Start importing Assets/Prefabs/UI/UIManager.prefab using Guid(cf58ca26d69faf147be346f41138d592) Importer(815301076,1909f56bfc062723c751e8b465ee728b) (PreviewImporter) -> (artifact id: '342586e3cee2bc14140f3ef676bd4246') in 0.0014968 seconds
Number of updated asset objects reloaded before import = 0Number of asset objects unloaded after import = 7

========================================================================
Received Import Request.
  Time since last request: 0.174591 seconds.
  path: Assets/Prefabs/UI/UIManager.prefab
  artifactKey: Guid(cf58ca26d69faf147be346f41138d592) Importer(815301076,1909f56bfc062723c751e8b465ee728b)
Start importing Assets/Prefabs/UI/UIManager.prefab using Guid(cf58ca26d69faf147be346f41138d592) Importer(815301076,1909f56bfc062723c751e8b465ee728b) (PreviewImporter) -> (artifact id: '938774dc44244dbee1cbe9607a7f0e7a') in 0.0015835 seconds
Number of updated asset objects reloaded before import = 0Number of asset objects unloaded after import = 7

========================================================================
Received Import Request.
  Time since last request: 0.174451 seconds.
  path: Assets/Prefabs/UI/UIManager.prefab
  artifactKey: Guid(cf58ca26d69faf147be346f41138d592) Importer(815301076,1909f56bfc062723c751e8b465ee728b)
Start importing Assets/Prefabs/UI/UIManager.prefab using Guid(cf58ca26d69faf147be346f41138d592) Importer(815301076,1909f56bfc062723c751e8b465ee728b) (PreviewImporter) -> (artifact id: '0fc6ba57db2f6cc7f38bd469d3b17b82') in 0.0015952 seconds
Number of updated asset objects reloaded before import = 0Number of asset objects unloaded after import = 7

========================================================================
Received Import Request.
  Time since last request: 0.168961 seconds.
  path: Assets/Prefabs/UI/UIManager.prefab
  artifactKey: Guid(cf58ca26d69faf147be346f41138d592) Importer(815301076,1909f56bfc062723c751e8b465ee728b)
Start importing Assets/Prefabs/UI/UIManager.prefab using Guid(cf58ca26d69faf147be346f41138d592) Importer(815301076,1909f56bfc062723c751e8b465ee728b) (PreviewImporter) -> (artifact id: 'a3b7d02098c3589573b4f6f44408ad82') in 0.0014891 seconds
Number of updated asset objects reloaded before import = 0Number of asset objects unloaded after import = 7

========================================================================
Received Import Request.
  Time since last request: 0.376358 seconds.
  path: Assets/Prefabs/UI/UIManager.prefab
  artifactKey: Guid(cf58ca26d69faf147be346f41138d592) Importer(815301076,1909f56bfc062723c751e8b465ee728b)
Start importing Assets/Prefabs/UI/UIManager.prefab using Guid(cf58ca26d69faf147be346f41138d592) Importer(815301076,1909f56bfc062723c751e8b465ee728b) (PreviewImporter) -> (artifact id: 'b35d348781e741c9a9cf6cfa2b085295') in 0.0014747 seconds
Number of updated asset objects reloaded before import = 0Number of asset objects unloaded after import = 7

========================================================================
Received Import Request.
  Time since last request: 4.355947 seconds.
  path: Assets/Prefabs/UI/UIManager.prefab
  artifactKey: Guid(cf58ca26d69faf147be346f41138d592) Importer(815301076,1909f56bfc062723c751e8b465ee728b)
Start importing Assets/Prefabs/UI/UIManager.prefab using Guid(cf58ca26d69faf147be346f41138d592) Importer(815301076,1909f56bfc062723c751e8b465ee728b) (PreviewImporter) -> (artifact id: 'f88d8ece9471ced2091a8ce0c7edf6f4') in 0.0016262 seconds
Number of updated asset objects reloaded before import = 0Number of asset objects unloaded after import = 7

========================================================================
Received Import Request.
  Time since last request: 1.385496 seconds.
  path: Assets/Prefabs/UI/UIManager.prefab
  artifactKey: Guid(cf58ca26d69faf147be346f41138d592) Importer(815301076,1909f56bfc062723c751e8b465ee728b)
Start importing Assets/Prefabs/UI/UIManager.prefab using Guid(cf58ca26d69faf147be346f41138d592) Importer(815301076,1909f56bfc062723c751e8b465ee728b) (PreviewImporter) -> (artifact id: '4f4180318eb5ecdc9677e1771699d431') in 0.0015552 seconds
Number of updated asset objects reloaded before import = 0Number of asset objects unloaded after import = 7

========================================================================
Received Import Request.
  Time since last request: 0.373495 seconds.
  path: Assets/Prefabs/UI/UIManager.prefab
  artifactKey: Guid(cf58ca26d69faf147be346f41138d592) Importer(815301076,1909f56bfc062723c751e8b465ee728b)
Start importing Assets/Prefabs/UI/UIManager.prefab using Guid(cf58ca26d69faf147be346f41138d592) Importer(815301076,1909f56bfc062723c751e8b465ee728b) (PreviewImporter) -> (artifact id: 'df2c757f33e6a8edc5a5e04b8515f3f0') in 0.0015994 seconds
Number of updated asset objects reloaded before import = 0Number of asset objects unloaded after import = 7

========================================================================
Received Import Request.
  Time since last request: 0.175269 seconds.
  path: Assets/Prefabs/UI/UIManager.prefab
  artifactKey: Guid(cf58ca26d69faf147be346f41138d592) Importer(815301076,1909f56bfc062723c751e8b465ee728b)
Start importing Assets/Prefabs/UI/UIManager.prefab using Guid(cf58ca26d69faf147be346f41138d592) Importer(815301076,1909f56bfc062723c751e8b465ee728b) (PreviewImporter) -> (artifact id: '64ee8caf11b303596d6a958c12ee39c9') in 0.0016084 seconds
Number of updated asset objects reloaded before import = 0Number of asset objects unloaded after import = 7

========================================================================
Received Import Request.
  Time since last request: 0.201455 seconds.
  path: Assets/Prefabs/UI/UIManager.prefab
  artifactKey: Guid(cf58ca26d69faf147be346f41138d592) Importer(815301076,1909f56bfc062723c751e8b465ee728b)
Start importing Assets/Prefabs/UI/UIManager.prefab using Guid(cf58ca26d69faf147be346f41138d592) Importer(815301076,1909f56bfc062723c751e8b465ee728b) (PreviewImporter) -> (artifact id: 'c67ead057babca4d9853447bdbe61cdb') in 0.0016066 seconds
Number of updated asset objects reloaded before import = 0Number of asset objects unloaded after import = 7

========================================================================
Received Import Request.
  Time since last request: 0.143118 seconds.
  path: Assets/Prefabs/UI/UIManager.prefab
  artifactKey: Guid(cf58ca26d69faf147be346f41138d592) Importer(815301076,1909f56bfc062723c751e8b465ee728b)
Start importing Assets/Prefabs/UI/UIManager.prefab using Guid(cf58ca26d69faf147be346f41138d592) Importer(815301076,1909f56bfc062723c751e8b465ee728b) (PreviewImporter) -> (artifact id: '307d696fced2712a1ad5e5a1ecb18618') in 0.0015668 seconds
Number of updated asset objects reloaded before import = 0Number of asset objects unloaded after import = 7

========================================================================
Received Import Request.
  Time since last request: 0.167736 seconds.
  path: Assets/Prefabs/UI/UIManager.prefab
  artifactKey: Guid(cf58ca26d69faf147be346f41138d592) Importer(815301076,1909f56bfc062723c751e8b465ee728b)
Start importing Assets/Prefabs/UI/UIManager.prefab using Guid(cf58ca26d69faf147be346f41138d592) Importer(815301076,1909f56bfc062723c751e8b465ee728b) (PreviewImporter) -> (artifact id: 'c59fe20bce54ac909401b977d73de201') in 0.0015775 seconds
Number of updated asset objects reloaded before import = 0Number of asset objects unloaded after import = 7

========================================================================
Received Import Request.
  Time since last request: 0.175154 seconds.
  path: Assets/Prefabs/UI/UIManager.prefab
  artifactKey: Guid(cf58ca26d69faf147be346f41138d592) Importer(815301076,1909f56bfc062723c751e8b465ee728b)
Start importing Assets/Prefabs/UI/UIManager.prefab using Guid(cf58ca26d69faf147be346f41138d592) Importer(815301076,1909f56bfc062723c751e8b465ee728b) (PreviewImporter) -> (artifact id: '03f8acc5f9c544de8b3be1a27b72d8bc') in 0.001585 seconds
Number of updated asset objects reloaded before import = 0Number of asset objects unloaded after import = 7

========================================================================
Received Import Request.
  Time since last request: 0.173824 seconds.
  path: Assets/Prefabs/UI/UIManager.prefab
  artifactKey: Guid(cf58ca26d69faf147be346f41138d592) Importer(815301076,1909f56bfc062723c751e8b465ee728b)
Start importing Assets/Prefabs/UI/UIManager.prefab using Guid(cf58ca26d69faf147be346f41138d592) Importer(815301076,1909f56bfc062723c751e8b465ee728b) (PreviewImporter) -> (artifact id: '832f630503ebe81056f031f063a455b3') in 0.0014402 seconds
Number of updated asset objects reloaded before import = 0Number of asset objects unloaded after import = 7

========================================================================
Received Import Request.
  Time since last request: 0.379976 seconds.
  path: Assets/Prefabs/UI/UIManager.prefab
  artifactKey: Guid(cf58ca26d69faf147be346f41138d592) Importer(815301076,1909f56bfc062723c751e8b465ee728b)
Start importing Assets/Prefabs/UI/UIManager.prefab using Guid(cf58ca26d69faf147be346f41138d592) Importer(815301076,1909f56bfc062723c751e8b465ee728b) (PreviewImporter) -> (artifact id: 'e8edca40e3b1ec3e2e798d6b412898a6') in 0.0014508 seconds
Number of updated asset objects reloaded before import = 0Number of asset objects unloaded after import = 7

========================================================================
Received Import Request.
  Time since last request: 3.281729 seconds.
  path: Assets/Prefabs/UI/UIManager.prefab
  artifactKey: Guid(cf58ca26d69faf147be346f41138d592) Importer(815301076,1909f56bfc062723c751e8b465ee728b)
Start importing Assets/Prefabs/UI/UIManager.prefab using Guid(cf58ca26d69faf147be346f41138d592) Importer(815301076,1909f56bfc062723c751e8b465ee728b) (PreviewImporter) -> (artifact id: 'eec8b6ec061d86524303d7d32e09d8de') in 0.0015727 seconds
Number of updated asset objects reloaded before import = 0Number of asset objects unloaded after import = 7

========================================================================
Received Import Request.
  Time since last request: 1.182622 seconds.
  path: Assets/Prefabs/UI/UIManager.prefab
  artifactKey: Guid(cf58ca26d69faf147be346f41138d592) Importer(815301076,1909f56bfc062723c751e8b465ee728b)
Start importing Assets/Prefabs/UI/UIManager.prefab using Guid(cf58ca26d69faf147be346f41138d592) Importer(815301076,1909f56bfc062723c751e8b465ee728b) (PreviewImporter) -> (artifact id: '6d4097ff3266a06372bc9cccee9b5122') in 0.0014834 seconds
Number of updated asset objects reloaded before import = 0Number of asset objects unloaded after import = 7

========================================================================
Received Import Request.
  Time since last request: 0.367108 seconds.
  path: Assets/Prefabs/UI/UIManager.prefab
  artifactKey: Guid(cf58ca26d69faf147be346f41138d592) Importer(815301076,1909f56bfc062723c751e8b465ee728b)
Start importing Assets/Prefabs/UI/UIManager.prefab using Guid(cf58ca26d69faf147be346f41138d592) Importer(815301076,1909f56bfc062723c751e8b465ee728b) (PreviewImporter) -> (artifact id: '801719a6b0c616c0c33f92c834ad98d4') in 0.0014816 seconds
Number of updated asset objects reloaded before import = 0Number of asset objects unloaded after import = 7

========================================================================
Received Import Request.
  Time since last request: 0.174337 seconds.
  path: Assets/Prefabs/UI/UIManager.prefab
  artifactKey: Guid(cf58ca26d69faf147be346f41138d592) Importer(815301076,1909f56bfc062723c751e8b465ee728b)
Start importing Assets/Prefabs/UI/UIManager.prefab using Guid(cf58ca26d69faf147be346f41138d592) Importer(815301076,1909f56bfc062723c751e8b465ee728b) (PreviewImporter) -> (artifact id: 'cf09c1f0b619b9685181d8feceed7c6d') in 0.001516 seconds
Number of updated asset objects reloaded before import = 0Number of asset objects unloaded after import = 7

========================================================================
Received Import Request.
  Time since last request: 0.171793 seconds.
  path: Assets/Prefabs/UI/UIManager.prefab
  artifactKey: Guid(cf58ca26d69faf147be346f41138d592) Importer(815301076,1909f56bfc062723c751e8b465ee728b)
Start importing Assets/Prefabs/UI/UIManager.prefab using Guid(cf58ca26d69faf147be346f41138d592) Importer(815301076,1909f56bfc062723c751e8b465ee728b) (PreviewImporter) -> (artifact id: 'bc2901e96cdba8f94c7000d121916b76') in 0.0015944 seconds
Number of updated asset objects reloaded before import = 0Number of asset objects unloaded after import = 7

========================================================================
Received Import Request.
  Time since last request: 0.378904 seconds.
  path: Assets/Prefabs/UI/UIManager.prefab
  artifactKey: Guid(cf58ca26d69faf147be346f41138d592) Importer(815301076,1909f56bfc062723c751e8b465ee728b)
Start importing Assets/Prefabs/UI/UIManager.prefab using Guid(cf58ca26d69faf147be346f41138d592) Importer(815301076,1909f56bfc062723c751e8b465ee728b) (PreviewImporter) -> (artifact id: 'f0a7d8917a0de1091226db5f1666b6aa') in 0.0015559 seconds
Number of updated asset objects reloaded before import = 0Number of asset objects unloaded after import = 7

========================================================================
Received Import Request.
  Time since last request: 0.170296 seconds.
  path: Assets/Prefabs/UI/UIManager.prefab
  artifactKey: Guid(cf58ca26d69faf147be346f41138d592) Importer(815301076,1909f56bfc062723c751e8b465ee728b)
Start importing Assets/Prefabs/UI/UIManager.prefab using Guid(cf58ca26d69faf147be346f41138d592) Importer(815301076,1909f56bfc062723c751e8b465ee728b) (PreviewImporter) -> (artifact id: 'bc117c6500f07578ecdaf4108be23331') in 0.0031559 seconds
Number of updated asset objects reloaded before import = 0Number of asset objects unloaded after import = 7

========================================================================
Received Import Request.
  Time since last request: 0.173361 seconds.
  path: Assets/Prefabs/UI/UIManager.prefab
  artifactKey: Guid(cf58ca26d69faf147be346f41138d592) Importer(815301076,1909f56bfc062723c751e8b465ee728b)
Start importing Assets/Prefabs/UI/UIManager.prefab using Guid(cf58ca26d69faf147be346f41138d592) Importer(815301076,1909f56bfc062723c751e8b465ee728b) (PreviewImporter) -> (artifact id: 'b0435573966d77fb8f01d28d469fa5c4') in 0.0016014 seconds
Number of updated asset objects reloaded before import = 0Number of asset objects unloaded after import = 7

========================================================================
Received Import Request.
  Time since last request: 0.172214 seconds.
  path: Assets/Prefabs/UI/UIManager.prefab
  artifactKey: Guid(cf58ca26d69faf147be346f41138d592) Importer(815301076,1909f56bfc062723c751e8b465ee728b)
Start importing Assets/Prefabs/UI/UIManager.prefab using Guid(cf58ca26d69faf147be346f41138d592) Importer(815301076,1909f56bfc062723c751e8b465ee728b) (PreviewImporter) -> (artifact id: 'fb8ac07d354a17268f6fd25a2987f958') in 0.0017181 seconds
Number of updated asset objects reloaded before import = 0Number of asset objects unloaded after import = 7

========================================================================
Received Import Request.
  Time since last request: 0.173052 seconds.
  path: Assets/Prefabs/UI/UIManager.prefab
  artifactKey: Guid(cf58ca26d69faf147be346f41138d592) Importer(815301076,1909f56bfc062723c751e8b465ee728b)
Start importing Assets/Prefabs/UI/UIManager.prefab using Guid(cf58ca26d69faf147be346f41138d592) Importer(815301076,1909f56bfc062723c751e8b465ee728b) (PreviewImporter) -> (artifact id: '768a9db91c546963f1ce455dcc088917') in 0.0016344 seconds
Number of updated asset objects reloaded before import = 0Number of asset objects unloaded after import = 7

========================================================================
Received Import Request.
  Time since last request: 0.173688 seconds.
  path: Assets/Prefabs/UI/UIManager.prefab
  artifactKey: Guid(cf58ca26d69faf147be346f41138d592) Importer(815301076,1909f56bfc062723c751e8b465ee728b)
Start importing Assets/Prefabs/UI/UIManager.prefab using Guid(cf58ca26d69faf147be346f41138d592) Importer(815301076,1909f56bfc062723c751e8b465ee728b) (PreviewImporter) -> (artifact id: '85216bbff3e252998803ad8303ad271b') in 0.0016728 seconds
Number of updated asset objects reloaded before import = 0Number of asset objects unloaded after import = 7

========================================================================
Received Import Request.
  Time since last request: 0.374367 seconds.
  path: Assets/Prefabs/UI/UIManager.prefab
  artifactKey: Guid(cf58ca26d69faf147be346f41138d592) Importer(815301076,1909f56bfc062723c751e8b465ee728b)
Start importing Assets/Prefabs/UI/UIManager.prefab using Guid(cf58ca26d69faf147be346f41138d592) Importer(815301076,1909f56bfc062723c751e8b465ee728b) (PreviewImporter) -> (artifact id: 'b768a00b0be257cf40fbede94cb9ec32') in 0.0015039 seconds
Number of updated asset objects reloaded before import = 0Number of asset objects unloaded after import = 7

========================================================================
Received Import Request.
  Time since last request: 28.915861 seconds.
  path: Assets/Prefabs/UI/UIManager.prefab
  artifactKey: Guid(cf58ca26d69faf147be346f41138d592) Importer(815301076,1909f56bfc062723c751e8b465ee728b)
Start importing Assets/Prefabs/UI/UIManager.prefab using Guid(cf58ca26d69faf147be346f41138d592) Importer(815301076,1909f56bfc062723c751e8b465ee728b) (PreviewImporter) -> (artifact id: '4e42e1a197922566b65c73e95faa72a6') in 0.0016776 seconds
Number of updated asset objects reloaded before import = 0Number of asset objects unloaded after import = 7

========================================================================
Received Import Request.
  Time since last request: 5.515087 seconds.
  path: Assets/Prefabs/UI/UIManager.prefab
  artifactKey: Guid(cf58ca26d69faf147be346f41138d592) Importer(815301076,1909f56bfc062723c751e8b465ee728b)
Start importing Assets/Prefabs/UI/UIManager.prefab using Guid(cf58ca26d69faf147be346f41138d592) Importer(815301076,1909f56bfc062723c751e8b465ee728b) (PreviewImporter) -> (artifact id: 'b52e142e11d45057e62bf3cf875cbd2e') in 0.0017036 seconds
Number of updated asset objects reloaded before import = 0Number of asset objects unloaded after import = 7

========================================================================
Received Import Request.
  Time since last request: 2.799766 seconds.
  path: Assets/Prefabs/UI/UIManager.prefab
  artifactKey: Guid(cf58ca26d69faf147be346f41138d592) Importer(815301076,1909f56bfc062723c751e8b465ee728b)
Start importing Assets/Prefabs/UI/UIManager.prefab using Guid(cf58ca26d69faf147be346f41138d592) Importer(815301076,1909f56bfc062723c751e8b465ee728b) (PreviewImporter) -> (artifact id: 'e889300636caffee04ae441b881da2bb') in 0.0016272 seconds
Number of updated asset objects reloaded before import = 0Number of asset objects unloaded after import = 7

========================================================================
Received Import Request.
  Time since last request: 0.164042 seconds.
  path: Assets/Prefabs/UI/UIManager.prefab
  artifactKey: Guid(cf58ca26d69faf147be346f41138d592) Importer(815301076,1909f56bfc062723c751e8b465ee728b)
Start importing Assets/Prefabs/UI/UIManager.prefab using Guid(cf58ca26d69faf147be346f41138d592) Importer(815301076,1909f56bfc062723c751e8b465ee728b) (PreviewImporter) -> (artifact id: '0e30bbd79c914e86d7550bc755095e02') in 0.0015706 seconds
Number of updated asset objects reloaded before import = 0Number of asset objects unloaded after import = 7

========================================================================
Received Import Request.
  Time since last request: 0.176247 seconds.
  path: Assets/Prefabs/UI/UIManager.prefab
  artifactKey: Guid(cf58ca26d69faf147be346f41138d592) Importer(815301076,1909f56bfc062723c751e8b465ee728b)
Start importing Assets/Prefabs/UI/UIManager.prefab using Guid(cf58ca26d69faf147be346f41138d592) Importer(815301076,1909f56bfc062723c751e8b465ee728b) (PreviewImporter) -> (artifact id: '4a79da8914041da5531880c5d97534a5') in 0.001566 seconds
Number of updated asset objects reloaded before import = 0Number of asset objects unloaded after import = 7

========================================================================
Received Import Request.
  Time since last request: 0.174901 seconds.
  path: Assets/Prefabs/UI/UIManager.prefab
  artifactKey: Guid(cf58ca26d69faf147be346f41138d592) Importer(815301076,1909f56bfc062723c751e8b465ee728b)
Start importing Assets/Prefabs/UI/UIManager.prefab using Guid(cf58ca26d69faf147be346f41138d592) Importer(815301076,1909f56bfc062723c751e8b465ee728b) (PreviewImporter) -> (artifact id: 'a3bad7182fd8a7e3201711b8a55cb056') in 0.0015595 seconds
Number of updated asset objects reloaded before import = 0Number of asset objects unloaded after import = 7

========================================================================
Received Import Request.
  Time since last request: 0.580011 seconds.
  path: Assets/Prefabs/UI/UIManager.prefab
  artifactKey: Guid(cf58ca26d69faf147be346f41138d592) Importer(815301076,1909f56bfc062723c751e8b465ee728b)
Start importing Assets/Prefabs/UI/UIManager.prefab using Guid(cf58ca26d69faf147be346f41138d592) Importer(815301076,1909f56bfc062723c751e8b465ee728b) (PreviewImporter) -> (artifact id: '7abae7e77b9527dc40239f27a63b616a') in 0.0015406 seconds
Number of updated asset objects reloaded before import = 0Number of asset objects unloaded after import = 7

========================================================================
Received Import Request.
  Time since last request: 0.581443 seconds.
  path: Assets/Prefabs/UI/UIManager.prefab
  artifactKey: Guid(cf58ca26d69faf147be346f41138d592) Importer(815301076,1909f56bfc062723c751e8b465ee728b)
Start importing Assets/Prefabs/UI/UIManager.prefab using Guid(cf58ca26d69faf147be346f41138d592) Importer(815301076,1909f56bfc062723c751e8b465ee728b) (PreviewImporter) -> (artifact id: '9b8f19e0e3a95e5e2831a26f7126846d') in 0.0015763 seconds
Number of updated asset objects reloaded before import = 0Number of asset objects unloaded after import = 7

========================================================================
Received Import Request.
  Time since last request: 2.194014 seconds.
  path: Assets/Prefabs/UI/UIManager.prefab
  artifactKey: Guid(cf58ca26d69faf147be346f41138d592) Importer(815301076,1909f56bfc062723c751e8b465ee728b)
Start importing Assets/Prefabs/UI/UIManager.prefab using Guid(cf58ca26d69faf147be346f41138d592) Importer(815301076,1909f56bfc062723c751e8b465ee728b) (PreviewImporter) -> (artifact id: '145ed8859e05a29a59693e66e8cddb3a') in 0.001559 seconds
Number of updated asset objects reloaded before import = 0Number of asset objects unloaded after import = 7

========================================================================
Received Import Request.
  Time since last request: 18.146665 seconds.
  path: Assets/Prefabs/UI/UIManager.prefab
  artifactKey: Guid(cf58ca26d69faf147be346f41138d592) Importer(815301076,1909f56bfc062723c751e8b465ee728b)
Start importing Assets/Prefabs/UI/UIManager.prefab using Guid(cf58ca26d69faf147be346f41138d592) Importer(815301076,1909f56bfc062723c751e8b465ee728b) (PreviewImporter) -> (artifact id: 'e04f529586634e8359eb6cd5fbde190f') in 0.001977 seconds
Number of updated asset objects reloaded before import = 0Number of asset objects unloaded after import = 7

========================================================================
Received Import Request.
  Time since last request: 2.591655 seconds.
  path: Assets/Prefabs/UI/UIManager.prefab
  artifactKey: Guid(cf58ca26d69faf147be346f41138d592) Importer(815301076,1909f56bfc062723c751e8b465ee728b)
Start importing Assets/Prefabs/UI/UIManager.prefab using Guid(cf58ca26d69faf147be346f41138d592) Importer(815301076,1909f56bfc062723c751e8b465ee728b) (PreviewImporter) -> (artifact id: '3543e9b0d220f0098ffcfbc9d668d721') in 0.0015958 seconds
Number of updated asset objects reloaded before import = 0Number of asset objects unloaded after import = 7

========================================================================
Received Import Request.
  Time since last request: 3.826145 seconds.
  path: Assets/Prefabs/UI/UIManager.prefab
  artifactKey: Guid(cf58ca26d69faf147be346f41138d592) Importer(815301076,1909f56bfc062723c751e8b465ee728b)
Start importing Assets/Prefabs/UI/UIManager.prefab using Guid(cf58ca26d69faf147be346f41138d592) Importer(815301076,1909f56bfc062723c751e8b465ee728b) (PreviewImporter) -> (artifact id: '8d4cdf8bc381ac05183d9e77a989ff12') in 0.0015426 seconds
Number of updated asset objects reloaded before import = 0Number of asset objects unloaded after import = 7

========================================================================
Received Import Request.
  Time since last request: 3.223067 seconds.
  path: Assets/Prefabs/UI/UIManager.prefab
  artifactKey: Guid(cf58ca26d69faf147be346f41138d592) Importer(815301076,1909f56bfc062723c751e8b465ee728b)
Start importing Assets/Prefabs/UI/UIManager.prefab using Guid(cf58ca26d69faf147be346f41138d592) Importer(815301076,1909f56bfc062723c751e8b465ee728b) (PreviewImporter) -> (artifact id: '9007c88033f749a36131d6e2abe7c712') in 0.0016873 seconds
Number of updated asset objects reloaded before import = 0Number of asset objects unloaded after import = 7

========================================================================
Received Import Request.
  Time since last request: 1.157346 seconds.
  path: Assets/Prefabs/UI/UIManager.prefab
  artifactKey: Guid(cf58ca26d69faf147be346f41138d592) Importer(815301076,1909f56bfc062723c751e8b465ee728b)
Start importing Assets/Prefabs/UI/UIManager.prefab using Guid(cf58ca26d69faf147be346f41138d592) Importer(815301076,1909f56bfc062723c751e8b465ee728b) (PreviewImporter) -> (artifact id: '1bf8eefed06fcf0c2faea6448ee72d97') in 0.0015698 seconds
Number of updated asset objects reloaded before import = 0Number of asset objects unloaded after import = 7

========================================================================
Received Import Request.
  Time since last request: 3.402279 seconds.
  path: Assets/Prefabs/UI/UIManager.prefab
  artifactKey: Guid(cf58ca26d69faf147be346f41138d592) Importer(815301076,1909f56bfc062723c751e8b465ee728b)
Start importing Assets/Prefabs/UI/UIManager.prefab using Guid(cf58ca26d69faf147be346f41138d592) Importer(815301076,1909f56bfc062723c751e8b465ee728b) (PreviewImporter) -> (artifact id: '84f5c1aa5ea965ad2ded927e2a6369fb') in 0.0015136 seconds
Number of updated asset objects reloaded before import = 0Number of asset objects unloaded after import = 7

========================================================================
Received Import Request.
  Time since last request: 3.611393 seconds.
  path: Assets/Prefabs/UI/UIManager.prefab
  artifactKey: Guid(cf58ca26d69faf147be346f41138d592) Importer(815301076,1909f56bfc062723c751e8b465ee728b)
Start importing Assets/Prefabs/UI/UIManager.prefab using Guid(cf58ca26d69faf147be346f41138d592) Importer(815301076,1909f56bfc062723c751e8b465ee728b) (PreviewImporter) -> (artifact id: 'bf17974f6a01bd573ed27ebb1bbe24dd') in 0.0015079 seconds
Number of updated asset objects reloaded before import = 0Number of asset objects unloaded after import = 7

========================================================================
Received Import Request.
  Time since last request: 0.779704 seconds.
  path: Assets/Prefabs/UI/UIManager.prefab
  artifactKey: Guid(cf58ca26d69faf147be346f41138d592) Importer(815301076,1909f56bfc062723c751e8b465ee728b)
Start importing Assets/Prefabs/UI/UIManager.prefab using Guid(cf58ca26d69faf147be346f41138d592) Importer(815301076,1909f56bfc062723c751e8b465ee728b) (PreviewImporter) -> (artifact id: 'febb9e958cf94e2fc7bc3f91540c23f7') in 0.001515 seconds
Number of updated asset objects reloaded before import = 0Number of asset objects unloaded after import = 7

========================================================================
Received Import Request.
  Time since last request: 3.000052 seconds.
  path: Assets/Prefabs/UI/UIManager.prefab
  artifactKey: Guid(cf58ca26d69faf147be346f41138d592) Importer(815301076,1909f56bfc062723c751e8b465ee728b)
Start importing Assets/Prefabs/UI/UIManager.prefab using Guid(cf58ca26d69faf147be346f41138d592) Importer(815301076,1909f56bfc062723c751e8b465ee728b) (PreviewImporter) -> (artifact id: '26db1ec19357822dfb9968d5f9345154') in 0.001597 seconds
Number of updated asset objects reloaded before import = 0Number of asset objects unloaded after import = 7

========================================================================
Received Import Request.
  Time since last request: 0.376099 seconds.
  path: Assets/Prefabs/UI/UIManager.prefab
  artifactKey: Guid(cf58ca26d69faf147be346f41138d592) Importer(815301076,1909f56bfc062723c751e8b465ee728b)
Start importing Assets/Prefabs/UI/UIManager.prefab using Guid(cf58ca26d69faf147be346f41138d592) Importer(815301076,1909f56bfc062723c751e8b465ee728b) (PreviewImporter) -> (artifact id: 'be41f091a32bac3d39d09699f5e051e7') in 0.0015327 seconds
Number of updated asset objects reloaded before import = 0Number of asset objects unloaded after import = 7

========================================================================
Received Import Request.
  Time since last request: 0.175979 seconds.
  path: Assets/Prefabs/UI/UIManager.prefab
  artifactKey: Guid(cf58ca26d69faf147be346f41138d592) Importer(815301076,1909f56bfc062723c751e8b465ee728b)
Start importing Assets/Prefabs/UI/UIManager.prefab using Guid(cf58ca26d69faf147be346f41138d592) Importer(815301076,1909f56bfc062723c751e8b465ee728b) (PreviewImporter) -> (artifact id: 'c9a0f802efa7e412a0850325d928c2ab') in 0.0019248 seconds
Number of updated asset objects reloaded before import = 0Number of asset objects unloaded after import = 7

========================================================================
Received Import Request.
  Time since last request: 0.173133 seconds.
  path: Assets/Prefabs/UI/UIManager.prefab
  artifactKey: Guid(cf58ca26d69faf147be346f41138d592) Importer(815301076,1909f56bfc062723c751e8b465ee728b)
Start importing Assets/Prefabs/UI/UIManager.prefab using Guid(cf58ca26d69faf147be346f41138d592) Importer(815301076,1909f56bfc062723c751e8b465ee728b) (PreviewImporter) -> (artifact id: '623b5d678ae34a009a885b973f54857c') in 0.0015705 seconds
Number of updated asset objects reloaded before import = 0Number of asset objects unloaded after import = 7

========================================================================
Received Import Request.
  Time since last request: 0.178253 seconds.
  path: Assets/Prefabs/UI/UIManager.prefab
  artifactKey: Guid(cf58ca26d69faf147be346f41138d592) Importer(815301076,1909f56bfc062723c751e8b465ee728b)
Start importing Assets/Prefabs/UI/UIManager.prefab using Guid(cf58ca26d69faf147be346f41138d592) Importer(815301076,1909f56bfc062723c751e8b465ee728b) (PreviewImporter) -> (artifact id: 'b1cb575ed6604a09cb67fb1658b212c8') in 0.0016456 seconds
Number of updated asset objects reloaded before import = 0Number of asset objects unloaded after import = 7

========================================================================
Received Import Request.
  Time since last request: 0.168596 seconds.
  path: Assets/Prefabs/UI/UIManager.prefab
  artifactKey: Guid(cf58ca26d69faf147be346f41138d592) Importer(815301076,1909f56bfc062723c751e8b465ee728b)
Start importing Assets/Prefabs/UI/UIManager.prefab using Guid(cf58ca26d69faf147be346f41138d592) Importer(815301076,1909f56bfc062723c751e8b465ee728b) (PreviewImporter) -> (artifact id: '8c3d87382a6b52c31cba7e36a1582401') in 0.0015623 seconds
Number of updated asset objects reloaded before import = 0Number of asset objects unloaded after import = 7

========================================================================
Received Import Request.
  Time since last request: 3.791374 seconds.
  path: Assets/Prefabs/UI/UIManager.prefab
  artifactKey: Guid(cf58ca26d69faf147be346f41138d592) Importer(815301076,1909f56bfc062723c751e8b465ee728b)
Start importing Assets/Prefabs/UI/UIManager.prefab using Guid(cf58ca26d69faf147be346f41138d592) Importer(815301076,1909f56bfc062723c751e8b465ee728b) (PreviewImporter) -> (artifact id: '09ac3e901bbc7e11b5b3cf55c212d382') in 0.0015476 seconds
Number of updated asset objects reloaded before import = 0Number of asset objects unloaded after import = 7

========================================================================
Received Import Request.
  Time since last request: 1.174951 seconds.
  path: Assets/Prefabs/UI/UIManager.prefab
  artifactKey: Guid(cf58ca26d69faf147be346f41138d592) Importer(815301076,1909f56bfc062723c751e8b465ee728b)
Start importing Assets/Prefabs/UI/UIManager.prefab using Guid(cf58ca26d69faf147be346f41138d592) Importer(815301076,1909f56bfc062723c751e8b465ee728b) (PreviewImporter) -> (artifact id: '87cbd6b7c861ecb4e8c8f7e3ccd7fa78') in 0.0015216 seconds
Number of updated asset objects reloaded before import = 0Number of asset objects unloaded after import = 7

========================================================================
Received Import Request.
  Time since last request: 0.574672 seconds.
  path: Assets/Prefabs/UI/UIManager.prefab
  artifactKey: Guid(cf58ca26d69faf147be346f41138d592) Importer(815301076,1909f56bfc062723c751e8b465ee728b)
Start importing Assets/Prefabs/UI/UIManager.prefab using Guid(cf58ca26d69faf147be346f41138d592) Importer(815301076,1909f56bfc062723c751e8b465ee728b) (PreviewImporter) -> (artifact id: '96a34bee3c83f6c9c41b3670a69a4c39') in 0.0015492 seconds
Number of updated asset objects reloaded before import = 0Number of asset objects unloaded after import = 7

========================================================================
Received Import Request.
  Time since last request: 0.172528 seconds.
  path: Assets/Prefabs/UI/UIManager.prefab
  artifactKey: Guid(cf58ca26d69faf147be346f41138d592) Importer(815301076,1909f56bfc062723c751e8b465ee728b)
Start importing Assets/Prefabs/UI/UIManager.prefab using Guid(cf58ca26d69faf147be346f41138d592) Importer(815301076,1909f56bfc062723c751e8b465ee728b) (PreviewImporter) -> (artifact id: 'e995bcde10dbf8adaf4a588d6d3369f8') in 0.0015163 seconds
Number of updated asset objects reloaded before import = 0Number of asset objects unloaded after import = 7

========================================================================
Received Import Request.
  Time since last request: 0.176768 seconds.
  path: Assets/Prefabs/UI/UIManager.prefab
  artifactKey: Guid(cf58ca26d69faf147be346f41138d592) Importer(815301076,1909f56bfc062723c751e8b465ee728b)
Start importing Assets/Prefabs/UI/UIManager.prefab using Guid(cf58ca26d69faf147be346f41138d592) Importer(815301076,1909f56bfc062723c751e8b465ee728b) (PreviewImporter) -> (artifact id: '1a820cea57570cb0a940d4879aba13bf') in 0.0016124 seconds
Number of updated asset objects reloaded before import = 0Number of asset objects unloaded after import = 7

========================================================================
Received Import Request.
  Time since last request: 0.166549 seconds.
  path: Assets/Prefabs/UI/UIManager.prefab
  artifactKey: Guid(cf58ca26d69faf147be346f41138d592) Importer(815301076,1909f56bfc062723c751e8b465ee728b)
Start importing Assets/Prefabs/UI/UIManager.prefab using Guid(cf58ca26d69faf147be346f41138d592) Importer(815301076,1909f56bfc062723c751e8b465ee728b) (PreviewImporter) -> (artifact id: '30c1613c916ba68553c532797b9490b8') in 0.0015571 seconds
Number of updated asset objects reloaded before import = 0Number of asset objects unloaded after import = 7

========================================================================
Received Import Request.
  Time since last request: 10.832985 seconds.
  path: Assets/Prefabs/UI/UIManager.prefab
  artifactKey: Guid(cf58ca26d69faf147be346f41138d592) Importer(815301076,1909f56bfc062723c751e8b465ee728b)
Start importing Assets/Prefabs/UI/UIManager.prefab using Guid(cf58ca26d69faf147be346f41138d592) Importer(815301076,1909f56bfc062723c751e8b465ee728b) (PreviewImporter) -> (artifact id: '942d90f56fef76741214c137f73d5666') in 0.0019642 seconds
Number of updated asset objects reloaded before import = 0Number of asset objects unloaded after import = 7

========================================================================
Received Import Request.
  Time since last request: 0.959759 seconds.
  path: Assets/Prefabs/UI/UIManager.prefab
  artifactKey: Guid(cf58ca26d69faf147be346f41138d592) Importer(815301076,1909f56bfc062723c751e8b465ee728b)
Start importing Assets/Prefabs/UI/UIManager.prefab using Guid(cf58ca26d69faf147be346f41138d592) Importer(815301076,1909f56bfc062723c751e8b465ee728b) (PreviewImporter) -> (artifact id: '952f4fc0130c502589d40b53263fa67d') in 0.001534 seconds
Number of updated asset objects reloaded before import = 0Number of asset objects unloaded after import = 7

========================================================================
Received Import Request.
  Time since last request: 0.981808 seconds.
  path: Assets/Prefabs/UI/UIManager.prefab
  artifactKey: Guid(cf58ca26d69faf147be346f41138d592) Importer(815301076,1909f56bfc062723c751e8b465ee728b)
Start importing Assets/Prefabs/UI/UIManager.prefab using Guid(cf58ca26d69faf147be346f41138d592) Importer(815301076,1909f56bfc062723c751e8b465ee728b) (PreviewImporter) -> (artifact id: 'bf4303029dd33354ff9e5d55ad54d9a8') in 0.0015411 seconds
Number of updated asset objects reloaded before import = 0Number of asset objects unloaded after import = 7

========================================================================
Received Import Request.
  Time since last request: 0.168099 seconds.
  path: Assets/Prefabs/UI/UIManager.prefab
  artifactKey: Guid(cf58ca26d69faf147be346f41138d592) Importer(815301076,1909f56bfc062723c751e8b465ee728b)
Start importing Assets/Prefabs/UI/UIManager.prefab using Guid(cf58ca26d69faf147be346f41138d592) Importer(815301076,1909f56bfc062723c751e8b465ee728b) (PreviewImporter) -> (artifact id: 'faaf5c3904d5c03b6b89e69414676d71') in 0.0015316 seconds
Number of updated asset objects reloaded before import = 0Number of asset objects unloaded after import = 7

========================================================================
Received Import Request.
  Time since last request: 6.002097 seconds.
  path: Assets/Prefabs/UI/UIManager.prefab
  artifactKey: Guid(cf58ca26d69faf147be346f41138d592) Importer(815301076,1909f56bfc062723c751e8b465ee728b)
Start importing Assets/Prefabs/UI/UIManager.prefab using Guid(cf58ca26d69faf147be346f41138d592) Importer(815301076,1909f56bfc062723c751e8b465ee728b) (PreviewImporter) -> (artifact id: '9d3434a436c1347fd3f4ccf0725aa25f') in 0.0017333 seconds
Number of updated asset objects reloaded before import = 0Number of asset objects unloaded after import = 7

========================================================================
Received Import Request.
  Time since last request: 1.175962 seconds.
  path: Assets/Prefabs/UI/UIManager.prefab
  artifactKey: Guid(cf58ca26d69faf147be346f41138d592) Importer(815301076,1909f56bfc062723c751e8b465ee728b)
Start importing Assets/Prefabs/UI/UIManager.prefab using Guid(cf58ca26d69faf147be346f41138d592) Importer(815301076,1909f56bfc062723c751e8b465ee728b) (PreviewImporter) -> (artifact id: 'c88bf8cd2b1d64b18a8511fb60981688') in 0.0015801 seconds
Number of updated asset objects reloaded before import = 0Number of asset objects unloaded after import = 7

========================================================================
Received Import Request.
  Time since last request: 0.574644 seconds.
  path: Assets/Prefabs/UI/UIManager.prefab
  artifactKey: Guid(cf58ca26d69faf147be346f41138d592) Importer(815301076,1909f56bfc062723c751e8b465ee728b)
Start importing Assets/Prefabs/UI/UIManager.prefab using Guid(cf58ca26d69faf147be346f41138d592) Importer(815301076,1909f56bfc062723c751e8b465ee728b) (PreviewImporter) -> (artifact id: 'c1b40a9cf27d80057f13c801a68ddd7e') in 0.0015942 seconds
Number of updated asset objects reloaded before import = 0Number of asset objects unloaded after import = 7

========================================================================
Received Import Request.
  Time since last request: 0.172044 seconds.
  path: Assets/Prefabs/UI/UIManager.prefab
  artifactKey: Guid(cf58ca26d69faf147be346f41138d592) Importer(815301076,1909f56bfc062723c751e8b465ee728b)
Start importing Assets/Prefabs/UI/UIManager.prefab using Guid(cf58ca26d69faf147be346f41138d592) Importer(815301076,1909f56bfc062723c751e8b465ee728b) (PreviewImporter) -> (artifact id: '4091b0d4d9e6e407dd37a19597c2468d') in 0.0015492 seconds
Number of updated asset objects reloaded before import = 0Number of asset objects unloaded after import = 7

========================================================================
Received Import Request.
  Time since last request: 0.175839 seconds.
  path: Assets/Prefabs/UI/UIManager.prefab
  artifactKey: Guid(cf58ca26d69faf147be346f41138d592) Importer(815301076,1909f56bfc062723c751e8b465ee728b)
Start importing Assets/Prefabs/UI/UIManager.prefab using Guid(cf58ca26d69faf147be346f41138d592) Importer(815301076,1909f56bfc062723c751e8b465ee728b) (PreviewImporter) -> (artifact id: '9125a5e557bc4e78a4f0847279ba11b7') in 0.0015034 seconds
Number of updated asset objects reloaded before import = 0Number of asset objects unloaded after import = 7

========================================================================
Received Import Request.
  Time since last request: 3.252295 seconds.
  path: Assets/Prefabs/UI/UIManager.prefab
  artifactKey: Guid(cf58ca26d69faf147be346f41138d592) Importer(815301076,1909f56bfc062723c751e8b465ee728b)
Start importing Assets/Prefabs/UI/UIManager.prefab using Guid(cf58ca26d69faf147be346f41138d592) Importer(815301076,1909f56bfc062723c751e8b465ee728b) (PreviewImporter) -> (artifact id: '076cfea8724e13c6fd668a52b3e2983c') in 0.001979 seconds
Number of updated asset objects reloaded before import = 0Number of asset objects unloaded after import = 7

========================================================================
Received Import Request.
  Time since last request: 1.173559 seconds.
  path: Assets/Prefabs/UI/UIManager.prefab
  artifactKey: Guid(cf58ca26d69faf147be346f41138d592) Importer(815301076,1909f56bfc062723c751e8b465ee728b)
Start importing Assets/Prefabs/UI/UIManager.prefab using Guid(cf58ca26d69faf147be346f41138d592) Importer(815301076,1909f56bfc062723c751e8b465ee728b) (PreviewImporter) -> (artifact id: 'a1ec79dabe280374c966e1fea94c7a74') in 0.0015162 seconds
Number of updated asset objects reloaded before import = 0Number of asset objects unloaded after import = 7

========================================================================
Received Import Request.
  Time since last request: 0.778350 seconds.
  path: Assets/Prefabs/UI/UIManager.prefab
  artifactKey: Guid(cf58ca26d69faf147be346f41138d592) Importer(815301076,1909f56bfc062723c751e8b465ee728b)
Start importing Assets/Prefabs/UI/UIManager.prefab using Guid(cf58ca26d69faf147be346f41138d592) Importer(815301076,1909f56bfc062723c751e8b465ee728b) (PreviewImporter) -> (artifact id: '19b519d442ee0be512e34a6775ffda56') in 0.001559 seconds
Number of updated asset objects reloaded before import = 0Number of asset objects unloaded after import = 7

========================================================================
Received Import Request.
  Time since last request: 0.171226 seconds.
  path: Assets/Prefabs/UI/UIManager.prefab
  artifactKey: Guid(cf58ca26d69faf147be346f41138d592) Importer(815301076,1909f56bfc062723c751e8b465ee728b)
Start importing Assets/Prefabs/UI/UIManager.prefab using Guid(cf58ca26d69faf147be346f41138d592) Importer(815301076,1909f56bfc062723c751e8b465ee728b) (PreviewImporter) -> (artifact id: '9e2484ba754e32db25b437d6ba56800d') in 0.0015547 seconds
Number of updated asset objects reloaded before import = 0Number of asset objects unloaded after import = 7

========================================================================
Received Import Request.
  Time since last request: 4.373199 seconds.
  path: Assets/Prefabs/UI/UIManager.prefab
  artifactKey: Guid(cf58ca26d69faf147be346f41138d592) Importer(815301076,1909f56bfc062723c751e8b465ee728b)
Start importing Assets/Prefabs/UI/UIManager.prefab using Guid(cf58ca26d69faf147be346f41138d592) Importer(815301076,1909f56bfc062723c751e8b465ee728b) (PreviewImporter) -> (artifact id: 'b0a86d31bc6b06027703d6e660094514') in 0.0017276 seconds
Number of updated asset objects reloaded before import = 0Number of asset objects unloaded after import = 7

========================================================================
Received Import Request.
  Time since last request: 1.575876 seconds.
  path: Assets/Prefabs/UI/UIManager.prefab
  artifactKey: Guid(cf58ca26d69faf147be346f41138d592) Importer(815301076,1909f56bfc062723c751e8b465ee728b)
Start importing Assets/Prefabs/UI/UIManager.prefab using Guid(cf58ca26d69faf147be346f41138d592) Importer(815301076,1909f56bfc062723c751e8b465ee728b) (PreviewImporter) -> (artifact id: '26dc69ec4e05fa22603431d8d55d1236') in 0.0017232 seconds
Number of updated asset objects reloaded before import = 0Number of asset objects unloaded after import = 7

========================================================================
Received Import Request.
  Time since last request: 0.573431 seconds.
  path: Assets/Prefabs/UI/UIManager.prefab
  artifactKey: Guid(cf58ca26d69faf147be346f41138d592) Importer(815301076,1909f56bfc062723c751e8b465ee728b)
Start importing Assets/Prefabs/UI/UIManager.prefab using Guid(cf58ca26d69faf147be346f41138d592) Importer(815301076,1909f56bfc062723c751e8b465ee728b) (PreviewImporter) -> (artifact id: '2b2b5a338e3b1caabd4f6fa0315bb5a5') in 0.0016608 seconds
Number of updated asset objects reloaded before import = 0Number of asset objects unloaded after import = 7

========================================================================
Received Import Request.
  Time since last request: 0.174025 seconds.
  path: Assets/Prefabs/UI/UIManager.prefab
  artifactKey: Guid(cf58ca26d69faf147be346f41138d592) Importer(815301076,1909f56bfc062723c751e8b465ee728b)
Start importing Assets/Prefabs/UI/UIManager.prefab using Guid(cf58ca26d69faf147be346f41138d592) Importer(815301076,1909f56bfc062723c751e8b465ee728b) (PreviewImporter) -> (artifact id: '673e66feda6f7470a4736dc39655e9be') in 0.0017303 seconds
Number of updated asset objects reloaded before import = 0Number of asset objects unloaded after import = 7

========================================================================
Received Import Request.
  Time since last request: 0.174476 seconds.
  path: Assets/Prefabs/UI/UIManager.prefab
  artifactKey: Guid(cf58ca26d69faf147be346f41138d592) Importer(815301076,1909f56bfc062723c751e8b465ee728b)
Start importing Assets/Prefabs/UI/UIManager.prefab using Guid(cf58ca26d69faf147be346f41138d592) Importer(815301076,1909f56bfc062723c751e8b465ee728b) (PreviewImporter) -> (artifact id: '49c2e55cd01278b200e4704c32d940cc') in 0.0015698 seconds
Number of updated asset objects reloaded before import = 0Number of asset objects unloaded after import = 7

========================================================================
Received Import Request.
  Time since last request: 3.802485 seconds.
  path: Assets/Prefabs/UI/UIManager.prefab
  artifactKey: Guid(cf58ca26d69faf147be346f41138d592) Importer(815301076,1909f56bfc062723c751e8b465ee728b)
Start importing Assets/Prefabs/UI/UIManager.prefab using Guid(cf58ca26d69faf147be346f41138d592) Importer(815301076,1909f56bfc062723c751e8b465ee728b) (PreviewImporter) -> (artifact id: 'fb47a99f1cc400be76a1655957f1f24b') in 0.0015568 seconds
Number of updated asset objects reloaded before import = 0Number of asset objects unloaded after import = 7

========================================================================
Received Import Request.
  Time since last request: 0.980040 seconds.
  path: Assets/Prefabs/UI/UIManager.prefab
  artifactKey: Guid(cf58ca26d69faf147be346f41138d592) Importer(815301076,1909f56bfc062723c751e8b465ee728b)
Start importing Assets/Prefabs/UI/UIManager.prefab using Guid(cf58ca26d69faf147be346f41138d592) Importer(815301076,1909f56bfc062723c751e8b465ee728b) (PreviewImporter) -> (artifact id: '853c95bbd426ffbb04c5bd0faf9eb974') in 0.0016074 seconds
Number of updated asset objects reloaded before import = 0Number of asset objects unloaded after import = 7

========================================================================
Received Import Request.
  Time since last request: 0.567794 seconds.
  path: Assets/Prefabs/UI/UIManager.prefab
  artifactKey: Guid(cf58ca26d69faf147be346f41138d592) Importer(815301076,1909f56bfc062723c751e8b465ee728b)
Start importing Assets/Prefabs/UI/UIManager.prefab using Guid(cf58ca26d69faf147be346f41138d592) Importer(815301076,1909f56bfc062723c751e8b465ee728b) (PreviewImporter) -> (artifact id: '864c659e89a7b0be009654e8a611fbaf') in 0.0015882 seconds
Number of updated asset objects reloaded before import = 0Number of asset objects unloaded after import = 7

========================================================================
Received Import Request.
  Time since last request: 0.189091 seconds.
  path: Assets/Prefabs/UI/UIManager.prefab
  artifactKey: Guid(cf58ca26d69faf147be346f41138d592) Importer(815301076,1909f56bfc062723c751e8b465ee728b)
Start importing Assets/Prefabs/UI/UIManager.prefab using Guid(cf58ca26d69faf147be346f41138d592) Importer(815301076,1909f56bfc062723c751e8b465ee728b) (PreviewImporter) -> (artifact id: '0c9109072c0f0cf23f6a2b7b8bec8e49') in 0.0015727 seconds
Number of updated asset objects reloaded before import = 0Number of asset objects unloaded after import = 7

========================================================================
Received Import Request.
  Time since last request: 0.160092 seconds.
  path: Assets/Prefabs/UI/UIManager.prefab
  artifactKey: Guid(cf58ca26d69faf147be346f41138d592) Importer(815301076,1909f56bfc062723c751e8b465ee728b)
Start importing Assets/Prefabs/UI/UIManager.prefab using Guid(cf58ca26d69faf147be346f41138d592) Importer(815301076,1909f56bfc062723c751e8b465ee728b) (PreviewImporter) -> (artifact id: 'a3cd71c3617cb898a9a5c567a41b72e5') in 0.0014883 seconds
Number of updated asset objects reloaded before import = 0Number of asset objects unloaded after import = 7

========================================================================
Received Import Request.
  Time since last request: 4.411971 seconds.
  path: Assets/Prefabs/UI/UIManager.prefab
  artifactKey: Guid(cf58ca26d69faf147be346f41138d592) Importer(815301076,1909f56bfc062723c751e8b465ee728b)
Start importing Assets/Prefabs/UI/UIManager.prefab using Guid(cf58ca26d69faf147be346f41138d592) Importer(815301076,1909f56bfc062723c751e8b465ee728b) (PreviewImporter) -> (artifact id: '4965de25ef2dc60cb3004fe2787dcf27') in 0.0015892 seconds
Number of updated asset objects reloaded before import = 0Number of asset objects unloaded after import = 7

========================================================================
Received Import Request.
  Time since last request: 1.574397 seconds.
  path: Assets/Prefabs/UI/UIManager.prefab
  artifactKey: Guid(cf58ca26d69faf147be346f41138d592) Importer(815301076,1909f56bfc062723c751e8b465ee728b)
Start importing Assets/Prefabs/UI/UIManager.prefab using Guid(cf58ca26d69faf147be346f41138d592) Importer(815301076,1909f56bfc062723c751e8b465ee728b) (PreviewImporter) -> (artifact id: '58d1df0d99ae4c81ee5de35058fe9499') in 0.0016357 seconds
Number of updated asset objects reloaded before import = 0Number of asset objects unloaded after import = 7

========================================================================
Received Import Request.
  Time since last request: 0.573529 seconds.
  path: Assets/Prefabs/UI/UIManager.prefab
  artifactKey: Guid(cf58ca26d69faf147be346f41138d592) Importer(815301076,1909f56bfc062723c751e8b465ee728b)
Start importing Assets/Prefabs/UI/UIManager.prefab using Guid(cf58ca26d69faf147be346f41138d592) Importer(815301076,1909f56bfc062723c751e8b465ee728b) (PreviewImporter) -> (artifact id: 'c16bfacfb66d62cc73656c786df51e02') in 0.0014872 seconds
Number of updated asset objects reloaded before import = 0Number of asset objects unloaded after import = 7

========================================================================
Received Import Request.
  Time since last request: 0.176400 seconds.
  path: Assets/Prefabs/UI/UIManager.prefab
  artifactKey: Guid(cf58ca26d69faf147be346f41138d592) Importer(815301076,1909f56bfc062723c751e8b465ee728b)
Start importing Assets/Prefabs/UI/UIManager.prefab using Guid(cf58ca26d69faf147be346f41138d592) Importer(815301076,1909f56bfc062723c751e8b465ee728b) (PreviewImporter) -> (artifact id: '441f6f2e034614e8997a0ec95643d8bd') in 0.0015435 seconds
Number of updated asset objects reloaded before import = 0Number of asset objects unloaded after import = 7

========================================================================
Received Import Request.
  Time since last request: 0.171424 seconds.
  path: Assets/Prefabs/UI/UIManager.prefab
  artifactKey: Guid(cf58ca26d69faf147be346f41138d592) Importer(815301076,1909f56bfc062723c751e8b465ee728b)
Start importing Assets/Prefabs/UI/UIManager.prefab using Guid(cf58ca26d69faf147be346f41138d592) Importer(815301076,1909f56bfc062723c751e8b465ee728b) (PreviewImporter) -> (artifact id: '80b98d996b17ed1e4eee51ac0edfc77c') in 0.0015379 seconds
Number of updated asset objects reloaded before import = 0Number of asset objects unloaded after import = 7

========================================================================
Received Import Request.
  Time since last request: 3.821243 seconds.
  path: Assets/Prefabs/UI/UIManager.prefab
  artifactKey: Guid(cf58ca26d69faf147be346f41138d592) Importer(815301076,1909f56bfc062723c751e8b465ee728b)
Start importing Assets/Prefabs/UI/UIManager.prefab using Guid(cf58ca26d69faf147be346f41138d592) Importer(815301076,1909f56bfc062723c751e8b465ee728b) (PreviewImporter) -> (artifact id: '5b8d57a91c46faa9156f2725d72bc0d7') in 0.0015792 seconds
Number of updated asset objects reloaded before import = 0Number of asset objects unloaded after import = 7

========================================================================
Received Import Request.
  Time since last request: 1.779600 seconds.
  path: Assets/Prefabs/UI/UIManager.prefab
  artifactKey: Guid(cf58ca26d69faf147be346f41138d592) Importer(815301076,1909f56bfc062723c751e8b465ee728b)
Start importing Assets/Prefabs/UI/UIManager.prefab using Guid(cf58ca26d69faf147be346f41138d592) Importer(815301076,1909f56bfc062723c751e8b465ee728b) (PreviewImporter) -> (artifact id: 'acfc3a4527005769d15706200e1b5389') in 0.0015883 seconds
Number of updated asset objects reloaded before import = 0Number of asset objects unloaded after import = 7

========================================================================
Received Import Request.
  Time since last request: 0.176721 seconds.
  path: Assets/Prefabs/UI/UIManager.prefab
  artifactKey: Guid(cf58ca26d69faf147be346f41138d592) Importer(815301076,1909f56bfc062723c751e8b465ee728b)
Start importing Assets/Prefabs/UI/UIManager.prefab using Guid(cf58ca26d69faf147be346f41138d592) Importer(815301076,1909f56bfc062723c751e8b465ee728b) (PreviewImporter) -> (artifact id: '3169f28cc533305452371804d143f193') in 0.001663 seconds
Number of updated asset objects reloaded before import = 0Number of asset objects unloaded after import = 7

========================================================================
Received Import Request.
  Time since last request: 0.373850 seconds.
  path: Assets/Prefabs/UI/UIManager.prefab
  artifactKey: Guid(cf58ca26d69faf147be346f41138d592) Importer(815301076,1909f56bfc062723c751e8b465ee728b)
Start importing Assets/Prefabs/UI/UIManager.prefab using Guid(cf58ca26d69faf147be346f41138d592) Importer(815301076,1909f56bfc062723c751e8b465ee728b) (PreviewImporter) -> (artifact id: '94913c553704071be6242dac8d1694ea') in 0.0016737 seconds
Number of updated asset objects reloaded before import = 0Number of asset objects unloaded after import = 7

========================================================================
Received Import Request.
  Time since last request: 24.557852 seconds.
  path: Assets/Prefabs/UI/UIManager.prefab
  artifactKey: Guid(cf58ca26d69faf147be346f41138d592) Importer(815301076,1909f56bfc062723c751e8b465ee728b)
Start importing Assets/Prefabs/UI/UIManager.prefab using Guid(cf58ca26d69faf147be346f41138d592) Importer(815301076,1909f56bfc062723c751e8b465ee728b) (PreviewImporter) -> (artifact id: '0128b4510a02436d93cbf9669630b11d') in 0.0015639 seconds
Number of updated asset objects reloaded before import = 0Number of asset objects unloaded after import = 7

========================================================================
Received Import Request.
  Time since last request: 2.380553 seconds.
  path: Assets/Prefabs/UI/UIManager.prefab
  artifactKey: Guid(cf58ca26d69faf147be346f41138d592) Importer(815301076,1909f56bfc062723c751e8b465ee728b)
Start importing Assets/Prefabs/UI/UIManager.prefab using Guid(cf58ca26d69faf147be346f41138d592) Importer(815301076,1909f56bfc062723c751e8b465ee728b) (PreviewImporter) -> (artifact id: '772e0938edcc84d2d2465f4d9ce61fde') in 0.0014765 seconds
Number of updated asset objects reloaded before import = 0Number of asset objects unloaded after import = 7

========================================================================
Received Import Request.
  Time since last request: 0.171920 seconds.
  path: Assets/Prefabs/UI/UIManager.prefab
  artifactKey: Guid(cf58ca26d69faf147be346f41138d592) Importer(815301076,1909f56bfc062723c751e8b465ee728b)
Start importing Assets/Prefabs/UI/UIManager.prefab using Guid(cf58ca26d69faf147be346f41138d592) Importer(815301076,1909f56bfc062723c751e8b465ee728b) (PreviewImporter) -> (artifact id: 'd238db6a9ae4966e506e8ad682ea999a') in 0.0016102 seconds
Number of updated asset objects reloaded before import = 0Number of asset objects unloaded after import = 7

========================================================================
Received Import Request.
  Time since last request: 0.173718 seconds.
  path: Assets/Prefabs/UI/UIManager.prefab
  artifactKey: Guid(cf58ca26d69faf147be346f41138d592) Importer(815301076,1909f56bfc062723c751e8b465ee728b)
Start importing Assets/Prefabs/UI/UIManager.prefab using Guid(cf58ca26d69faf147be346f41138d592) Importer(815301076,1909f56bfc062723c751e8b465ee728b) (PreviewImporter) -> (artifact id: 'fb1f5df30a299b13d28f9a03d23c7e09') in 0.0015102 seconds
Number of updated asset objects reloaded before import = 0Number of asset objects unloaded after import = 7

========================================================================
Received Import Request.
  Time since last request: 0.176989 seconds.
  path: Assets/Prefabs/UI/UIManager.prefab
  artifactKey: Guid(cf58ca26d69faf147be346f41138d592) Importer(815301076,1909f56bfc062723c751e8b465ee728b)
Start importing Assets/Prefabs/UI/UIManager.prefab using Guid(cf58ca26d69faf147be346f41138d592) Importer(815301076,1909f56bfc062723c751e8b465ee728b) (PreviewImporter) -> (artifact id: '2b508ddfc1b2cdd7cfc992cdbb3f0c1a') in 0.0016358 seconds
Number of updated asset objects reloaded before import = 0Number of asset objects unloaded after import = 7

========================================================================
Received Import Request.
  Time since last request: 3.611399 seconds.
  path: Assets/Prefabs/UI/UIManager.prefab
  artifactKey: Guid(cf58ca26d69faf147be346f41138d592) Importer(815301076,1909f56bfc062723c751e8b465ee728b)
Start importing Assets/Prefabs/UI/UIManager.prefab using Guid(cf58ca26d69faf147be346f41138d592) Importer(815301076,1909f56bfc062723c751e8b465ee728b) (PreviewImporter) -> (artifact id: '6a15af3fd89ccdade9712cca2c2996a3') in 0.0017029 seconds
Number of updated asset objects reloaded before import = 0Number of asset objects unloaded after import = 7

========================================================================
Received Import Request.
  Time since last request: 2.185357 seconds.
  path: Assets/Prefabs/UI/UIManager.prefab
  artifactKey: Guid(cf58ca26d69faf147be346f41138d592) Importer(815301076,1909f56bfc062723c751e8b465ee728b)
Start importing Assets/Prefabs/UI/UIManager.prefab using Guid(cf58ca26d69faf147be346f41138d592) Importer(815301076,1909f56bfc062723c751e8b465ee728b) (PreviewImporter) -> (artifact id: '455842bc5736f79d5131276328b058a5') in 0.0019055 seconds
Number of updated asset objects reloaded before import = 0Number of asset objects unloaded after import = 7

========================================================================
Received Import Request.
  Time since last request: 0.170640 seconds.
  path: Assets/Prefabs/UI/UIManager.prefab
  artifactKey: Guid(cf58ca26d69faf147be346f41138d592) Importer(815301076,1909f56bfc062723c751e8b465ee728b)
Start importing Assets/Prefabs/UI/UIManager.prefab using Guid(cf58ca26d69faf147be346f41138d592) Importer(815301076,1909f56bfc062723c751e8b465ee728b) (PreviewImporter) -> (artifact id: 'eb50208d74034bc81c41ebd50981b8ad') in 0.0015332 seconds
Number of updated asset objects reloaded before import = 0Number of asset objects unloaded after import = 7

========================================================================
Received Import Request.
  Time since last request: 0.174686 seconds.
  path: Assets/Prefabs/UI/UIManager.prefab
  artifactKey: Guid(cf58ca26d69faf147be346f41138d592) Importer(815301076,1909f56bfc062723c751e8b465ee728b)
Start importing Assets/Prefabs/UI/UIManager.prefab using Guid(cf58ca26d69faf147be346f41138d592) Importer(815301076,1909f56bfc062723c751e8b465ee728b) (PreviewImporter) -> (artifact id: '062828ab09de1ac11b5831a3186418f1') in 0.0016593 seconds
Number of updated asset objects reloaded before import = 0Number of asset objects unloaded after import = 7

========================================================================
Received Import Request.
  Time since last request: 0.171634 seconds.
  path: Assets/Prefabs/UI/UIManager.prefab
  artifactKey: Guid(cf58ca26d69faf147be346f41138d592) Importer(815301076,1909f56bfc062723c751e8b465ee728b)
Start importing Assets/Prefabs/UI/UIManager.prefab using Guid(cf58ca26d69faf147be346f41138d592) Importer(815301076,1909f56bfc062723c751e8b465ee728b) (PreviewImporter) -> (artifact id: 'a2cc4ba23addc20198ef0f7c023591b4') in 0.001526 seconds
Number of updated asset objects reloaded before import = 0Number of asset objects unloaded after import = 7

========================================================================
Received Import Request.
  Time since last request: 4.334647 seconds.
  path: Assets/Prefabs/UI/UIManager.prefab
  artifactKey: Guid(cf58ca26d69faf147be346f41138d592) Importer(815301076,1909f56bfc062723c751e8b465ee728b)
Start importing Assets/Prefabs/UI/UIManager.prefab using Guid(cf58ca26d69faf147be346f41138d592) Importer(815301076,1909f56bfc062723c751e8b465ee728b) (PreviewImporter) -> (artifact id: '9000e35a2365b2850e48d4aac84b3c23') in 0.0015236 seconds
Number of updated asset objects reloaded before import = 0Number of asset objects unloaded after import = 7

========================================================================
Received Import Request.
  Time since last request: 1.171964 seconds.
  path: Assets/Prefabs/UI/UIManager.prefab
  artifactKey: Guid(cf58ca26d69faf147be346f41138d592) Importer(815301076,1909f56bfc062723c751e8b465ee728b)
Start importing Assets/Prefabs/UI/UIManager.prefab using Guid(cf58ca26d69faf147be346f41138d592) Importer(815301076,1909f56bfc062723c751e8b465ee728b) (PreviewImporter) -> (artifact id: '49ab42411fe1d67631afdd7b5fa5a69a') in 0.0016604 seconds
Number of updated asset objects reloaded before import = 0Number of asset objects unloaded after import = 7

========================================================================
Received Import Request.
  Time since last request: 0.375667 seconds.
  path: Assets/Prefabs/UI/UIManager.prefab
  artifactKey: Guid(cf58ca26d69faf147be346f41138d592) Importer(815301076,1909f56bfc062723c751e8b465ee728b)
Start importing Assets/Prefabs/UI/UIManager.prefab using Guid(cf58ca26d69faf147be346f41138d592) Importer(815301076,1909f56bfc062723c751e8b465ee728b) (PreviewImporter) -> (artifact id: '24792c2b1cc93e1a57e4e4010e94a456') in 0.0015536 seconds
Number of updated asset objects reloaded before import = 0Number of asset objects unloaded after import = 7

========================================================================
Received Import Request.
  Time since last request: 0.172909 seconds.
  path: Assets/Prefabs/UI/UIManager.prefab
  artifactKey: Guid(cf58ca26d69faf147be346f41138d592) Importer(815301076,1909f56bfc062723c751e8b465ee728b)
Start importing Assets/Prefabs/UI/UIManager.prefab using Guid(cf58ca26d69faf147be346f41138d592) Importer(815301076,1909f56bfc062723c751e8b465ee728b) (PreviewImporter) -> (artifact id: '8c7f4ab3dbef35a310f2fe4c943fba11') in 0.0015544 seconds
Number of updated asset objects reloaded before import = 0Number of asset objects unloaded after import = 7

========================================================================
Received Import Request.
  Time since last request: 0.172630 seconds.
  path: Assets/Prefabs/UI/UIManager.prefab
  artifactKey: Guid(cf58ca26d69faf147be346f41138d592) Importer(815301076,1909f56bfc062723c751e8b465ee728b)
Start importing Assets/Prefabs/UI/UIManager.prefab using Guid(cf58ca26d69faf147be346f41138d592) Importer(815301076,1909f56bfc062723c751e8b465ee728b) (PreviewImporter) -> (artifact id: '1ff997b2e281204d09b1a30256bf4d9d') in 0.0015855 seconds
Number of updated asset objects reloaded before import = 0Number of asset objects unloaded after import = 7

========================================================================
Received Import Request.
  Time since last request: 0.174457 seconds.
  path: Assets/Prefabs/UI/UIManager.prefab
  artifactKey: Guid(cf58ca26d69faf147be346f41138d592) Importer(815301076,1909f56bfc062723c751e8b465ee728b)
Start importing Assets/Prefabs/UI/UIManager.prefab using Guid(cf58ca26d69faf147be346f41138d592) Importer(815301076,1909f56bfc062723c751e8b465ee728b) (PreviewImporter) -> (artifact id: '1e25d57af093f4c42726981559e7ccfa') in 0.0015281 seconds
Number of updated asset objects reloaded before import = 0Number of asset objects unloaded after import = 7

========================================================================
Received Import Request.
  Time since last request: 1.784836 seconds.
  path: Assets/Prefabs/UI/UIManager.prefab
  artifactKey: Guid(cf58ca26d69faf147be346f41138d592) Importer(815301076,1909f56bfc062723c751e8b465ee728b)
Start importing Assets/Prefabs/UI/UIManager.prefab using Guid(cf58ca26d69faf147be346f41138d592) Importer(815301076,1909f56bfc062723c751e8b465ee728b) (PreviewImporter) -> (artifact id: '10f0a1d8990003c99418e71bc4c2a820') in 0.0015497 seconds
Number of updated asset objects reloaded before import = 0Number of asset objects unloaded after import = 7

========================================================================
Received Import Request.
  Time since last request: 56.628939 seconds.
  path: Assets/Prefabs/UI/ItemSlot.prefab
  artifactKey: Guid(8e7c29890627698459e8cf7eb43db9a4) Importer(815301076,1909f56bfc062723c751e8b465ee728b)
Start importing Assets/Prefabs/UI/ItemSlot.prefab using Guid(8e7c29890627698459e8cf7eb43db9a4) Importer(815301076,1909f56bfc062723c751e8b465ee728b) (PreviewImporter) -> (artifact id: 'c2233ce8ef9dbb434dea0d75cc5c39f1') in 0.1322305 seconds
Number of updated asset objects reloaded before import = 0Number of asset objects unloaded after import = 35

========================================================================
Received Import Request.
  Time since last request: 20.269359 seconds.
  path: Assets/Prefabs/UI/ItemSlot.prefab
  artifactKey: Guid(8e7c29890627698459e8cf7eb43db9a4) Importer(815301076,1909f56bfc062723c751e8b465ee728b)
Start importing Assets/Prefabs/UI/ItemSlot.prefab using Guid(8e7c29890627698459e8cf7eb43db9a4) Importer(815301076,1909f56bfc062723c751e8b465ee728b) (PreviewImporter) -> (artifact id: 'badef6ea6a9b013cd2f3909c5194a375') in 0.1211264 seconds
Number of updated asset objects reloaded before import = 0Number of asset objects unloaded after import = 41

========================================================================
Received Import Request.
  Time since last request: 251.614292 seconds.
  path: Assets/Scripts/Singleton/GameManager.cs
  artifactKey: Guid(b551999748a58114a993a182b020341e) Importer(2089858483,192608db42251d675da83286b1cce702)
Start importing Assets/Scripts/Singleton/GameManager.cs using Guid(b551999748a58114a993a182b020341e) Importer(2089858483,192608db42251d675da83286b1cce702) (ScriptedImporter) -> (artifact id: '5f298bb2712a9d363f367071e70dd72a') in 0.1485679 seconds
Number of updated asset objects reloaded before import = 0Number of asset objects unloaded after import = 0

========================================================================
Received Import Request.
  Time since last request: 0.000018 seconds.
  path: Assets/Prefabs/UI/ItemInfo.prefab
  artifactKey: Guid(695506f7a2a30a34289c41534a71bdd8) Importer(2089858483,192608db42251d675da83286b1cce702)
Start importing Assets/Prefabs/UI/ItemInfo.prefab using Guid(695506f7a2a30a34289c41534a71bdd8) Importer(2089858483,192608db42251d675da83286b1cce702) (ScriptedImporter) -> (artifact id: '5245339dce3d84d4d0e9769b4b0ec475') in 0.19579 seconds
Number of updated asset objects reloaded before import = 0Number of asset objects unloaded after import = 92

========================================================================
Received Import Request.
  Time since last request: 0.000031 seconds.
  path: Assets/Scripts/UI/Iteminfo.cs
  artifactKey: Guid(ad47d1b9e7b23974eb7a7c7b02420a75) Importer(2089858483,192608db42251d675da83286b1cce702)
Start importing Assets/Scripts/UI/Iteminfo.cs using Guid(ad47d1b9e7b23974eb7a7c7b02420a75) Importer(2089858483,192608db42251d675da83286b1cce702) (ScriptedImporter) -> (artifact id: '8c20999f0ef3cf2a665394b3154545e1') in 0.0088082 seconds
Number of updated asset objects reloaded before import = 0Number of asset objects unloaded after import = 0

========================================================================
Received Import Request.
  Time since last request: 0.000012 seconds.
  path: Assets/Scripts/Data/ItemData.cs
  artifactKey: Guid(1a2fddc1240ee1a4ebf356df2b79a49a) Importer(2089858483,192608db42251d675da83286b1cce702)
Start importing Assets/Scripts/Data/ItemData.cs using Guid(1a2fddc1240ee1a4ebf356df2b79a49a) Importer(2089858483,192608db42251d675da83286b1cce702) (ScriptedImporter) -> (artifact id: '86aaf69fa09a5360e91f1f0f7b854e9e') in 0.010093 seconds
Number of updated asset objects reloaded before import = 0Number of asset objects unloaded after import = 0

========================================================================
Received Import Request.
  Time since last request: 0.000013 seconds.
  path: Assets/Scripts/Data/EquipItems/Sword/PracticalSword.asset
  artifactKey: Guid(d13c915f408e67847983b6ff31d29bb9) Importer(2089858483,192608db42251d675da83286b1cce702)
Start importing Assets/Scripts/Data/EquipItems/Sword/PracticalSword.asset using Guid(d13c915f408e67847983b6ff31d29bb9) Importer(2089858483,192608db42251d675da83286b1cce702) (ScriptedImporter) -> (artifact id: 'fc1efcc4617d7e5213f01c83fab0eefb') in 0.0141975 seconds
Number of updated asset objects reloaded before import = 0Number of asset objects unloaded after import = 2

========================================================================
Received Import Request.
  Time since last request: 0.000019 seconds.
  path: Assets/Sprites/UI/sprItemInfoButton.png
  artifactKey: Guid(30d0ff3ff2476794f802b49e437599d1) Importer(2089858483,192608db42251d675da83286b1cce702)
Start importing Assets/Sprites/UI/sprItemInfoButton.png using Guid(30d0ff3ff2476794f802b49e437599d1) Importer(2089858483,192608db42251d675da83286b1cce702) (ScriptedImporter) -> (artifact id: '556b650664f147629a89633e3ab0ab96') in 0.0382286 seconds
Number of updated asset objects reloaded before import = 0Number of asset objects unloaded after import = 3

========================================================================
Received Import Request.
  Time since last request: 0.000016 seconds.
  path: Assets/Scripts/Data/ItemInstance.cs
  artifactKey: Guid(df62d3d4acb71f34f9d06d6625f6310b) Importer(2089858483,192608db42251d675da83286b1cce702)
Start importing Assets/Scripts/Data/ItemInstance.cs using Guid(df62d3d4acb71f34f9d06d6625f6310b) Importer(2089858483,192608db42251d675da83286b1cce702) (ScriptedImporter) -> (artifact id: '4195456f6dfc286cc8b30438275768a0') in 0.0105411 seconds
Number of updated asset objects reloaded before import = 0Number of asset objects unloaded after import = 0

========================================================================
Received Import Request.
  Time since last request: 0.000015 seconds.
  path: Assets/Prefabs/UI/ItemSlot.prefab
  artifactKey: Guid(8e7c29890627698459e8cf7eb43db9a4) Importer(2089858483,192608db42251d675da83286b1cce702)
Start importing Assets/Prefabs/UI/ItemSlot.prefab using Guid(8e7c29890627698459e8cf7eb43db9a4) Importer(2089858483,192608db42251d675da83286b1cce702) (ScriptedImporter) -> (artifact id: 'b45c4bfddf36ab0c21b9cbab13fa421a') in 0.1336587 seconds
Number of updated asset objects reloaded before import = 0Number of asset objects unloaded after import = 35

========================================================================
Received Prepare
Refreshing native plugins compatible for Editor in 2.97 ms, found 4 plugins.
Preloading 0 native plugins for Editor in 0.00 ms.
Unloading 13 Unused Serialized files (Serialized files now loaded: 0)
Unloading 6764 unused Assets / (4.1 MB). Loaded Objects now: 7556.
Memory consumption went from 145.2 MB to 141.1 MB.
Total: 22.660700 ms (FindLiveObjects: 3.567400 ms CreateObjectMapping: 7.637100 ms MarkObjects: 8.613400 ms  DeleteObjects: 2.841600 ms)

Prepare: number of updated asset objects reloaded= 0
========================================================================
Received Prepare
Begin MonoManager ReloadAssembly
[Licensing::Client] Successfully resolved entitlement details
- Loaded All Assemblies, in  0.618 seconds
Refreshing native plugins compatible for Editor in 0.93 ms, found 4 plugins.
Native extension for WindowsStandalone target not found
[Package Manager] Failed to launch server process. Reason: Unity was launched with the -noUpm command-line argument
[Package Manager] Unable to send message (not connected to server process).
[Package Manager] Cannot connect to Unity Package Manager local server
Mono: successfully reloaded assembly
- Finished resetting the current domain, in  0.519 seconds
Domain Reload Profiling: 1138ms
	BeginReloadAssembly (196ms)
		ExecutionOrderSort (0ms)
		DisableScriptedObjects (10ms)
		BackupInstance (0ms)
		ReleaseScriptingObjects (0ms)
		CreateAndSetChildDomain (65ms)
	RebuildCommonClasses (32ms)
	RebuildNativeTypeToScriptingClass (14ms)
	initialDomainReloadingComplete (28ms)
	LoadAllAssembliesAndSetupDomain (348ms)
		LoadAssemblies (273ms)
		RebuildTransferFunctionScriptingTraits (0ms)
		AnalyzeDomain (154ms)
			TypeCache.Refresh (7ms)
				TypeCache.ScanAssembly (0ms)
			BuildScriptInfoCaches (133ms)
			ResolveRequiredComponents (9ms)
	FinalizeReload (519ms)
		ReleaseScriptCaches (0ms)
		RebuildScriptCaches (0ms)
		SetupLoadedEditorAssemblies (408ms)
			LogAssemblyErrors (0ms)
			InitializePlatformSupportModulesInManaged (1ms)
			SetLoadedEditorAssemblies (2ms)
			BeforeProcessingInitializeOnLoad (101ms)
			ProcessInitializeOnLoadAttributes (255ms)
			ProcessInitializeOnLoadMethodAttributes (44ms)
			AfterProcessingInitializeOnLoad (4ms)
			EditorAssembliesLoaded (0ms)
		ExecutionOrderSort2 (0ms)
		AwakeInstancesAfterBackupRestoration (11ms)
Refreshing native plugins compatible for Editor in 1.79 ms, found 4 plugins.
Preloading 0 native plugins for Editor in 0.00 ms.
Unloading 13 Unused Serialized files (Serialized files now loaded: 0)
Unloading 6773 unused Assets / (4.3 MB). Loaded Objects now: 7559.
Memory consumption went from 144.7 MB to 140.5 MB.
Total: 10.581100 ms (FindLiveObjects: 1.153900 ms CreateObjectMapping: 0.532400 ms MarkObjects: 6.064800 ms  DeleteObjects: 2.829100 ms)

Prepare: number of updated asset objects reloaded= 0
Editor requested this worker to shutdown with reason: Scaling down because of idle timeout
AssetImportWorker is now disconnected from the server
Process exiting
Exiting without the bug reporter. Application will terminate with return code 0